Date,Open,High,Low,Close,Adj Close,Volume
2015-01-02,39.099998474121094,39.279998779296875,38.63999938964844,39.20000076293945,26.91959571838379,2354900
2015-01-05,39.0,39.06999969482422,38.0099983215332,38.150001525878906,26.19853401184082,3065900
2015-01-06,38.31999969482422,38.7599983215332,38.130001068115234,38.349998474121094,26.335880279541016,3676400
2015-01-07,38.41999816894531,38.95000076293945,38.189998626708984,38.66999816894531,26.555631637573242,2374400
2015-01-08,38.81999969482422,39.16999816894531,38.70000076293945,39.02000045776367,26.79598045349121,2114400
2015-01-09,39.08000183105469,39.18000030517578,38.540000915527344,38.970001220703125,26.761655807495117,3185800
2015-01-12,38.959999084472656,39.18000030517578,38.220001220703125,38.459999084472656,26.41142463684082,3076100
2015-01-13,37.97999954223633,39.189998626708984,37.93000030517578,38.630001068115234,26.528165817260742,3724800
2015-01-14,38.540000915527344,39.599998474121094,38.36000061035156,39.54999923706055,27.15994644165039,4423400
2015-01-15,39.7400016784668,40.27000045776367,39.58000183105469,39.93000030517578,27.420902252197266,5361400
2015-01-16,39.970001220703125,41.0,39.810001373291016,40.91999816894531,28.10076332092285,3786100
2015-01-20,40.97999954223633,41.0,40.41999816894531,40.959999084472656,28.128219604492188,2661000
2015-01-21,40.77000045776367,41.47999954223633,40.560001373291016,41.29999923706055,28.36171531677246,2598600
2015-01-22,41.459999084472656,41.68000030517578,40.599998474121094,40.880001068115234,28.07329750061035,2469900
2015-01-23,40.9900016784668,41.540000915527344,40.849998474121094,41.22999954223633,28.313650131225586,1830000
2015-01-26,41.119998931884766,41.439998626708984,40.90999984741211,41.349998474121094,28.396055221557617,1725900
2015-01-27,41.189998626708984,41.59000015258789,41.11000061035156,41.130001068115234,28.24497413635254,1749800
2015-01-28,41.18000030517578,41.54999923706055,40.63999938964844,40.7400016784668,27.977153778076172,2628100
2015-01-29,40.65999984741211,41.56999969482422,40.4900016784668,41.369998931884766,28.409780502319336,3192200
2015-01-30,41.130001068115234,41.290000915527344,40.29999923706055,40.33000183105469,27.695598602294922,3144400
2015-02-02,40.380001068115234,40.650001525878906,39.88999938964844,40.349998474121094,27.70932960510254,2946700
2015-02-03,40.25,40.529998779296875,39.93000030517578,40.439998626708984,27.771137237548828,2697900
2015-02-04,39.970001220703125,40.43000030517578,39.779998779296875,40.15999984741211,27.82657241821289,4782900
2015-02-05,40.33000183105469,41.22999954223633,40.029998779296875,41.029998779296875,28.42938232421875,3836200
2015-02-06,40.90999984741211,40.90999984741211,38.75,38.939998626708984,26.98124122619629,4616100
2015-02-09,38.939998626708984,38.939998626708984,37.77000045776367,37.95000076293945,26.295276641845703,3225800
2015-02-10,37.959999084472656,38.72999954223633,37.810001373291016,38.619998931884766,26.759504318237305,2548900
2015-02-11,38.33000183105469,38.369998931884766,37.470001220703125,37.54999923706055,26.018108367919922,2872100
2015-02-12,37.59000015258789,37.68000030517578,37.060001373291016,37.16999816894531,25.754810333251953,3324900
2015-02-13,37.04999923706055,37.41999816894531,36.72999954223633,37.22999954223633,25.796388626098633,4170100
2015-02-17,37.11000061035156,37.63999938964844,36.619998931884766,36.93000030517578,25.588520050048828,5519000
2015-02-18,36.150001525878906,36.2400016784668,34.68000030517578,36.11000061035156,25.020349502563477,11024900
2015-02-19,36.36000061035156,36.45000076293945,36.0099983215332,36.22999954223633,25.103500366210938,3284400
2015-02-20,36.189998626708984,36.27000045776367,35.56999969482422,35.849998474121094,24.840190887451172,5105200
2015-02-23,35.959999084472656,36.150001525878906,35.56999969482422,35.599998474121094,24.66697883605957,4354700
2015-02-24,35.63999938964844,36.279998779296875,35.58000183105469,36.06999969482422,24.99263572692871,3898200
2015-02-25,36.029998779296875,36.56999969482422,35.77000045776367,35.849998474121094,24.840190887451172,5528400
2015-02-26,36.0,36.040000915527344,35.560001373291016,35.61000061035156,24.673898696899414,3199200
2015-02-27,35.54999923706055,35.599998474121094,34.93000030517578,34.97999954223633,24.23738670349121,4962100
2015-03-02,35.20000076293945,35.20000076293945,34.16999816894531,34.290000915527344,23.759286880493164,3374400
2015-03-03,34.58000183105469,34.58000183105469,34.02000045776367,34.36000061035156,23.807790756225586,2217700
2015-03-04,34.209999084472656,34.380001068115234,34.099998474121094,34.310001373291016,23.77314567565918,3277200
2015-03-05,34.4900016784668,34.83000183105469,34.45000076293945,34.75,24.078012466430664,4385000
2015-03-06,34.29999923706055,34.29999923706055,33.81999969482422,34.099998474121094,23.627639770507812,4500500
2015-03-09,34.060001373291016,34.40999984741211,33.97999954223633,34.150001525878906,23.66228485107422,3252800
2015-03-10,34.08000183105469,34.650001525878906,33.959999084472656,34.400001525878906,23.83550262451172,3647300
2015-03-11,34.34000015258789,34.470001220703125,34.040000915527344,34.16999816894531,23.676137924194336,2806000
2015-03-12,34.400001525878906,35.34000015258789,34.31999969482422,35.150001525878906,24.355175018310547,4105000
2015-03-13,34.9900016784668,35.0,34.130001068115234,34.599998474121094,23.974082946777344,4218900
2015-03-16,34.75,35.369998931884766,34.66999816894531,35.11000061035156,24.327457427978516,3319900
2015-03-17,35.0,35.34000015258789,34.88999938964844,35.060001373291016,24.292814254760742,3346700
2015-03-18,35.06999969482422,36.310001373291016,35.0,36.11000061035156,25.020349502563477,4647200
2015-03-19,35.970001220703125,36.43000030517578,35.650001525878906,35.939998626708984,24.902563095092773,3264800
2015-03-20,36.130001068115234,36.45000076293945,35.9900016784668,36.380001068115234,25.207427978515625,7294200
2015-03-23,36.380001068115234,36.56999969482422,36.27000045776367,36.380001068115234,25.207427978515625,1996700
2015-03-24,36.34000015258789,36.439998626708984,35.59000015258789,35.70000076293945,24.736263275146484,2757600
2015-03-25,35.720001220703125,35.95000076293945,34.880001068115234,34.91999816894531,24.19580841064453,3610500
2015-03-26,34.91999816894531,35.060001373291016,34.380001068115234,34.709999084472656,24.05030059814453,4458300
2015-03-27,34.650001525878906,35.0,34.439998626708984,34.63999938964844,24.001794815063477,4655400
2015-03-30,35.040000915527344,35.790000915527344,34.93000030517578,35.5099983215332,24.6046142578125,4214900
2015-03-31,35.470001220703125,35.68000030517578,34.7599983215332,35.060001373291016,24.292814254760742,4200600
2015-04-01,34.689998626708984,34.79999923706055,34.06999969482422,34.4900016784668,23.897869110107422,6073000
2015-04-02,34.4900016784668,35.45000076293945,34.459999084472656,35.34000015258789,24.486820220947266,3993100
2015-04-06,35.400001525878906,35.88999938964844,35.279998779296875,35.779998779296875,24.791702270507812,2914500
2015-04-07,36.029998779296875,36.209999084472656,35.77000045776367,35.810001373291016,24.81248664855957,3412500
2015-04-08,35.84000015258789,35.88999938964844,35.459999084472656,35.650001525878906,24.701623916625977,3241600
2015-04-09,35.56999969482422,35.86000061035156,35.220001220703125,35.709999084472656,24.743192672729492,3196100
2015-04-10,35.7400016784668,36.40999984741211,35.59000015258789,36.25,25.117351531982422,2966700
2015-04-13,35.97999954223633,36.060001373291016,35.66999816894531,35.689998626708984,24.729324340820312,2438600
2015-04-14,35.70000076293945,35.880001068115234,35.5,35.7400016784668,24.76398277282715,1974600
2015-04-15,35.810001373291016,36.15999984741211,35.720001220703125,35.7400016784668,24.76398277282715,1914400
2015-04-16,35.59000015258789,35.70000076293945,34.91999816894531,35.25,24.424457550048828,2833800
2015-04-17,35.029998779296875,35.380001068115234,34.959999084472656,35.06999969482422,24.299739837646484,1519600
2015-04-20,35.459999084472656,36.29999923706055,35.459999084472656,36.099998474121094,25.013423919677734,4196600
2015-04-21,36.15999984741211,36.45000076293945,35.189998626708984,35.4900016784668,24.590757369995117,2896800
2015-04-22,35.54999923706055,35.59000015258789,35.16999816894531,35.5,24.597679138183594,2674600
2015-04-23,35.47999954223633,35.869998931884766,35.45000076293945,35.599998474121094,24.66697883605957,2646800
2015-04-24,35.61000061035156,36.58000183105469,35.540000915527344,36.31999969482422,25.165857315063477,5399100
2015-04-27,36.45000076293945,36.59000015258789,35.95000076293945,36.2400016784668,25.110429763793945,2709900
2015-04-28,36.09000015258789,36.369998931884766,35.84000015258789,36.36000061035156,25.193571090698242,1986800
2015-04-29,36.09000015258789,36.45000076293945,35.83000183105469,36.34000015258789,25.17972183227539,1911000
2015-04-30,36.209999084472656,36.290000915527344,35.650001525878906,35.90999984741211,24.881771087646484,2794400
2015-05-01,36.09000015258789,36.5,35.90999984741211,36.25,25.117351531982422,3148600
2015-05-04,36.29999923706055,37.04999923706055,36.25,36.650001525878906,25.394502639770508,2655100
2015-05-05,36.150001525878906,36.2599983215332,35.189998626708984,35.310001373291016,24.708742141723633,2354500
2015-05-06,35.29999923706055,35.459999084472656,34.400001525878906,34.83000183105469,24.37285614013672,2795000
2015-05-07,35.0,35.13999938964844,34.689998626708984,34.75,24.316869735717773,2063400
2015-05-08,35.18000030517578,35.529998779296875,34.880001068115234,35.09000015258789,24.55479621887207,1649400
2015-05-11,35.0,35.5,34.88999938964844,34.939998626708984,24.449832916259766,1820300
2015-05-12,34.70000076293945,35.040000915527344,34.59000015258789,34.86000061035156,24.393848419189453,1796100
2015-05-13,34.90999984741211,35.11000061035156,34.369998931884766,34.540000915527344,24.16992950439453,1731800
2015-05-14,34.72999954223633,35.08000183105469,34.72999954223633,34.95000076293945,24.456829071044922,1868300
2015-05-15,35.060001373291016,35.529998779296875,35.0099983215332,35.2400016784668,24.659767150878906,2766000
2015-05-18,35.16999816894531,35.40999984741211,35.06999969482422,35.33000183105469,24.72274398803711,2078500
2015-05-19,35.16999816894531,35.59000015258789,35.040000915527344,35.5,24.841691970825195,2032700
2015-05-20,35.599998474121094,36.099998474121094,35.540000915527344,35.83000183105469,25.072622299194336,2867500
2015-05-21,35.81999969482422,36.15999984741211,35.689998626708984,35.91999816894531,25.135595321655273,3484300
2015-05-22,35.790000915527344,36.15999984741211,35.54999923706055,36.0099983215332,25.198575973510742,3409500
2015-05-26,36.0099983215332,36.02000045776367,35.4900016784668,35.75,25.016645431518555,1894100
2015-05-27,35.939998626708984,36.16999816894531,35.709999084472656,35.86000061035156,25.09361457824707,2272000
2015-05-28,35.869998931884766,36.27000045776367,35.84000015258789,36.06999969482422,25.240564346313477,2274800
2015-05-29,36.15999984741211,36.25,35.630001068115234,35.68000030517578,24.9676570892334,2950700
2015-06-01,35.810001373291016,35.900001525878906,35.400001525878906,35.599998474121094,24.91167449951172,2555300
2015-06-02,35.43000030517578,35.52000045776367,34.75,35.0099983215332,24.498809814453125,2156900
2015-06-03,35.0,35.150001525878906,34.2400016784668,34.47999954223633,24.12793731689453,2182900
2015-06-04,34.349998474121094,34.939998626708984,34.31999969482422,34.54999923706055,24.176916122436523,2506200
2015-06-05,34.150001525878906,34.43000030517578,33.880001068115234,34.400001525878906,24.071950912475586,2940800
2015-06-08,34.33000183105469,34.56999969482422,34.18000030517578,34.29999923706055,24.001976013183594,2041800
2015-06-09,34.20000076293945,34.349998474121094,33.880001068115234,33.91999816894531,23.736064910888672,2557000
2015-06-10,34.25,34.790000915527344,34.22999954223633,34.540000915527344,24.16992950439453,4708100
2015-06-11,34.7599983215332,34.84000015258789,34.20000076293945,34.52000045776367,24.15592384338379,2164800
2015-06-12,34.369998931884766,34.369998931884766,33.66999816894531,33.66999816894531,23.561126708984375,2492200
2015-06-15,33.61000061035156,33.65999984741211,33.16999816894531,33.290000915527344,23.29521942138672,2736200
2015-06-16,33.290000915527344,33.40999984741211,33.0,33.36000061035156,23.344196319580078,1910800
2015-06-17,33.349998474121094,33.619998931884766,32.97999954223633,33.43000030517578,23.39318084716797,3586500
2015-06-18,33.5099983215332,34.13999938964844,33.5,34.040000915527344,23.820037841796875,3111300
2015-06-19,34.02000045776367,34.2400016784668,33.75,33.79999923706055,23.652095794677734,3378100
2015-06-22,33.95000076293945,34.060001373291016,33.630001068115234,33.689998626708984,23.57512092590332,2041300
2015-06-23,33.7599983215332,33.790000915527344,33.16999816894531,33.27000045776367,23.281217575073242,2537600
2015-06-24,33.25,33.349998474121094,33.0,33.0,23.092281341552734,2059700
2015-06-25,33.040000915527344,33.13999938964844,32.83000183105469,32.86000061035156,22.994314193725586,2219400
2015-06-26,32.86000061035156,33.04999923706055,32.56999969482422,32.75,22.91734504699707,2285200
2015-06-29,32.68000030517578,33.380001068115234,32.59000015258789,32.61000061035156,22.81937026977539,2493200
2015-06-30,32.689998626708984,32.810001373291016,32.459999084472656,32.54999923706055,22.777387619018555,2313500
2015-07-01,32.65999984741211,32.83000183105469,32.529998779296875,32.810001373291016,22.95932960510254,1796100
2015-07-02,33.09000015258789,33.40999984741211,32.959999084472656,33.209999084472656,23.239233016967773,1411100
2015-07-06,33.13999938964844,33.52000045776367,32.869998931884766,33.310001373291016,23.309207916259766,1944200
2015-07-07,33.43000030517578,34.18000030517578,33.38999938964844,34.060001373291016,23.83403968811035,2727200
2015-07-08,33.88999938964844,34.15999984741211,33.709999084472656,33.790000915527344,23.64510154724121,2412300
2015-07-09,33.90999984741211,34.13999938964844,33.33000183105469,33.470001220703125,23.421175003051758,1615700
2015-07-10,33.630001068115234,33.93000030517578,33.41999816894531,33.65999984741211,23.55412483215332,1477500
2015-07-13,33.779998779296875,33.84000015258789,33.43000030517578,33.66999816894531,23.561126708984375,1555100
2015-07-14,33.66999816894531,33.880001068115234,33.439998626708984,33.619998931884766,23.526140213012695,1471400
2015-07-15,33.54999923706055,33.869998931884766,33.43000030517578,33.86000061035156,23.69407844543457,1690100
2015-07-16,33.900001525878906,34.72999954223633,33.790000915527344,34.689998626708984,24.274887084960938,3000700
2015-07-17,34.560001373291016,34.599998474121094,34.27000045776367,34.400001525878906,24.071950912475586,2069000
2015-07-20,34.400001525878906,34.41999816894531,33.7599983215332,33.970001220703125,23.771053314208984,1858600
2015-07-21,33.86000061035156,33.95000076293945,33.189998626708984,33.279998779296875,23.288219451904297,1900800
2015-07-22,33.369998931884766,33.61000061035156,33.189998626708984,33.31999969482422,23.31620216369629,2148000
2015-07-23,32.900001525878906,32.970001220703125,32.099998474121094,32.31999969482422,22.61644172668457,4774800
2015-07-24,32.349998474121094,32.52000045776367,32.2599983215332,32.290000915527344,22.59544563293457,2119700
2015-07-27,32.2400016784668,32.93000030517578,32.2400016784668,32.75,22.91734504699707,1457600
2015-07-28,32.72999954223633,32.900001525878906,32.540000915527344,32.79999923706055,22.952327728271484,2090400
2015-07-29,32.70000076293945,32.810001373291016,32.31999969482422,32.61000061035156,22.81937026977539,2382500
2015-07-30,32.47999954223633,32.9900016784668,32.45000076293945,32.959999084472656,23.06429100036621,2516700
2015-07-31,33.150001525878906,34.119998931884766,33.150001525878906,33.959999084472656,23.76405906677246,3450300
2015-08-03,34.02000045776367,34.470001220703125,33.939998626708984,34.43000030517578,24.092947006225586,2964400
2015-08-04,34.369998931884766,34.56999969482422,33.650001525878906,33.709999084472656,23.589113235473633,3115300
2015-08-05,33.4900016784668,33.939998626708984,33.470001220703125,33.560001373291016,23.73765754699707,2203300
2015-08-06,33.61000061035156,34.0,33.279998779296875,33.970001220703125,24.027652740478516,2660300
2015-08-07,33.93000030517578,34.599998474121094,33.7400016784668,34.2599983215332,24.23277473449707,2765600
2015-08-10,34.31999969482422,34.540000915527344,34.029998779296875,34.130001068115234,24.140823364257812,1855100
2015-08-11,34.130001068115234,34.650001525878906,34.130001068115234,34.189998626708984,24.183265686035156,2166400
2015-08-12,34.13999938964844,34.65999984741211,34.0099983215332,34.61000061035156,24.4803409576416,3557800
2015-08-13,34.470001220703125,34.540000915527344,34.20000076293945,34.45000076293945,24.36716651916504,2394500
2015-08-14,34.439998626708984,34.790000915527344,34.31999969482422,34.790000915527344,24.607662200927734,3647700
2015-08-17,34.81999969482422,35.09000015258789,34.720001220703125,34.869998931884766,24.66423988342285,2633900
2015-08-18,34.72999954223633,34.86000061035156,34.43000030517578,34.650001525878906,24.508634567260742,3120200
2015-08-19,34.52000045776367,35.04999923706055,34.43000030517578,34.880001068115234,24.671310424804688,2838500
2015-08-20,34.63999938964844,34.97999954223633,34.34000015258789,34.380001068115234,24.317657470703125,3124300
2015-08-21,34.27000045776367,34.529998779296875,33.900001525878906,33.9900016784668,24.041799545288086,4225700
2015-08-24,32.720001220703125,33.869998931884766,32.5099983215332,32.7400016784668,23.15765380859375,7278000
2015-08-25,33.45000076293945,33.4900016784668,31.709999084472656,31.719999313354492,22.436187744140625,4958100
2015-08-26,32.150001525878906,32.2599983215332,31.469999313354492,32.13999938964844,22.73325538635254,5280700
2015-08-27,32.400001525878906,32.52000045776367,32.02000045776367,32.5099983215332,22.994964599609375,4199600
2015-08-28,32.400001525878906,32.5,31.899999618530273,32.4900016784668,22.980819702148438,3852200
2015-08-31,32.34000015258789,32.38999938964844,31.530000686645508,31.959999084472656,22.605945587158203,3672700
2015-09-01,31.700000762939453,32.13999938964844,30.760000228881836,30.979999542236328,21.91276741027832,3378100
2015-09-02,31.280000686645508,31.440000534057617,30.34000015258789,30.860000610351562,21.827890396118164,6401400
2015-09-03,30.93000030517578,31.309999465942383,30.790000915527344,31.25,22.103744506835938,5387500
2015-09-04,30.899999618530273,31.030000686645508,30.479999542236328,30.59000015258789,21.636911392211914,2929300
2015-09-08,31.020000457763672,31.219999313354492,30.81999969482422,31.18000030517578,22.054231643676758,2997900
2015-09-09,31.389999389648438,31.43000030517578,30.719999313354492,30.780000686645508,21.771305084228516,3137900
2015-09-10,30.739999771118164,31.100000381469727,30.510000228881836,30.56999969482422,21.622772216796875,3680000
2015-09-11,30.610000610351562,30.760000228881836,30.459999084472656,30.59000015258789,21.636911392211914,4114300
2015-09-14,30.68000030517578,31.1200008392334,30.649999618530273,30.8799991607666,21.842037200927734,3766200
2015-09-15,30.93000030517578,31.34000015258789,30.649999618530273,31.190000534057617,22.061304092407227,3405900
2015-09-16,31.200000762939453,31.959999084472656,31.100000381469727,31.579999923706055,22.337156295776367,3499600
2015-09-17,31.579999923706055,32.16999816894531,31.450000762939453,31.719999313354492,22.436187744140625,3280900
2015-09-18,31.389999389648438,31.8799991607666,31.059999465942383,31.1299991607666,22.01886749267578,5285600
2015-09-21,31.25,31.56999969482422,31.170000076293945,31.350000381469727,22.17447853088379,3487700
2015-09-22,31.549999237060547,31.600000381469727,30.709999084472656,30.899999618530273,21.85618019104004,3982100
2015-09-23,30.950000762939453,31.030000686645508,30.450000762939453,30.469999313354492,21.552032470703125,3491800
2015-09-24,30.389999389648438,30.770000457763672,30.309999465942383,30.719999313354492,21.728864669799805,3214100
2015-09-25,30.790000915527344,31.290000915527344,30.469999313354492,31.040000915527344,21.9552059173584,3095500
2015-09-28,31.020000457763672,31.280000686645508,30.889999389648438,30.90999984741211,21.86325454711914,2465600
2015-09-29,30.940000534057617,31.1200008392334,30.639999389648438,30.829999923706055,21.806669235229492,1821800
2015-09-30,30.959999084472656,31.34000015258789,30.860000610351562,31.309999465942383,22.14618492126465,3293800
2015-10-01,31.360000610351562,31.489999771118164,30.280000686645508,30.59000015258789,21.636911392211914,2883000
2015-10-02,30.709999084472656,31.049999237060547,30.440000534057617,30.950000762939453,21.89155387878418,2324300
2015-10-05,31.049999237060547,31.829999923706055,31.049999237060547,31.600000381469727,22.351308822631836,4347700
2015-10-06,31.489999771118164,31.649999618530273,30.969999313354492,31.149999618530273,22.03300666809082,2415600
2015-10-07,31.200000762939453,31.360000610351562,30.969999313354492,31.030000686645508,21.948135375976562,3225100
2015-10-08,30.989999771118164,31.440000534057617,30.920000076293945,31.34000015258789,22.16740608215332,3548300
2015-10-09,31.350000381469727,31.559999465942383,31.239999771118164,31.559999465942383,22.32301139831543,4719500
2015-10-12,31.700000762939453,32.56999969482422,31.670000076293945,32.400001525878906,22.917165756225586,4878800
2015-10-13,32.5099983215332,32.65999984741211,32.209999084472656,32.33000183105469,22.86765480041504,4691700
2015-10-14,32.38999938964844,32.779998779296875,32.2400016784668,32.5,22.98789405822754,4124700
2015-10-15,32.63999938964844,32.869998931884766,32.459999084472656,32.7400016784668,23.15765380859375,4098300
2015-10-16,32.959999084472656,33.0,32.43000030517578,32.5,22.98789405822754,3238000
2015-10-19,32.58000183105469,32.63999938964844,32.06999969482422,32.220001220703125,22.789844512939453,3009700
2015-10-20,32.20000076293945,32.66999816894531,32.08000183105469,32.630001068115234,23.079845428466797,5134500
2015-10-21,32.68000030517578,32.810001373291016,32.189998626708984,32.2400016784668,22.803993225097656,2491600
2015-10-22,32.349998474121094,32.779998779296875,32.0099983215332,32.5099983215332,22.994964599609375,3555900
2015-10-23,32.5,32.54999923706055,31.6200008392334,31.670000076293945,22.400819778442383,2973300
2015-10-26,31.799999237060547,31.850000381469727,31.030000686645508,31.290000915527344,22.13204002380371,3580500
2015-10-27,31.280000686645508,31.389999389648438,30.889999389648438,31.190000534057617,22.061304092407227,2109400
2015-10-28,31.200000762939453,31.360000610351562,30.469999313354492,30.84000015258789,21.81374168395996,2504200
2015-10-29,30.739999771118164,30.860000610351562,30.139999389648438,30.81999969482422,21.79960060119629,2896800
2015-10-30,31.09000015258789,31.489999771118164,30.809999465942383,31.200000762939453,22.068384170532227,4703400
2015-11-02,31.209999084472656,31.329999923706055,30.709999084472656,31.15999984741211,22.040084838867188,3968600
2015-11-03,31.149999618530273,31.309999465942383,30.510000228881836,31.06999969482422,21.97642707824707,4411000
2015-11-04,30.670000076293945,31.09000015258789,30.6200008392334,30.989999771118164,22.176795959472656,4965400
2015-11-05,30.940000534057617,30.979999542236328,30.31999969482422,30.399999618530273,21.754587173461914,3051900
2015-11-06,30.010000228881836,30.079999923706055,29.049999237060547,29.290000915527344,20.96026039123535,4014400
2015-11-09,29.170000076293945,29.31999969482422,28.889999389648438,29.1200008392334,20.838603973388672,4137800
2015-11-10,29.15999984741211,29.739999771118164,29.1200008392334,29.479999542236328,21.096221923828125,2692400
2015-11-11,29.579999923706055,30.219999313354492,29.479999542236328,30.209999084472656,21.618619918823242,4753300
2015-11-12,30.1200008392334,30.649999618530273,30.059999465942383,30.15999984741211,21.582843780517578,5323900
2015-11-13,30.200000762939453,30.75,30.149999618530273,30.600000381469727,21.89771270751953,5315900
2015-11-16,30.540000915527344,30.75,30.270000457763672,30.440000534057617,21.78321647644043,2940600
2015-11-17,30.479999542236328,30.799999237060547,30.010000228881836,30.059999465942383,21.51127815246582,2805300
2015-11-18,30.059999465942383,30.479999542236328,29.6200008392334,30.40999984741211,21.761743545532227,5757100
2015-11-19,30.68000030517578,31.260000228881836,30.68000030517578,31.209999084472656,22.3342342376709,4304700
2015-11-20,31.329999923706055,31.520000457763672,30.8799991607666,31.489999771118164,22.534603118896484,4956800
2015-11-23,31.540000915527344,31.739999771118164,31.139999389648438,31.170000076293945,22.30561065673828,3412200
2015-11-24,31.0,31.270000457763672,30.84000015258789,31.15999984741211,22.29844856262207,2865100
2015-11-25,31.1299991607666,31.15999984741211,30.59000015258789,30.93000030517578,22.133861541748047,2950500
2015-11-27,30.950000762939453,31.290000915527344,30.899999618530273,31.149999618530273,22.291296005249023,1532800
2015-11-30,31.100000381469727,31.459999084472656,30.920000076293945,31.389999389648438,22.463043212890625,5856400
2015-12-01,31.59000015258789,32.459999084472656,31.510000228881836,32.27000045776367,23.0927791595459,9374800
2015-12-02,32.27000045776367,32.540000915527344,31.670000076293945,31.979999542236328,22.885250091552734,7020100
2015-12-03,32.09000015258789,32.34000015258789,31.799999237060547,32.04999923706055,22.93535041809082,6835300
2015-12-04,32.2400016784668,32.9900016784668,32.09000015258789,32.81999969482422,23.48636817932129,5983600
2015-12-07,32.7400016784668,32.880001068115234,32.400001525878906,32.47999954223633,23.24305534362793,5451000
2015-12-08,32.33000183105469,32.5,31.700000762939453,31.899999618530273,22.8280029296875,4816100
2015-12-09,31.649999618530273,32.45000076293945,31.600000381469727,32.04999923706055,22.93535041809082,4889100
2015-12-10,32.06999969482422,32.06999969482422,31.520000457763672,31.549999237060547,22.577547073364258,3463900
2015-12-11,31.31999969482422,31.690000534057617,31.110000610351562,31.459999084472656,22.51313591003418,3152100
2015-12-14,31.56999969482422,31.65999984741211,30.790000915527344,30.979999542236328,22.169647216796875,4878300
2015-12-15,31.18000030517578,31.329999923706055,30.940000534057617,31.1299991607666,22.2769832611084,5134300
2015-12-16,31.329999923706055,31.770000457763672,31.329999923706055,31.639999389648438,22.64194107055664,5139000
2015-12-17,31.639999389648438,31.780000686645508,31.329999923706055,31.530000686645508,22.563230514526367,5139700
2015-12-18,31.360000610351562,31.399999618530273,30.90999984741211,31.010000228881836,22.191112518310547,5473400
2015-12-21,31.219999313354492,31.270000457763672,30.920000076293945,31.06999969482422,22.234046936035156,4189200
2015-12-22,31.170000076293945,31.760000228881836,30.989999771118164,31.719999313354492,22.699195861816406,3721500
2015-12-23,31.809999465942383,32.529998779296875,31.809999465942383,32.470001220703125,23.23590660095215,2763400
2015-12-24,32.40999984741211,32.75,32.349998474121094,32.599998474121094,23.328929901123047,1601800
2015-12-28,32.5,32.72999954223633,32.22999954223633,32.63999938964844,23.357561111450195,2030300
2015-12-29,32.709999084472656,32.810001373291016,32.47999954223633,32.599998474121094,23.328929901123047,2682000
2015-12-30,32.599998474121094,32.68000030517578,32.279998779296875,32.290000915527344,23.10708999633789,2703700
2015-12-31,32.25,32.349998474121094,31.459999084472656,31.729999542236328,22.706348419189453,4037000
2016-01-04,31.520000457763672,31.6299991607666,31.219999313354492,31.5,22.541759490966797,4524900
2016-01-05,31.6299991607666,31.639999389648438,30.940000534057617,31.540000915527344,22.570384979248047,5204200
2016-01-06,31.31999969482422,32.0099983215332,31.18000030517578,31.850000381469727,22.79222297668457,3822700
2016-01-07,31.520000457763672,31.770000457763672,30.889999389648438,31.0,22.183956146240234,4218400
2016-01-08,31.020000457763672,31.770000457763672,30.979999542236328,31.59000015258789,22.606163024902344,5032000
2016-01-11,31.700000762939453,32.25,31.610000610351562,32.06999969482422,22.94965934753418,5003400
2016-01-12,32.20000076293945,32.290000915527344,31.59000015258789,32.18000030517578,23.02837562561035,5130600
2016-01-13,32.209999084472656,32.400001525878906,31.40999984741211,31.5,22.541759490966797,3781000
2016-01-14,31.600000381469727,32.79999923706055,31.34000015258789,32.560001373291016,23.300312042236328,4568100
2016-01-15,32.16999816894531,32.470001220703125,31.389999389648438,31.829999923706055,22.77791404724121,5544400
2016-01-19,31.920000076293945,32.58000183105469,31.709999084472656,32.4900016784668,23.250211715698242,4446500
2016-01-20,32.2599983215332,32.34000015258789,30.670000076293945,31.1200008392334,22.269826889038086,5776800
2016-01-21,31.149999618530273,31.639999389648438,30.6200008392334,31.299999237060547,22.398637771606445,5237200
2016-01-22,31.579999923706055,32.380001068115234,31.350000381469727,32.279998779296875,23.09993553161621,3477500
2016-01-25,32.279998779296875,32.31999969482422,31.780000686645508,31.81999969482422,22.7707576751709,3435700
2016-01-26,31.860000610351562,32.52000045776367,31.770000457763672,32.08000183105469,22.956815719604492,2931400
2016-01-27,31.959999084472656,32.34000015258789,31.600000381469727,31.920000076293945,22.842313766479492,2282400
2016-01-28,31.950000762939453,32.400001525878906,31.790000915527344,32.13999938964844,22.9997501373291,4022000
2016-01-29,32.41999816894531,33.11000061035156,32.349998474121094,33.060001373291016,23.658111572265625,4361600
2016-02-01,32.9900016784668,33.279998779296875,32.900001525878906,33.04999923706055,23.650959014892578,4077500
2016-02-02,32.70000076293945,33.119998931884766,32.61000061035156,32.970001220703125,23.593713760375977,4781800
2016-02-03,32.81999969482422,33.720001220703125,32.619998931884766,33.52000045776367,24.252105712890625,5704900
2016-02-04,33.540000915527344,33.61000061035156,33.20000076293945,33.25,24.056758880615234,3988200
2016-02-05,33.08000183105469,34.209999084472656,32.90999984741211,33.70000076293945,24.38233757019043,5779700
2016-02-08,33.5099983215332,33.900001525878906,32.68000030517578,33.20000076293945,24.02057647705078,5823700
2016-02-09,33.040000915527344,33.5,32.72999954223633,33.31999969482422,24.107398986816406,3205700
2016-02-10,33.18000030517578,33.79999923706055,32.86000061035156,33.630001068115234,24.331693649291992,2842400
2016-02-11,33.310001373291016,33.56999969482422,32.560001373291016,32.810001373291016,23.73841094970703,2849200
2016-02-12,32.849998474121094,33.11000061035156,32.529998779296875,32.880001068115234,23.789052963256836,3537200
2016-02-16,33.09000015258789,33.470001220703125,32.790000915527344,33.459999084472656,24.208690643310547,3599900
2016-02-17,33.20000076293945,33.349998474121094,32.16999816894531,32.27000045776367,23.347715377807617,5985400
2016-02-18,32.5099983215332,34.130001068115234,32.369998931884766,33.93000030517578,24.54874610900879,6542400
2016-02-19,33.81999969482422,33.81999969482422,32.79999923706055,32.970001220703125,23.85418128967285,5481600
2016-02-22,33.150001525878906,33.41999816894531,32.93000030517578,33.33000183105469,24.114639282226562,3127700
2016-02-23,33.31999969482422,33.59000015258789,32.93000030517578,33.040000915527344,23.904815673828125,3624000
2016-02-24,33.0,33.16999816894531,32.400001525878906,32.70000076293945,23.65882682800293,5005900
2016-02-25,32.93000030517578,33.9900016784668,32.779998779296875,33.95000076293945,24.563217163085938,4621300
2016-02-26,33.939998626708984,34.060001373291016,32.650001525878906,32.81999969482422,23.745651245117188,4848200
2016-02-29,32.81999969482422,33.720001220703125,32.650001525878906,33.470001220703125,24.215925216674805,4294600
2016-03-01,33.58000183105469,33.790000915527344,33.27000045776367,33.45000076293945,24.201459884643555,3581400
2016-03-02,33.29999923706055,33.7400016784668,32.56999969482422,33.709999084472656,24.389568328857422,2619300
2016-03-03,33.65999984741211,34.130001068115234,33.34000015258789,33.97999954223633,24.58492088317871,2634200
2016-03-04,33.72999954223633,34.7400016784668,33.529998779296875,34.560001373291016,25.004558563232422,2739400
2016-03-07,34.43000030517578,35.13999938964844,34.34000015258789,35.11000061035156,25.402490615844727,2645900
2016-03-08,35.119998931884766,35.77000045776367,34.709999084472656,35.560001373291016,25.72806739807129,3952800
2016-03-09,35.52000045776367,36.45000076293945,35.4900016784668,35.79999923706055,25.901704788208008,4088700
2016-03-10,35.68000030517578,36.22999954223633,35.599998474121094,35.970001220703125,26.02471160888672,3787000
2016-03-11,36.08000183105469,36.36000061035156,35.689998626708984,35.70000076293945,25.829355239868164,3409600
2016-03-14,35.709999084472656,35.7599983215332,35.43000030517578,35.59000015258789,25.749773025512695,2420900
2016-03-15,35.52000045776367,35.70000076293945,35.25,35.59000015258789,25.749773025512695,2849500
2016-03-16,35.41999816894531,36.15999984741211,35.220001220703125,35.900001525878906,25.974061965942383,3759100
2016-03-17,36.040000915527344,36.349998474121094,35.84000015258789,36.16999816894531,26.169408798217773,2665800
2016-03-18,36.15999984741211,36.20000076293945,35.75,35.7599983215332,25.872766494750977,4883900
2016-03-21,35.72999954223633,36.06999969482422,35.40999984741211,35.849998474121094,25.937881469726562,3416800
2016-03-22,35.880001068115234,36.18000030517578,35.61000061035156,35.7599983215332,25.872766494750977,3058000
2016-03-23,35.72999954223633,36.08000183105469,35.52000045776367,35.97999954223633,26.03193473815918,2830700
2016-03-24,35.849998474121094,36.25,35.779998779296875,36.15999984741211,26.16217803955078,2968400
2016-03-28,36.15999984741211,36.349998474121094,35.66999816894531,35.7400016784668,25.858299255371094,2097100
2016-03-29,35.83000183105469,36.380001068115234,35.63999938964844,36.34000015258789,26.292404174804688,4563900
2016-03-30,36.40999984741211,36.540000915527344,35.77000045776367,35.790000915527344,25.894472122192383,5504800
2016-03-31,35.939998626708984,36.52000045776367,35.5099983215332,35.970001220703125,26.02471160888672,7360500
2016-04-01,35.97999954223633,36.290000915527344,35.65999984741211,36.029998779296875,26.068117141723633,6258400
2016-04-04,35.9900016784668,36.130001068115234,35.58000183105469,35.68000030517578,25.81489372253418,4869600
2016-04-05,35.56999969482422,35.689998626708984,34.849998474121094,35.06999969482422,25.373544692993164,5229400
2016-04-06,35.029998779296875,35.09000015258789,34.54999923706055,34.59000015258789,25.026260375976562,5030400
2016-04-07,34.560001373291016,35.040000915527344,34.52000045776367,34.7599983215332,25.14926528930664,4113900
2016-04-08,34.88999938964844,35.689998626708984,34.880001068115234,35.119998931884766,25.40972137451172,4890800
2016-04-11,35.33000183105469,35.810001373291016,35.290000915527344,35.36000061035156,25.58336067199707,3686200
2016-04-12,35.52000045776367,36.0,35.400001525878906,35.75,25.865543365478516,3634200
2016-04-13,35.779998779296875,35.79999923706055,35.4900016784668,35.650001525878906,25.793184280395508,2968300
2016-04-14,35.599998474121094,35.79999923706055,35.38999938964844,35.40999984741211,25.619539260864258,2719100
2016-04-15,35.38999938964844,35.77000045776367,35.22999954223633,35.65999984741211,25.8004207611084,3247500
2016-04-18,35.56999969482422,35.88999938964844,35.47999954223633,35.849998474121094,25.937881469726562,2505600
2016-04-19,35.95000076293945,36.029998779296875,35.34000015258789,35.5,25.684654235839844,4850200
2016-04-20,35.5099983215332,35.70000076293945,34.7400016784668,34.7599983215332,25.14926528930664,4538800
2016-04-21,34.72999954223633,34.84000015258789,33.58000183105469,33.90999984741211,24.53427505493164,6653200
2016-04-22,34.15999984741211,34.650001525878906,34.0,34.470001220703125,24.93943977355957,4620700
2016-04-25,34.310001373291016,34.529998779296875,34.08000183105469,34.45000076293945,24.924970626831055,4145200
2016-04-26,34.540000915527344,34.869998931884766,34.369998931884766,34.38999938964844,24.881555557250977,4329700
2016-04-27,34.86000061035156,36.31999969482422,34.66999816894531,36.04999923706055,26.08258628845215,11943200
2016-04-28,36.04999923706055,36.04999923706055,31.68000030517578,32.470001220703125,23.492420196533203,19368800
2016-04-29,32.45000076293945,33.099998474121094,32.209999084472656,32.59000015258789,23.579242706298828,8463000
2016-05-02,32.68000030517578,33.2400016784668,32.619998931884766,33.04999923706055,23.91205596923828,6075200
2016-05-03,33.13999938964844,34.02000045776367,33.13999938964844,33.560001373291016,24.281042098999023,8498700
2016-05-04,33.130001068115234,33.77000045776367,32.869998931884766,33.650001525878906,24.61015510559082,4849400
2016-05-05,33.689998626708984,33.939998626708984,33.31999969482422,33.5099983215332,24.507768630981445,2972400
2016-05-06,33.439998626708984,33.439998626708984,32.959999084472656,33.09000015258789,24.200593948364258,4061600
2016-05-09,33.189998626708984,33.650001525878906,33.06999969482422,33.54999923706055,24.537015914916992,3735400
2016-05-10,33.599998474121094,34.04999923706055,33.56999969482422,33.88999938964844,24.785675048828125,3728500
2016-05-11,34.02000045776367,34.16999816894531,33.75,33.95000076293945,24.829561233520508,3427800
2016-05-12,33.91999816894531,34.189998626708984,33.75,33.970001220703125,24.844186782836914,4641100
2016-05-13,33.83000183105469,33.970001220703125,33.400001525878906,33.47999954223633,24.485828399658203,4770000
2016-05-16,33.54999923706055,33.619998931884766,33.310001373291016,33.349998474121094,24.390750885009766,3553400
2016-05-17,33.279998779296875,33.38999938964844,32.86000061035156,32.97999954223633,24.120147705078125,3978900
2016-05-18,32.7400016784668,33.040000915527344,31.920000076293945,32.150001525878906,23.513120651245117,5244400
2016-05-19,31.959999084472656,32.369998931884766,31.829999923706055,32.349998474121094,23.65938949584961,3386300
2016-05-20,32.459999084472656,32.459999084472656,32.099998474121094,32.290000915527344,23.615509033203125,2342400
2016-05-23,32.369998931884766,32.400001525878906,32.040000915527344,32.060001373291016,23.44729995727539,3186300
2016-05-24,32.119998931884766,32.36000061035156,31.940000534057617,32.09000015258789,23.469236373901367,2562900
2016-05-25,31.739999771118164,32.2599983215332,31.3700008392334,32.11000061035156,23.483863830566406,4992900
2016-05-26,32.20000076293945,32.4900016784668,32.06999969482422,32.349998474121094,23.65938949584961,3806900
2016-05-27,32.45000076293945,32.61000061035156,32.27000045776367,32.47999954223633,23.754465103149414,2556000
2016-05-31,32.52000045776367,32.86000061035156,32.41999816894531,32.810001373291016,23.995813369750977,3454900
2016-06-01,32.90999984741211,33.20000076293945,32.79999923706055,33.06999969482422,24.18596839904785,2949800
2016-06-02,32.970001220703125,33.380001068115234,32.900001525878906,33.310001373291016,24.361494064331055,2780100
2016-06-03,33.56999969482422,33.86000061035156,33.41999816894531,33.81999969482422,24.7344913482666,2509500
2016-06-06,33.7400016784668,33.939998626708984,33.529998779296875,33.779998779296875,24.705228805541992,3216600
2016-06-07,33.7400016784668,34.220001220703125,33.689998626708984,34.06999969482422,24.91732406616211,3685800
2016-06-08,34.040000915527344,34.209999084472656,33.880001068115234,34.130001068115234,24.961200714111328,2913600
2016-06-09,34.11000061035156,34.290000915527344,33.970001220703125,34.25,25.04897689819336,2242500
2016-06-10,34.2400016784668,34.349998474121094,33.58000183105469,33.70000076293945,24.646724700927734,2934900
2016-06-13,33.68000030517578,33.86000061035156,33.529998779296875,33.65999984741211,24.617467880249023,2504700
2016-06-14,33.720001220703125,33.790000915527344,33.470001220703125,33.75,24.683286666870117,2264300
2016-06-15,33.790000915527344,33.880001068115234,33.58000183105469,33.650001525878906,24.61015510559082,2157800
2016-06-16,33.689998626708984,34.06999969482422,33.61000061035156,33.9900016784668,24.85881996154785,1999800
2016-06-17,33.97999954223633,34.290000915527344,33.86000061035156,34.290000915527344,25.078222274780273,3059100
2016-06-20,34.29999923706055,34.380001068115234,33.70000076293945,33.7400016784668,24.67598533630371,4193500
2016-06-21,33.7400016784668,33.869998931884766,33.220001220703125,33.540000915527344,24.529701232910156,4035400
2016-06-22,33.36000061035156,33.459999084472656,33.02000045776367,33.040000915527344,24.164026260375977,4095600
2016-06-23,33.13999938964844,33.2400016784668,32.84000015258789,33.15999984741211,24.251787185668945,4121800
2016-06-24,32.75,33.45000076293945,32.68000030517578,32.880001068115234,24.04700469970703,4732300
2016-06-27,32.81999969482422,33.15999984741211,32.599998474121094,33.11000061035156,24.21522331237793,3152200
2016-06-28,33.2400016784668,33.7400016784668,32.869998931884766,33.72999954223633,24.66866111755371,4651000
2016-06-29,33.88999938964844,34.2400016784668,33.81999969482422,34.189998626708984,25.00508689880371,3770500
2016-06-30,34.209999084472656,34.91999816894531,33.939998626708984,34.90999984741211,25.531665802001953,4170000
2016-07-01,35.02000045776367,35.290000915527344,34.83000183105469,35.130001068115234,25.69256591796875,3250200
2016-07-05,35.08000183105469,35.22999954223633,35.0,35.18000030517578,25.72913360595703,2236700
2016-07-06,35.16999816894531,35.689998626708984,34.97999954223633,35.619998931884766,26.050931930541992,3982600
2016-07-07,35.52000045776367,35.58000183105469,35.130001068115234,35.33000183105469,25.838834762573242,3462400
2016-07-08,35.2599983215332,36.040000915527344,35.0099983215332,36.02000045776367,26.343469619750977,3732600
2016-07-11,35.880001068115234,36.150001525878906,35.61000061035156,36.11000061035156,26.409292221069336,3575900
2016-07-12,35.849998474121094,36.45000076293945,35.849998474121094,36.189998626708984,26.467809677124023,5632300
2016-07-13,36.459999084472656,36.4900016784668,36.20000076293945,36.439998626708984,26.650638580322266,3989300
2016-07-14,36.22999954223633,36.400001525878906,35.83000183105469,35.849998474121094,26.21913719177246,3796200
2016-07-15,35.91999816894531,36.209999084472656,35.91999816894531,36.189998626708984,26.467809677124023,2758800
2016-07-18,36.150001525878906,36.33000183105469,36.11000061035156,36.290000915527344,26.54094123840332,1852100
2016-07-19,36.349998474121094,36.349998474121094,35.95000076293945,36.18000030517578,26.46048927307129,2521600
2016-07-20,36.18000030517578,36.25,35.95000076293945,35.97999954223633,26.314208984375,2975900
2016-07-21,35.880001068115234,36.0099983215332,35.7400016784668,35.959999084472656,26.299585342407227,3912200
2016-07-22,35.959999084472656,36.59000015258789,35.869998931884766,36.5099983215332,26.70183563232422,5034000
2016-07-25,36.5099983215332,36.599998474121094,36.2599983215332,36.599998474121094,26.767656326293945,3608400
2016-07-26,36.349998474121094,36.45000076293945,35.66999816894531,35.88999938964844,26.248401641845703,6262000
2016-07-27,35.880001068115234,35.97999954223633,34.84000015258789,35.20000076293945,25.74376106262207,3823800
2016-07-28,35.22999954223633,35.5099983215332,35.130001068115234,35.369998931884766,25.868093490600586,5190800
2016-07-29,35.220001220703125,35.25,34.58000183105469,34.91999816894531,25.538982391357422,4983500
2016-08-01,34.77000045776367,34.900001525878906,34.22999954223633,34.310001373291016,25.092851638793945,4792900
2016-08-02,34.130001068115234,34.13999938964844,33.25,33.310001373291016,24.361494064331055,5901500
2016-08-03,32.939998626708984,33.279998779296875,32.77000045776367,33.060001373291016,24.442825317382812,4119700
2016-08-04,33.06999969482422,33.25,32.81999969482422,32.93000030517578,24.346708297729492,2405800
2016-08-05,32.90999984741211,32.95000076293945,32.369998931884766,32.43000030517578,23.977035522460938,2764100
2016-08-08,33.0,33.220001220703125,32.70000076293945,32.869998931884766,24.30234718322754,4739900
2016-08-09,32.81999969482422,32.9900016784668,32.7400016784668,32.84000015258789,24.280162811279297,2403600
2016-08-10,32.959999084472656,33.0099983215332,32.599998474121094,32.709999084472656,24.184053421020508,3072800
2016-08-11,32.72999954223633,32.88999938964844,32.66999816894531,32.880001068115234,24.309738159179688,2171400
2016-08-12,33.029998779296875,33.310001373291016,32.880001068115234,33.119998931884766,24.4871826171875,5532000
2016-08-15,33.06999969482422,33.349998474121094,32.880001068115234,32.88999938964844,24.31713104248047,3405300
2016-08-16,32.849998474121094,32.869998931884766,32.40999984741211,32.41999816894531,23.969635009765625,2495400
2016-08-17,32.38999938964844,32.900001525878906,32.150001525878906,32.84000015258789,24.280162811279297,3839600
2016-08-18,32.83000183105469,33.119998931884766,32.720001220703125,33.119998931884766,24.4871826171875,4054200
2016-08-19,33.060001373291016,33.060001373291016,32.529998779296875,32.689998626708984,24.169261932373047,2638500
2016-08-22,32.70000076293945,32.79999923706055,32.5099983215332,32.630001068115234,24.12490463256836,1915200
2016-08-23,32.7400016784668,33.08000183105469,32.7400016784668,32.91999816894531,24.339311599731445,2843700
2016-08-24,32.83000183105469,33.06999969482422,32.63999938964844,33.0,24.39846420288086,2633700
2016-08-25,32.9900016784668,33.25,32.880001068115234,32.93000030517578,24.346708297729492,2052500
2016-08-26,33.06999969482422,33.349998474121094,32.27000045776367,32.31999969482422,23.89570426940918,3756700
2016-08-29,32.5099983215332,32.779998779296875,32.380001068115234,32.599998474121094,24.102720260620117,1840100
2016-08-30,32.599998474121094,32.7400016784668,32.130001068115234,32.209999084472656,23.814376831054688,2510900
2016-08-31,32.189998626708984,32.75,32.119998931884766,32.72999954223633,24.198837280273438,4190400
2016-09-01,32.66999816894531,32.77000045776367,32.27000045776367,32.45000076293945,23.991823196411133,4637100
2016-09-02,32.4900016784668,33.0,32.4900016784668,32.81999969482422,24.265378952026367,2326900
2016-09-06,32.939998626708984,33.11000061035156,32.77000045776367,33.04999923706055,24.435426712036133,2766000
2016-09-07,33.029998779296875,33.279998779296875,32.83000183105469,33.130001068115234,24.494579315185547,2237600
2016-09-08,33.02000045776367,33.66999816894531,32.97999954223633,33.63999938964844,24.871646881103516,3108500
2016-09-09,33.279998779296875,33.349998474121094,32.630001068115234,32.63999938964844,24.132299423217773,5017800
2016-09-12,32.619998931884766,33.470001220703125,32.58000183105469,33.279998779296875,24.605478286743164,3339500
2016-09-13,33.099998474121094,33.189998626708984,32.459999084472656,32.70000076293945,24.176658630371094,3745200
2016-09-14,32.83000183105469,33.0099983215332,32.459999084472656,32.619998931884766,24.117504119873047,3062400
2016-09-15,32.61000061035156,32.970001220703125,32.47999954223633,32.84000015258789,24.280162811279297,2111000
2016-09-16,32.630001068115234,33.029998779296875,32.459999084472656,32.9900016784668,24.391071319580078,3507100
2016-09-19,33.09000015258789,33.77000045776367,33.0,33.7400016784668,24.945585250854492,3757300
2016-09-20,33.81999969482422,33.970001220703125,33.61000061035156,33.7400016784668,24.945585250854492,2909000
2016-09-21,33.75,34.619998931884766,33.709999084472656,34.56999969482422,25.559234619140625,3175100
2016-09-22,34.790000915527344,34.959999084472656,34.59000015258789,34.84000015258789,25.758859634399414,3278400
2016-09-23,34.619998931884766,34.869998931884766,34.41999816894531,34.4900016784668,25.500091552734375,4010200
2016-09-26,34.34000015258789,34.81999969482422,34.34000015258789,34.58000183105469,25.566627502441406,3341700
2016-09-27,34.70000076293945,34.83000183105469,33.560001373291016,33.66999816894531,24.89381980895996,5301400
2016-09-28,33.779998779296875,33.880001068115234,33.279998779296875,33.540000915527344,24.79770851135254,3954400
2016-09-29,33.540000915527344,33.630001068115234,33.06999969482422,33.16999816894531,24.524150848388672,2556300
2016-09-30,33.36000061035156,33.5,32.900001525878906,33.08000183105469,24.457612991333008,3504000
2016-10-03,33.06999969482422,33.06999969482422,32.22999954223633,32.29999923706055,23.88092041015625,4786700
2016-10-04,32.380001068115234,32.41999816894531,31.40999984741211,31.6299991607666,23.38555335998535,4667100
2016-10-05,31.639999389648438,31.860000610351562,31.209999084472656,31.389999389648438,23.20810890197754,12571500
2016-10-06,31.34000015258789,31.760000228881836,31.15999984741211,31.469999313354492,23.26725959777832,4321100
2016-10-07,31.68000030517578,31.950000762939453,31.31999969482422,31.31999969482422,23.156356811523438,3572600
2016-10-10,31.40999984741211,31.790000915527344,31.389999389648438,31.729999542236328,23.459489822387695,2389300
2016-10-11,31.729999542236328,31.770000457763672,31.149999618530273,31.219999313354492,23.082422256469727,2293500
2016-10-12,31.270000457763672,31.719999313354492,30.290000915527344,31.360000610351562,23.185930252075195,13766500
2016-10-13,31.790000915527344,31.829999923706055,31.260000228881836,31.559999465942383,23.333797454833984,4795800
2016-10-14,31.520000457763672,32.040000915527344,31.43000030517578,31.510000228881836,23.29683494567871,3228600
2016-10-17,31.729999542236328,32.40999984741211,31.719999313354492,32.22999954223633,23.829164505004883,6129400
2016-10-18,32.75,33.310001373291016,32.47999954223633,33.15999984741211,24.51675796508789,7351100
2016-10-19,32.959999084472656,33.27000045776367,32.560001373291016,33.150001525878906,24.509370803833008,5856100
2016-10-20,33.20000076293945,33.41999816894531,32.790000915527344,32.849998474121094,24.287559509277344,4609100
2016-10-21,32.70000076293945,33.36000061035156,32.630001068115234,33.189998626708984,24.538938522338867,4060800
2016-10-24,33.349998474121094,33.4900016784668,33.02000045776367,33.34000015258789,24.649837493896484,2383300
2016-10-25,33.56999969482422,33.72999954223633,33.349998474121094,33.619998931884766,24.85685920715332,3997800
2016-10-26,33.599998474121094,34.029998779296875,33.349998474121094,33.959999084472656,25.108234405517578,4233300
2016-10-27,33.88999938964844,34.029998779296875,33.459999084472656,33.900001525878906,25.06387710571289,3827400
2016-10-28,33.95000076293945,34.209999084472656,33.66999816894531,33.959999084472656,25.108234405517578,6192900
2016-10-31,34.08000183105469,34.5,34.02000045776367,34.290000915527344,25.352218627929688,5212000
2016-11-01,34.34000015258789,34.34000015258789,33.380001068115234,33.470001220703125,24.745956420898438,3963400
2016-11-02,33.369998931884766,33.45000076293945,32.81999969482422,33.36000061035156,24.664627075195312,4395000
2016-11-03,32.869998931884766,33.380001068115234,32.65999984741211,33.290000915527344,24.881380081176758,4561900
2016-11-04,33.279998779296875,34.220001220703125,33.130001068115234,33.56999969482422,25.09065818786621,5324000
2016-11-07,33.88999938964844,34.47999954223633,33.470001220703125,34.40999984741211,25.718477249145508,7564700
2016-11-08,34.400001525878906,34.83000183105469,34.16999816894531,34.5,25.785749435424805,4316000
2016-11-09,33.91999816894531,34.02000045776367,33.380001068115234,33.4900016784668,25.030860900878906,4126100
2016-11-10,33.36000061035156,33.369998931884766,31.790000915527344,31.850000381469727,23.80510139465332,7318800
2016-11-11,31.8799991607666,32.310001373291016,31.5,31.6200008392334,23.63319969177246,5239000
2016-11-14,31.459999084472656,31.940000534057617,31.079999923706055,31.84000015258789,23.79762840270996,6102800
2016-11-15,31.989999771118164,32.41999816894531,31.8700008392334,32.09000015258789,23.984472274780273,4640500
2016-11-16,32.119998931884766,32.2400016784668,31.579999923706055,31.8700008392334,23.820049285888672,3781800
2016-11-17,31.719999313354492,32.150001525878906,31.719999313354492,31.959999084472656,23.887313842773438,2693200
2016-11-18,31.93000030517578,32.099998474121094,31.329999923706055,31.399999618530273,23.468769073486328,4396600
2016-11-21,31.6299991607666,31.989999771118164,31.510000228881836,31.90999984741211,23.849945068359375,3203300
2016-11-22,31.940000534057617,32.099998474121094,31.809999465942383,31.899999618530273,23.84247398376465,2782300
2016-11-23,31.559999465942383,31.809999465942383,31.270000457763672,31.489999771118164,23.536033630371094,4595600
2016-11-25,31.59000015258789,32.16999816894531,31.59000015258789,32.13999938964844,24.021848678588867,2063200
2016-11-28,32.27000045776367,32.619998931884766,32.16999816894531,32.59000015258789,24.35818862915039,3943300
2016-11-29,32.47999954223633,32.75,32.36000061035156,32.54999923706055,24.328290939331055,3151300
2016-11-30,32.20000076293945,32.20000076293945,31.290000915527344,31.290000915527344,23.386554718017578,5668500
2016-12-01,31.139999389648438,31.200000762939453,30.829999923706055,30.989999771118164,23.162322998046875,3272300
2016-12-02,31.0,31.239999771118164,30.350000381469727,30.56999969482422,22.84841537475586,5280300
2016-12-05,30.540000915527344,30.559999465942383,30.139999389648438,30.5,22.796096801757812,5709500
2016-12-06,30.6200008392334,30.639999389648438,30.139999389648438,30.3700008392334,22.698932647705078,5763700
2016-12-07,30.40999984741211,30.5,29.889999389648438,30.059999465942383,22.467233657836914,7314300
2016-12-08,29.979999542236328,30.700000762939453,29.329999923706055,30.530000686645508,22.818517684936523,6336200
2016-12-09,30.600000381469727,31.100000381469727,30.579999923706055,30.729999542236328,22.967998504638672,3913200
2016-12-12,30.56999969482422,31.139999389648438,30.540000915527344,31.059999465942383,23.21464729309082,4061500
2016-12-13,31.139999389648438,31.6200008392334,31.139999389648438,31.610000610351562,23.625720977783203,3646800
2016-12-14,31.739999771118164,32.29999923706055,31.200000762939453,31.290000915527344,23.386554718017578,8340500
2016-12-15,31.170000076293945,31.350000381469727,30.860000610351562,31.31999969482422,23.408973693847656,5667000
2016-12-16,31.299999237060547,31.979999542236328,31.25,31.780000686645508,23.752782821655273,10195800
2016-12-19,31.920000076293945,31.950000762939453,31.40999984741211,31.649999618530273,23.655614852905273,4557300
2016-12-20,31.5,31.649999618530273,31.049999237060547,31.290000915527344,23.386554718017578,5218000
2016-12-21,31.329999923706055,31.950000762939453,31.270000457763672,31.420000076293945,23.48370933532715,4233700
2016-12-22,31.3700008392334,31.510000228881836,31.149999618530273,31.219999313354492,23.334230422973633,3144500
2016-12-23,31.329999923706055,31.420000076293945,31.1299991607666,31.270000457763672,23.37160301208496,2494700
2016-12-27,31.15999984741211,31.31999969482422,31.049999237060547,31.280000686645508,23.37907600402832,2110400
2016-12-28,31.309999465942383,31.389999389648438,30.81999969482422,30.84000015258789,23.050214767456055,2558100
2016-12-29,30.84000015258789,31.309999465942383,30.84000015258789,31.1200008392334,23.259492874145508,2927900
2016-12-30,31.170000076293945,31.290000915527344,30.889999389648438,30.969999313354492,23.147380828857422,2523200
2017-01-03,30.969999313354492,31.139999389648438,30.43000030517578,30.950000762939453,23.132431030273438,3757200
2017-01-04,30.989999771118164,31.290000915527344,30.940000534057617,30.969999313354492,23.147380828857422,3242000
2017-01-05,30.940000534057617,31.049999237060547,30.56999969482422,30.850000381469727,23.05768585205078,3947600
2017-01-06,30.709999084472656,31.239999771118164,30.709999084472656,31.1299991607666,23.266965866088867,3485000
2017-01-09,31.209999084472656,31.229999542236328,30.93000030517578,31.010000228881836,23.177276611328125,4802300
2017-01-10,30.84000015258789,30.850000381469727,30.1200008392334,30.3700008392334,22.698932647705078,7195300
2017-01-11,30.329999923706055,30.940000534057617,30.329999923706055,30.729999542236328,22.967998504638672,5283000
2017-01-12,30.729999542236328,30.90999984741211,30.559999465942383,30.68000030517578,22.930627822875977,4247200
2017-01-13,30.639999389648438,30.719999313354492,30.40999984741211,30.610000610351562,22.878311157226562,3889300
2017-01-17,30.860000610351562,31.360000610351562,30.700000762939453,31.149999618530273,23.28191375732422,4092600
2017-01-18,31.079999923706055,31.229999542236328,30.65999984741211,30.760000228881836,22.99042320251465,3481500
2017-01-19,30.639999389648438,30.729999542236328,30.239999771118164,30.309999465942383,22.654085159301758,4519400
2017-01-20,30.350000381469727,30.520000457763672,29.90999984741211,30.040000915527344,22.452285766601562,4713900
2017-01-23,30.149999618530273,30.260000228881836,29.56999969482422,29.610000610351562,22.13089942932129,3936000
2017-01-24,29.670000076293945,29.850000381469727,29.510000228881836,29.579999923706055,22.108470916748047,3838100
2017-01-25,29.540000915527344,30.010000228881836,29.520000457763672,29.799999237060547,22.272903442382812,5785900
2017-01-26,29.780000686645508,29.93000030517578,29.670000076293945,29.81999969482422,22.28785514831543,5205200
2017-01-27,29.889999389648438,30.020000457763672,29.719999313354492,29.989999771118164,22.4149112701416,3356000
2017-01-30,30.139999389648438,30.139999389648438,29.610000610351562,29.81999969482422,22.28785514831543,4584500
2017-01-31,29.829999923706055,30.3700008392334,29.75,30.31999969482422,22.66156005859375,4811400
2017-02-01,30.09000015258789,30.31999969482422,29.709999084472656,29.84000015258789,22.30280113220215,4357000
2017-02-02,29.899999618530273,30.0,29.6200008392334,29.950000762939453,22.38501739501953,5426500
2017-02-03,29.670000076293945,30.030000686645508,29.579999923706055,29.889999389648438,22.611967086791992,3374100
2017-02-06,29.979999542236328,30.149999618530273,29.809999465942383,29.8799991607666,22.604406356811523,4332700
2017-02-07,29.920000076293945,30.040000915527344,29.770000457763672,29.989999771118164,22.6876163482666,2773900
2017-02-08,30.030000686645508,30.06999969482422,29.829999923706055,30.040000915527344,22.725444793701172,4244000
2017-02-09,30.040000915527344,30.09000015258789,29.649999618530273,29.8799991607666,22.604406356811523,4046000
2017-02-10,29.860000610351562,30.520000457763672,29.809999465942383,30.450000762939453,23.03561019897461,3805500
2017-02-13,30.520000457763672,30.719999313354492,30.389999389648438,30.530000686645508,23.09613037109375,5644900
2017-02-14,30.540000915527344,30.639999389648438,30.15999984741211,30.360000610351562,22.967527389526367,2566500
2017-02-15,30.1299991607666,30.459999084472656,30.110000610351562,30.399999618530273,22.997787475585938,2828700
2017-02-16,30.3799991607666,30.639999389648438,30.270000457763672,30.6200008392334,23.16421890258789,3805300
2017-02-17,30.65999984741211,31.040000915527344,30.549999237060547,31.010000228881836,23.45925521850586,4410400
2017-02-21,30.920000076293945,31.350000381469727,30.84000015258789,31.329999923706055,23.701337814331055,5193500
2017-02-22,30.809999465942383,31.020000457763672,30.350000381469727,30.790000915527344,23.292823791503906,6792900
2017-02-23,30.969999313354492,31.6200008392334,30.959999084472656,31.389999389648438,23.746728897094727,5776100
2017-02-24,31.559999465942383,32.349998474121094,31.489999771118164,32.31999969482422,24.45027732849121,6126800
2017-02-27,32.349998474121094,32.349998474121094,31.760000228881836,31.809999465942383,24.064462661743164,4398200
2017-02-28,31.809999465942383,32.540000915527344,31.770000457763672,32.43000030517578,24.533496856689453,5503100
2017-03-01,32.09000015258789,32.09000015258789,31.389999389648438,31.559999465942383,23.875333786010742,7326100
2017-03-02,31.450000762939453,32.0,31.399999618530273,31.639999389648438,23.93585205078125,3980100
2017-03-03,31.68000030517578,31.75,31.329999923706055,31.739999771118164,24.011507034301758,3620200
2017-03-06,31.920000076293945,31.920000076293945,31.15999984741211,31.31999969482422,23.69377326965332,4357900
2017-03-07,31.219999313354492,31.420000076293945,31.030000686645508,31.18000030517578,23.587862014770508,4515700
2017-03-08,30.920000076293945,31.15999984741211,30.469999313354492,31.110000610351562,23.534908294677734,4198600
2017-03-09,31.049999237060547,32.529998779296875,31.040000915527344,31.100000381469727,23.527341842651367,4161100
2017-03-10,31.209999084472656,31.559999465942383,30.899999618530273,31.260000228881836,23.64838218688965,3846900
2017-03-13,31.229999542236328,31.450000762939453,30.93000030517578,31.100000381469727,23.527341842651367,2735100
2017-03-14,31.040000915527344,31.079999923706055,30.780000686645508,31.0,23.451690673828125,3435100
2017-03-15,31.09000015258789,31.709999084472656,31.020000457763672,31.59000015258789,23.89803123474121,3906400
2017-03-16,31.469999313354492,31.579999923706055,31.0,31.1299991607666,23.55003547668457,3865500
2017-03-17,31.219999313354492,31.479999542236328,31.190000534057617,31.360000610351562,23.72403335571289,8680700
2017-03-20,31.200000762939453,31.420000076293945,30.8700008392334,30.959999084472656,23.421430587768555,3960500
2017-03-21,30.93000030517578,31.5,30.809999465942383,31.360000610351562,23.72403335571289,4362900
2017-03-22,31.5,31.809999465942383,31.360000610351562,31.40999984741211,23.761863708496094,4159400
2017-03-23,31.389999389648438,31.5,31.110000610351562,31.200000762939453,23.60299301147461,3360400
2017-03-24,31.399999618530273,31.530000686645508,31.239999771118164,31.34000015258789,23.708906173706055,3171000
2017-03-27,31.5,31.59000015258789,31.06999969482422,31.389999389648438,23.746728897094727,2457600
2017-03-28,31.299999237060547,31.639999389648438,31.25,31.610000610351562,23.91316032409668,2877600
2017-03-29,31.540000915527344,31.850000381469727,31.399999618530273,31.56999969482422,23.88289451599121,3458700
2017-03-30,31.489999771118164,31.5,31.229999542236328,31.3700008392334,23.731603622436523,3646400
2017-03-31,31.420000076293945,31.93000030517578,31.3799991607666,31.81999969482422,24.07202911376953,5805900
2017-04-03,31.719999313354492,31.739999771118164,31.229999542236328,31.459999084472656,23.799680709838867,3753600
2017-04-04,31.489999771118164,31.81999969482422,31.190000534057617,31.729999542236328,24.00394058227539,3992500
2017-04-05,31.6299991607666,31.860000610351562,31.549999237060547,31.780000686645508,24.041767120361328,2590500
2017-04-06,31.65999984741211,31.81999969482422,31.600000381469727,31.760000228881836,24.026630401611328,3060700
2017-04-07,31.889999389648438,31.940000534057617,31.299999237060547,31.31999969482422,23.69377326965332,5747600
2017-04-10,31.31999969482422,31.6200008392334,31.200000762939453,31.600000381469727,23.905595779418945,3235300
2017-04-11,31.520000457763672,31.649999618530273,31.329999923706055,31.440000534057617,23.78455352783203,2588300
2017-04-12,31.399999618530273,31.639999389648438,31.260000228881836,31.610000610351562,23.91316032409668,2718700
2017-04-13,31.610000610351562,31.719999313354492,31.260000228881836,31.270000457763672,23.655946731567383,3432200
2017-04-17,31.299999237060547,31.469999313354492,31.059999465942383,31.43000030517578,23.776988983154297,3007100
2017-04-18,31.450000762939453,31.56999969482422,31.219999313354492,31.469999313354492,23.8072452545166,2988700
2017-04-19,31.450000762939453,31.479999542236328,30.780000686645508,30.850000381469727,23.338214874267578,4920400
2017-04-20,30.850000381469727,30.860000610351562,30.56999969482422,30.65999984741211,23.194482803344727,4598900
2017-04-21,30.639999389648438,30.829999923706055,30.559999465942383,30.610000610351562,23.156658172607422,4208200
2017-04-24,30.600000381469727,30.75,30.15999984741211,30.709999084472656,23.232301712036133,5218400
2017-04-25,30.59000015258789,30.829999923706055,30.459999084472656,30.610000610351562,23.156658172607422,4051000
2017-04-26,30.600000381469727,31.149999618530273,30.479999542236328,30.520000457763672,23.088571548461914,5786100
2017-04-27,30.520000457763672,30.739999771118164,30.440000534057617,30.520000457763672,23.088571548461914,4538600
2017-04-28,30.68000030517578,30.899999618530273,29.329999923706055,29.940000534057617,22.649797439575195,9610000
2017-05-01,29.979999542236328,30.020000457763672,29.40999984741211,29.459999084472656,22.28666877746582,6328500
2017-05-02,29.530000686645508,29.719999313354492,28.969999313354492,29.030000686645508,21.961374282836914,7207000
2017-05-03,28.68000030517578,29.079999923706055,28.209999084472656,28.950000762939453,22.175857543945312,8991800
2017-05-04,28.889999389648438,29.06999969482422,28.780000686645508,28.8700008392334,22.114572525024414,4818600
2017-05-05,28.90999984741211,29.100000381469727,28.790000915527344,28.829999923706055,22.083938598632812,4303700
2017-05-08,28.8799991607666,29.1200008392334,28.700000762939453,29.059999465942383,22.26011848449707,4652000
2017-05-09,28.940000534057617,29.200000762939453,28.75,28.760000228881836,22.03031349182129,6631600
2017-05-10,28.829999923706055,29.0,28.649999618530273,28.850000381469727,22.09925651550293,3227700
2017-05-11,28.850000381469727,28.8700008392334,28.610000610351562,28.809999465942383,22.06861114501953,4804400
2017-05-12,28.860000610351562,28.90999984741211,28.56999969482422,28.719999313354492,21.99967384338379,2578900
2017-05-15,28.690000534057617,29.059999465942383,28.690000534057617,28.93000030517578,22.160537719726562,4446500
2017-05-16,28.8700008392334,28.959999084472656,28.59000015258789,28.690000534057617,21.976699829101562,3272800
2017-05-17,28.690000534057617,28.889999389648438,28.469999313354492,28.59000015258789,21.90009307861328,2710200
2017-05-18,28.43000030517578,28.829999923706055,28.139999389648438,28.15999984741211,21.57071304321289,5121900
2017-05-19,28.149999618530273,28.25,27.93000030517578,28.239999771118164,21.631996154785156,4897000
2017-05-22,28.18000030517578,28.540000915527344,28.18000030517578,28.440000534057617,21.785192489624023,3050700
2017-05-23,28.440000534057617,28.649999618530273,28.3799991607666,28.5,21.831151962280273,3222600
2017-05-24,28.549999237060547,28.690000534057617,28.40999984741211,28.670000076293945,21.96137237548828,2678700
2017-05-25,28.6200008392334,28.969999313354492,28.579999923706055,28.860000610351562,22.10691261291504,3512300
2017-05-26,28.889999389648438,28.969999313354492,28.649999618530273,28.920000076293945,22.152875900268555,2475900
2017-05-30,28.8700008392334,29.420000076293945,28.790000915527344,29.190000534057617,22.359699249267578,3148500
2017-05-31,29.1299991607666,29.3799991607666,29.049999237060547,29.239999771118164,22.39799690246582,3308900
2017-06-01,29.229999542236328,29.399999618530273,29.059999465942383,29.389999389648438,22.512901306152344,2940100
2017-06-02,29.59000015258789,29.6299991607666,29.329999923706055,29.450000762939453,22.558856964111328,2794700
2017-06-05,29.34000015258789,29.450000762939453,29.049999237060547,29.110000610351562,22.298418045043945,2830200
2017-06-06,29.170000076293945,29.239999771118164,28.950000762939453,29.059999465942383,22.26011848449707,4209200
2017-06-07,29.079999923706055,29.280000686645508,29.079999923706055,29.139999389648438,22.321393966674805,2805000
2017-06-08,29.139999389648438,29.139999389648438,28.65999984741211,28.8700008392334,22.114572525024414,3636000
2017-06-09,28.850000381469727,29.110000610351562,28.690000534057617,29.110000610351562,22.298418045043945,2933800
2017-06-12,29.139999389648438,29.6299991607666,29.110000610351562,29.510000228881836,22.604820251464844,4892900
2017-06-13,29.399999618530273,29.440000534057617,29.030000686645508,29.3700008392334,22.497577667236328,3483600
2017-06-14,29.600000381469727,29.809999465942383,29.43000030517578,29.59000015258789,22.666099548339844,3415200
2017-06-15,29.510000228881836,29.809999465942383,29.440000534057617,29.790000915527344,22.819303512573242,3829300
2017-06-16,29.850000381469727,30.299999237060547,29.81999969482422,29.93000030517578,22.926542282104492,12165600
2017-06-19,30.0,30.139999389648438,29.649999618530273,29.8700008392334,22.880582809448242,3720400
2017-06-20,29.850000381469727,30.0,29.829999923706055,29.8700008392334,22.880582809448242,2884800
2017-06-21,29.81999969482422,29.829999923706055,29.1200008392334,29.43000030517578,22.543537139892578,5344300
2017-06-22,29.3799991607666,29.68000030517578,29.149999618530273,29.18000030517578,22.35203742980957,2940800
2017-06-23,29.149999618530273,29.31999969482422,28.790000915527344,28.90999984741211,22.14521026611328,4799500
2017-06-26,29.010000228881836,30.209999084472656,28.979999542236328,30.09000015258789,23.049104690551758,7131300
2017-06-27,30.020000457763672,30.1299991607666,29.59000015258789,29.719999313354492,22.765684127807617,5086100
2017-06-28,29.81999969482422,30.09000015258789,29.06999969482422,29.100000381469727,22.29075813293457,4798600
2017-06-29,28.899999618530273,29.059999465942383,28.719999313354492,28.81999969482422,22.07627296447754,4171900
2017-06-30,28.8700008392334,29.43000030517578,28.829999923706055,29.15999984741211,22.33671760559082,5200000
2017-07-03,29.239999771118164,29.440000534057617,29.040000915527344,29.059999465942383,22.26011848449707,1929100
2017-07-05,29.100000381469727,29.360000610351562,28.93000030517578,29.209999084472656,22.375015258789062,4757600
2017-07-06,29.18000030517578,29.43000030517578,29.139999389648438,29.309999465942383,22.451614379882812,4930600
2017-07-07,29.309999465942383,29.43000030517578,29.110000610351562,29.25,22.405654907226562,3148500
2017-07-10,29.239999771118164,29.6299991607666,29.219999313354492,29.309999465942383,22.451614379882812,3805000
2017-07-11,29.350000381469727,29.3799991607666,29.1200008392334,29.280000686645508,22.428632736206055,4665400
2017-07-12,29.530000686645508,29.860000610351562,29.5,29.729999542236328,22.773334503173828,3707300
2017-07-13,29.729999542236328,29.829999923706055,29.3799991607666,29.65999984741211,22.7197208404541,5687400
2017-07-14,29.90999984741211,30.670000076293945,29.860000610351562,30.200000762939453,23.133365631103516,7637400
2017-07-17,30.209999084472656,30.469999313354492,30.030000686645508,30.239999771118164,23.164003372192383,5336000
2017-07-18,30.31999969482422,30.469999313354492,30.18000030517578,30.450000762939453,23.32486343383789,3770200
2017-07-19,30.540000915527344,30.959999084472656,30.3799991607666,30.829999923706055,23.615942001342773,7007000
2017-07-20,30.899999618530273,31.3799991607666,30.700000762939453,31.229999542236328,23.92234992980957,7000500
2017-07-21,31.15999984741211,31.84000015258789,31.079999923706055,31.739999771118164,24.313011169433594,7311200
2017-07-24,31.739999771118164,31.75,31.239999771118164,31.25,23.937667846679688,5705900
2017-07-25,31.25,31.360000610351562,30.850000381469727,30.8700008392334,23.646583557128906,4536100
2017-07-26,30.860000610351562,31.100000381469727,30.65999984741211,31.100000381469727,23.82276725769043,5624300
2017-07-27,31.049999237060547,31.40999984741211,30.799999237060547,31.25,23.937667846679688,5909200
2017-07-28,31.1299991607666,32.349998474121094,31.059999465942383,32.150001525878906,24.6270694732666,10070800
2017-07-31,32.099998474121094,32.13999938964844,31.690000534057617,31.90999984741211,24.443235397338867,5072100
2017-08-01,32.0099983215332,32.09000015258789,31.809999465942383,31.93000030517578,24.458555221557617,4034900
2017-08-02,31.799999237060547,32.29999923706055,31.6200008392334,32.209999084472656,24.67303466796875,4887500
2017-08-03,31.93000030517578,32.06999969482422,31.68000030517578,32.060001373291016,24.83571434020996,5394900
2017-08-04,31.829999923706055,32.18000030517578,31.780000686645508,32.06999969482422,24.843454360961914,3875900
2017-08-07,32.0,32.06999969482422,31.760000228881836,31.790000915527344,24.62655258178711,3599400
2017-08-08,31.719999313354492,32.060001373291016,31.690000534057617,31.950000762939453,24.75050163269043,3422200
2017-08-09,32.02000045776367,32.02000045776367,31.56999969482422,31.610000610351562,24.48711395263672,3041600
2017-08-10,31.639999389648438,32.18000030517578,31.59000015258789,32.040000915527344,24.82021713256836,4237900
2017-08-11,31.90999984741211,32.25,31.790000915527344,32.16999816894531,24.920921325683594,3904700
2017-08-14,32.5099983215332,32.58000183105469,32.220001220703125,32.47999954223633,25.161069869995117,3564500
2017-08-15,32.290000915527344,32.75,32.2599983215332,32.70000076293945,25.331493377685547,2957400
2017-08-16,32.70000076293945,32.880001068115234,32.540000915527344,32.689998626708984,25.323749542236328,3787100
2017-08-17,32.68000030517578,33.0,32.63999938964844,32.650001525878906,25.292766571044922,4429600
2017-08-18,32.630001068115234,33.08000183105469,32.4900016784668,32.83000183105469,25.432205200195312,3306000
2017-08-21,32.869998931884766,33.029998779296875,32.75,32.91999816894531,25.501920700073242,2855500
2017-08-22,32.900001525878906,33.02000045776367,32.72999954223633,32.900001525878906,25.48642921447754,2610700
2017-08-23,32.900001525878906,33.02000045776367,32.709999084472656,32.93000030517578,25.509672164916992,2469300
2017-08-24,32.88999938964844,32.97999954223633,32.63999938964844,32.66999816894531,25.308252334594727,2770800
2017-08-25,32.75,32.91999816894531,32.560001373291016,32.689998626708984,25.323749542236328,3779600
2017-08-28,32.77000045776367,32.88999938964844,32.619998931884766,32.79999923706055,25.408958435058594,2285900
2017-08-29,32.90999984741211,32.97999954223633,32.61000061035156,32.65999984741211,25.30051612854004,2394000
2017-08-30,32.68000030517578,32.81999969482422,32.540000915527344,32.599998474121094,25.254024505615234,3458100
2017-08-31,32.630001068115234,32.72999954223633,32.5099983215332,32.58000183105469,25.238536834716797,3853300
2017-09-01,32.650001525878906,32.7400016784668,32.400001525878906,32.41999816894531,25.114587783813477,2581900
2017-09-05,32.65999984741211,32.65999984741211,32.22999954223633,32.52000045776367,25.192058563232422,3226800
2017-09-06,32.599998474121094,32.65999984741211,32.25,32.29999923706055,25.02163314819336,2388200
2017-09-07,32.36000061035156,32.56999969482422,32.060001373291016,32.119998931884766,24.882192611694336,4814000
2017-09-08,32.13999938964844,32.220001220703125,31.75,32.209999084472656,24.951913833618164,4649800
2017-09-11,32.16999816894531,32.58000183105469,32.150001525878906,32.5099983215332,25.184310913085938,3403500
2017-09-12,32.5099983215332,32.529998779296875,31.559999465942383,31.760000228881836,24.60331153869629,3336000
2017-09-13,31.65999984741211,31.719999313354492,31.219999313354492,31.479999542236328,24.38640594482422,5821100
2017-09-14,31.40999984741211,31.639999389648438,31.139999389648438,31.639999389648438,24.510353088378906,3859100
2017-09-15,31.299999237060547,31.649999618530273,31.270000457763672,31.6200008392334,24.49485969543457,5434200
2017-09-18,31.6200008392334,31.700000762939453,30.850000381469727,31.25,24.208234786987305,4440100
2017-09-19,31.290000915527344,31.40999984741211,31.15999984741211,31.3700008392334,24.30119514465332,3938900
2017-09-20,31.420000076293945,31.469999313354492,30.93000030517578,31.190000534057617,24.16175651550293,3658300
2017-09-21,31.239999771118164,31.43000030517578,31.100000381469727,31.149999618530273,24.130767822265625,2445800
2017-09-22,31.239999771118164,31.290000915527344,30.8799991607666,30.889999389648438,23.929351806640625,2699300
2017-09-25,30.899999618530273,31.1299991607666,30.780000686645508,31.110000610351562,24.09978485107422,3211500
2017-09-26,31.010000228881836,31.059999465942383,30.770000457763672,30.829999923706055,23.882877349853516,4357900
2017-09-27,30.670000076293945,30.770000457763672,30.030000686645508,30.059999465942383,23.28638458251953,5710000
2017-09-28,30.0,30.329999923706055,29.809999465942383,30.06999969482422,23.294132232666016,3703200
2017-09-29,30.15999984741211,30.950000762939453,30.100000381469727,30.829999923706055,23.882877349853516,7725700
2017-10-02,30.920000076293945,31.110000610351562,30.649999618530273,30.850000381469727,23.89837074279785,4121400
2017-10-03,30.81999969482422,31.18000030517578,30.649999618530273,31.020000457763672,24.030059814453125,3659200
2017-10-04,31.010000228881836,31.40999984741211,30.850000381469727,31.350000381469727,24.285701751708984,3514600
2017-10-05,31.389999389648438,31.530000686645508,31.219999313354492,31.329999923706055,24.27020835876465,3345300
2017-10-06,31.219999313354492,31.420000076293945,30.979999542236328,31.3799991607666,24.30893898010254,4478900
2017-10-09,31.3799991607666,31.5,31.280000686645508,31.40999984741211,24.332181930541992,2433100
2017-10-10,31.420000076293945,31.649999618530273,31.3799991607666,31.59000015258789,24.47161865234375,3519600
2017-10-11,31.559999465942383,31.8799991607666,31.559999465942383,31.829999923706055,24.657541275024414,4329300
2017-10-12,31.8700008392334,32.560001373291016,31.770000457763672,32.45000076293945,25.137832641601562,4196700
2017-10-13,32.5099983215332,32.810001373291016,32.279998779296875,32.4900016784668,25.168819427490234,4332900
2017-10-16,32.40999984741211,32.529998779296875,32.040000915527344,32.060001373291016,24.83571434020996,5436900
2017-10-17,32.15999984741211,32.27000045776367,31.979999542236328,32.16999816894531,24.920921325683594,3881200
2017-10-18,32.119998931884766,32.20000076293945,31.790000915527344,31.989999771118164,24.781482696533203,3909300
2017-10-19,32.130001068115234,32.310001373291016,31.90999984741211,32.29999923706055,25.02163314819336,3206700
2017-10-20,32.2400016784668,32.279998779296875,31.920000076293945,32.130001068115234,24.889942169189453,3053800
2017-10-23,32.18000030517578,32.20000076293945,32.029998779296875,32.130001068115234,24.889942169189453,1944700
2017-10-24,32.11000061035156,32.13999938964844,31.899999618530273,32.0099983215332,24.796977996826172,2671300
2017-10-25,31.899999618530273,31.969999313354492,31.34000015258789,31.850000381469727,24.67303466796875,4901000
2017-10-26,31.989999771118164,32.16999816894531,31.65999984741211,31.780000686645508,24.618804931640625,3028600
2017-10-27,32.099998474121094,32.4900016784668,31.6200008392334,32.29999923706055,25.02163314819336,5708800
2017-10-30,32.38999938964844,32.70000076293945,32.2599983215332,32.66999816894531,25.308252334594727,6294900
2017-10-31,32.709999084472656,33.119998931884766,32.66999816894531,32.95000076293945,25.525157928466797,3714700
2017-11-01,32.93000030517578,32.95000076293945,32.5,32.560001373291016,25.223047256469727,3430800
2017-11-02,32.59000015258789,32.72999954223633,32.279998779296875,32.599998474121094,25.254024505615234,2867200
2017-11-03,32.560001373291016,32.869998931884766,32.459999084472656,32.75,25.370227813720703,3110200
2017-11-06,32.43000030517578,33.2599983215332,32.38999938964844,32.77000045776367,25.667875289916992,5491100
2017-11-07,32.810001373291016,33.22999954223633,32.709999084472656,33.13999938964844,25.957685470581055,4937700
2017-11-08,33.08000183105469,33.88999938964844,33.040000915527344,33.72999954223633,26.419818878173828,4221500
2017-11-09,33.56999969482422,33.9900016784668,33.5099983215332,33.599998474121094,26.317989349365234,3248000
2017-11-10,33.369998931884766,33.97999954223633,33.369998931884766,33.880001068115234,26.537315368652344,3961500
2017-11-13,33.86000061035156,34.5,33.83000183105469,34.209999084472656,26.795787811279297,4124200
2017-11-14,34.130001068115234,35.060001373291016,34.130001068115234,35.04999923706055,27.453739166259766,5251500
2017-11-15,35.119998931884766,35.220001220703125,34.43000030517578,34.779998779296875,27.242250442504883,5353000
2017-11-16,34.7599983215332,34.86000061035156,34.58000183105469,34.63999938964844,27.132591247558594,1862200
2017-11-17,34.56999969482422,35.02000045776367,34.5,34.650001525878906,27.14042854309082,4260700
2017-11-20,34.650001525878906,34.72999954223633,34.45000076293945,34.54999923706055,27.062095642089844,3077600
2017-11-21,34.59000015258789,34.59000015258789,34.18000030517578,34.22999954223633,26.81145477294922,3256400
2017-11-22,34.2599983215332,34.400001525878906,34.119998931884766,34.2400016784668,26.819284439086914,2856700
2017-11-24,34.27000045776367,34.41999816894531,33.93000030517578,33.939998626708984,26.584306716918945,2533200
2017-11-27,34.040000915527344,34.060001373291016,33.72999954223633,33.939998626708984,26.584306716918945,4417100
2017-11-28,33.90999984741211,33.959999084472656,33.369998931884766,33.540000915527344,26.270992279052734,6057800
2017-11-29,33.41999816894531,33.75,33.380001068115234,33.66999816894531,26.372819900512695,4447100
2017-11-30,33.709999084472656,34.2400016784668,33.66999816894531,34.13999938964844,26.7409610748291,4660200
2017-12-01,34.290000915527344,34.33000183105469,33.27000045776367,33.7599983215332,26.44331169128418,4432200
2017-12-04,33.81999969482422,33.81999969482422,32.5099983215332,32.58000183105469,25.519054412841797,8799800
2017-12-05,32.58000183105469,32.75,32.2400016784668,32.349998474121094,25.33889389038086,5046100
2017-12-06,32.45000076293945,32.56999969482422,32.13999938964844,32.369998931884766,25.35456085205078,3343200
2017-12-07,32.36000061035156,32.7400016784668,32.209999084472656,32.720001220703125,25.62870979309082,4849000
2017-12-08,32.709999084472656,32.869998931884766,32.52000045776367,32.83000183105469,25.714874267578125,3548200
2017-12-11,32.79999923706055,33.22999954223633,32.79999923706055,33.13999938964844,25.957685470581055,4390600
2017-12-12,33.04999923706055,33.27000045776367,32.65999984741211,32.65999984741211,25.581716537475586,4266900
2017-12-13,32.7400016784668,32.7599983215332,32.27000045776367,32.27000045776367,25.2762393951416,4284600
2017-12-14,32.150001525878906,32.290000915527344,31.920000076293945,32.119998931884766,25.158748626708984,4042800
2017-12-15,32.220001220703125,32.40999984741211,31.760000228881836,31.829999923706055,24.931598663330078,7756100
2017-12-18,31.959999084472656,32.0,31.40999984741211,31.510000228881836,24.680950164794922,4881100
2017-12-19,31.469999313354492,31.540000915527344,30.950000762939453,31.010000228881836,24.289308547973633,4921800
2017-12-20,30.979999542236328,31.1200008392334,30.59000015258789,30.59000015258789,23.96033477783203,3340100
2017-12-21,30.459999084472656,30.899999618530273,30.260000228881836,30.59000015258789,23.96033477783203,3600300
2017-12-22,30.6299991607666,30.790000915527344,30.3700008392334,30.479999542236328,23.874176025390625,2657000
2017-12-26,30.5,30.670000076293945,30.299999237060547,30.31999969482422,23.748855590820312,1908200
2017-12-27,30.3700008392334,30.479999542236328,30.229999542236328,30.31999969482422,23.748855590820312,2258400
2017-12-28,30.329999923706055,30.489999771118164,30.18000030517578,30.450000762939453,23.850677490234375,1932000
2017-12-29,30.479999542236328,30.709999084472656,30.399999618530273,30.6200008392334,23.98383331298828,2323400
2018-01-02,30.719999313354492,30.860000610351562,30.3799991607666,30.81999969482422,24.14048957824707,4084400
2018-01-03,30.65999984741211,31.010000228881836,30.219999313354492,30.3799991607666,23.795846939086914,3772800
2018-01-04,30.3700008392334,30.770000457763672,30.270000457763672,30.31999969482422,23.748855590820312,3195400
2018-01-05,30.34000015258789,30.559999465942383,30.079999923706055,30.110000610351562,23.584367752075195,4564300
2018-01-08,30.110000610351562,30.56999969482422,30.100000381469727,30.389999389648438,23.803686141967773,6862800
2018-01-09,30.3799991607666,30.549999237060547,30.020000457763672,30.059999465942383,23.545198440551758,4145300
2018-01-10,30.0,30.280000686645508,29.65999984741211,29.81999969482422,23.357219696044922,4755200
2018-01-11,29.829999923706055,30.360000610351562,29.75,30.239999771118164,23.686193466186523,5618400
2018-01-12,30.18000030517578,30.360000610351562,29.989999771118164,30.06999969482422,23.55303192138672,3989100
2018-01-16,30.190000534057617,30.25,29.68000030517578,29.920000076293945,23.435543060302734,4599200
2018-01-17,29.899999618530273,30.260000228881836,29.700000762939453,29.920000076293945,23.435543060302734,4773100
2018-01-18,29.860000610351562,29.93000030517578,29.350000381469727,29.559999465942383,23.153564453125,5686600
2018-01-19,29.649999618530273,29.920000076293945,29.34000015258789,29.399999618530273,23.028242111206055,6574500
2018-01-22,32.13999938964844,34.130001068115234,31.729999542236328,32.45000076293945,25.417226791381836,30608600
2018-01-23,32.61000061035156,32.63999938964844,31.989999771118164,32.0,25.06475257873535,17914400
2018-01-24,31.899999618530273,31.93000030517578,31.030000686645508,31.100000381469727,24.35980987548828,15246700
2018-01-25,31.239999771118164,32.29999923706055,31.209999084472656,32.09000015258789,25.135242462158203,21936700
2018-01-26,32.4900016784668,33.0,31.799999237060547,32.09000015258789,25.135242462158203,19393600
2018-01-29,32.150001525878906,32.369998931884766,31.799999237060547,32.16999816894531,25.197906494140625,16728800
2018-01-30,32.04999923706055,32.400001525878906,31.760000228881836,32.31999969482422,25.31540298461914,13242100
2018-01-31,32.25,32.95000076293945,32.099998474121094,32.900001525878906,25.769702911376953,15400300
2018-02-01,32.900001525878906,33.0,32.439998626708984,32.619998931884766,25.55038070678711,7683400
2018-02-02,32.4900016784668,32.7400016784668,32.060001373291016,32.11000061035156,25.150917053222656,7225900
2018-02-05,32.02000045776367,32.38999938964844,31.540000915527344,31.600000381469727,24.75144386291504,6006100
2018-02-06,30.899999618530273,31.309999465942383,30.1299991607666,30.889999389648438,24.474136352539062,7664200
2018-02-07,30.860000610351562,31.329999923706055,30.770000457763672,30.809999465942383,24.41075325012207,6409300
2018-02-08,30.700000762939453,31.31999969482422,30.489999771118164,30.639999389648438,24.27606201171875,8581600
2018-02-09,30.760000228881836,31.559999465942383,30.709999084472656,31.290000915527344,24.791057586669922,8359600
2018-02-12,31.3799991607666,31.68000030517578,31.09000015258789,31.5,24.957441329956055,7463100
2018-02-13,31.6200008392334,32.209999084472656,31.260000228881836,32.099998474121094,25.432817459106445,10011000
2018-02-14,31.899999618530273,32.29999923706055,31.59000015258789,31.950000762939453,25.31397819519043,7642000
2018-02-15,32.040000915527344,32.869998931884766,31.959999084472656,32.790000915527344,25.97951316833496,7773000
2018-02-16,32.88999938964844,33.29999923706055,32.709999084472656,33.029998779296875,26.169658660888672,4806400
2018-02-20,32.83000183105469,33.060001373291016,32.43000030517578,32.79999923706055,25.987428665161133,5779100
2018-02-21,33.5099983215332,33.86000061035156,32.7400016784668,32.7599983215332,25.95574188232422,12353100
2018-02-22,32.79999923706055,33.400001525878906,32.59000015258789,32.91999816894531,26.08250617980957,5658400
2018-02-23,32.9900016784668,33.84000015258789,32.91999816894531,33.79999923706055,26.779733657836914,5105700
2018-02-26,33.900001525878906,34.060001373291016,33.54999923706055,33.66999816894531,26.67673110961914,4850100
2018-02-27,33.779998779296875,33.90999984741211,32.869998931884766,32.900001525878906,26.066665649414062,5445000
2018-02-28,32.970001220703125,33.029998779296875,32.33000183105469,32.33000183105469,25.615055084228516,6759500
2018-03-01,32.34000015258789,32.86000061035156,32.099998474121094,32.310001373291016,25.59920310974121,7098800
2018-03-02,32.2599983215332,32.59000015258789,32.029998779296875,32.279998779296875,25.575435638427734,9225000
2018-03-05,32.20000076293945,32.720001220703125,32.11000061035156,32.630001068115234,25.85274314880371,9118600
2018-03-06,32.54999923706055,32.650001525878906,31.770000457763672,31.850000381469727,25.234745025634766,5186100
2018-03-07,31.760000228881836,31.8700008392334,31.290000915527344,31.59000015258789,25.02874755859375,5005300
2018-03-08,31.739999771118164,31.90999984741211,31.5,31.799999237060547,25.19512939453125,3894900
2018-03-09,31.799999237060547,32.65999984741211,31.68000030517578,32.650001525878906,25.868587493896484,8118800
2018-03-12,32.70000076293945,32.88999938964844,32.54999923706055,32.70000076293945,25.908203125,6814400
2018-03-13,32.790000915527344,33.22999954223633,32.790000915527344,32.9900016784668,26.13797378540039,5127600
2018-03-14,33.040000915527344,33.470001220703125,32.970001220703125,33.41999816894531,26.478660583496094,6060500
2018-03-15,33.45000076293945,33.93000030517578,33.40999984741211,33.68000030517578,26.68465805053711,5669200
2018-03-16,33.68000030517578,34.0099983215332,33.630001068115234,33.88999938964844,26.85103988647461,12514000
2018-03-19,33.900001525878906,34.0099983215332,33.540000915527344,33.790000915527344,26.771806716918945,6738900
2018-03-20,33.81999969482422,34.099998474121094,33.66999816894531,33.7400016784668,26.73219871520996,7894100
2018-03-21,33.75,34.22999954223633,33.72999954223633,34.060001373291016,26.98573112487793,5436100
2018-03-22,33.97999954223633,34.63999938964844,33.97999954223633,34.45000076293945,27.29472541809082,7572200
2018-03-23,34.439998626708984,34.5099983215332,33.72999954223633,33.7400016784668,26.73219871520996,5021900
2018-03-26,33.779998779296875,34.0,33.529998779296875,33.9900016784668,26.930267333984375,9011700
2018-03-27,34.060001373291016,35.029998779296875,33.939998626708984,34.529998779296875,27.358112335205078,6219900
2018-03-28,34.650001525878906,34.900001525878906,34.2599983215332,34.38999938964844,27.247180938720703,7195700
2018-03-29,34.34000015258789,34.68000030517578,33.91999816894531,34.0099983215332,26.946115493774414,10424400
2018-04-02,34.02000045776367,34.36000061035156,33.630001068115234,33.86000061035156,26.8272705078125,5680600
2018-04-03,33.77000045776367,34.15999984741211,33.5,34.029998779296875,26.961959838867188,3269300
2018-04-04,33.849998474121094,34.290000915527344,33.65999984741211,34.18000030517578,27.0808048248291,3956600
2018-04-05,34.18000030517578,34.40999984741211,33.63999938964844,34.349998474121094,27.215492248535156,4503500
2018-04-06,34.310001373291016,34.56999969482422,34.06999969482422,34.20000076293945,27.096651077270508,3919200
2018-04-09,34.20000076293945,34.400001525878906,33.91999816894531,34.13999938964844,27.049116134643555,2674000
2018-04-10,34.33000183105469,34.45000076293945,34.189998626708984,34.38999938964844,27.247180938720703,3619200
2018-04-11,34.34000015258789,34.61000061035156,34.18000030517578,34.5,27.334335327148438,2855400
2018-04-12,34.5099983215332,34.650001525878906,33.97999954223633,34.09000015258789,27.009498596191406,3010800
2018-04-13,34.20000076293945,34.599998474121094,34.130001068115234,34.40999984741211,27.263031005859375,3156600
2018-04-16,34.529998779296875,34.779998779296875,34.41999816894531,34.61000061035156,27.42149543762207,5121200
2018-04-17,34.75,35.16999816894531,34.63999938964844,35.060001373291016,27.778026580810547,3964100
2018-04-18,35.18000030517578,35.52000045776367,35.06999969482422,35.099998474121094,27.80971908569336,3369300
2018-04-19,35.06999969482422,35.25,34.650001525878906,34.869998931884766,27.627492904663086,3541500
2018-04-20,34.939998626708984,34.959999084472656,34.38999938964844,34.439998626708984,27.286800384521484,4231200
2018-04-23,34.459999084472656,35.560001373291016,34.18000030517578,34.5,27.334335327148438,6854200
2018-04-24,34.75,34.77000045776367,34.18000030517578,34.290000915527344,27.167957305908203,8441900
2018-04-25,34.25,34.290000915527344,33.65999984741211,34.15999984741211,27.064958572387695,5859900
2018-04-26,34.18000030517578,34.33000183105469,33.869998931884766,34.290000915527344,27.167957305908203,5580700
2018-04-27,34.2400016784668,34.5,34.130001068115234,34.29999923706055,27.17587661743164,3856800
2018-04-30,34.869998931884766,34.869998931884766,34.25,34.400001525878906,27.25511360168457,5732500
2018-05-01,34.2400016784668,34.400001525878906,33.77000045776367,33.880001068115234,26.84311294555664,3752800
2018-05-02,33.880001068115234,34.189998626708984,33.779998779296875,34.0099983215332,26.946115493774414,4204900
2018-05-03,33.90999984741211,34.04999923706055,33.38999938964844,33.880001068115234,26.84311294555664,4066700
2018-05-04,33.59000015258789,34.220001220703125,33.529998779296875,34.11000061035156,27.31559181213379,3985900
2018-05-07,34.45000076293945,34.650001525878906,34.04999923706055,34.130001068115234,27.331607818603516,4924000
2018-05-08,33.970001220703125,34.040000915527344,33.08000183105469,33.2400016784668,26.61888885498047,7280100
2018-05-09,33.2599983215332,33.52000045776367,33.18000030517578,33.52000045776367,26.84311294555664,4953400
2018-05-10,33.68000030517578,34.0099983215332,33.59000015258789,33.90999984741211,27.155427932739258,2873800
2018-05-11,33.95000076293945,34.16999816894531,33.810001373291016,34.060001373291016,27.275548934936523,1958500
2018-05-14,34.040000915527344,34.09000015258789,33.59000015258789,33.75,27.027297973632812,3937700
2018-05-15,33.56999969482422,33.7599983215332,33.16999816894531,33.630001068115234,26.931201934814453,3156100
2018-05-16,33.70000076293945,33.77000045776367,33.40999984741211,33.66999816894531,26.963232040405273,4535000
2018-05-17,33.63999938964844,33.689998626708984,33.16999816894531,33.25,26.626895904541016,3855600
2018-05-18,33.22999954223633,33.4900016784668,32.93000030517578,33.18000030517578,26.570838928222656,3412200
2018-05-21,33.2599983215332,33.45000076293945,33.06999969482422,33.41999816894531,26.763032913208008,4335000
2018-05-22,33.349998474121094,33.61000061035156,33.20000076293945,33.560001373291016,26.875146865844727,3561700
2018-05-23,33.619998931884766,33.97999954223633,33.5099983215332,33.849998474121094,27.107383728027344,3478000
2018-05-24,33.90999984741211,34.16999816894531,33.790000915527344,33.939998626708984,27.17945098876953,3884200
2018-05-25,34.0099983215332,34.189998626708984,33.849998474121094,34.099998474121094,27.307580947875977,2176500
2018-05-29,34.09000015258789,34.22999954223633,33.70000076293945,34.060001373291016,27.275548934936523,3864300
2018-05-30,33.93000030517578,34.40999984741211,33.7400016784668,34.22999954223633,27.41168785095215,2714200
2018-05-31,34.220001220703125,34.75,34.099998474121094,34.41999816894531,27.5638484954834,7741400
2018-06-01,34.41999816894531,34.4900016784668,33.84000015258789,34.20000076293945,27.387666702270508,2755800
2018-06-04,34.310001373291016,34.40999984741211,33.72999954223633,33.81999969482422,27.08335304260254,2165500
2018-06-05,33.86000061035156,34.20000076293945,33.810001373291016,33.939998626708984,27.17945098876953,4559700
2018-06-06,33.90999984741211,34.11000061035156,33.02000045776367,33.16999816894531,26.562829971313477,3291200
2018-06-07,33.130001068115234,33.65999984741211,33.029998779296875,33.34000015258789,26.698970794677734,2741800
2018-06-08,33.400001525878906,33.47999954223633,33.22999954223633,33.31999969482422,26.682954788208008,2893300
2018-06-11,33.349998474121094,33.470001220703125,32.91999816894531,32.970001220703125,26.40266990661621,2575200
2018-06-12,32.970001220703125,33.43000030517578,32.959999084472656,33.31999969482422,26.682954788208008,3014400
2018-06-13,33.369998931884766,33.84000015258789,33.220001220703125,33.630001068115234,26.931201934814453,4921600
2018-06-14,33.70000076293945,34.34000015258789,33.61000061035156,34.27000045776367,27.443721771240234,5916600
2018-06-15,34.66999816894531,34.90999984741211,33.81999969482422,34.70000076293945,27.788074493408203,8589100
2018-06-18,34.61000061035156,34.97999954223633,34.5099983215332,34.7400016784668,27.820106506347656,4119200
2018-06-19,34.779998779296875,35.13999938964844,34.63999938964844,34.91999816894531,27.964242935180664,3538800
2018-06-20,35.0099983215332,35.11000061035156,34.720001220703125,34.88999938964844,27.940223693847656,2766200
2018-06-21,35.0,35.34000015258789,34.88999938964844,35.150001525878906,28.1484375,2598500
2018-06-22,35.150001525878906,35.349998474121094,35.02000045776367,35.09000015258789,28.100385665893555,3629000
2018-06-25,35.209999084472656,36.290000915527344,35.16999816894531,36.20000076293945,28.989282608032227,6082400
2018-06-26,36.150001525878906,36.5099983215332,36.0,36.060001373291016,28.877168655395508,3554800
2018-06-27,36.029998779296875,36.54999923706055,35.88999938964844,36.470001220703125,29.205503463745117,5202500
2018-06-28,36.38999938964844,36.709999084472656,35.9900016784668,36.189998626708984,28.981273651123047,4327900
2018-06-29,36.08000183105469,36.11000061035156,35.63999938964844,35.90999984741211,28.757049560546875,4169200
2018-07-02,35.88999938964844,36.310001373291016,35.81999969482422,36.220001220703125,29.00530433654785,3946800
2018-07-03,36.189998626708984,36.7400016784668,36.040000915527344,36.43000030517578,29.173477172851562,2398100
2018-07-05,36.45000076293945,36.689998626708984,36.27000045776367,36.65999984741211,29.357656478881836,2864300
2018-07-06,36.65999984741211,37.0,36.630001068115234,36.77000045776367,29.445749282836914,2687000
2018-07-09,36.790000915527344,36.79999923706055,35.119998931884766,35.31999969482422,28.28457260131836,5805200
2018-07-10,35.11000061035156,35.79999923706055,34.970001220703125,35.38999938964844,28.340625762939453,4601100
2018-07-11,35.529998779296875,36.11000061035156,35.529998779296875,35.900001525878906,28.749048233032227,3570200
2018-07-12,35.970001220703125,36.040000915527344,35.310001373291016,35.650001525878906,28.548843383789062,3940700
2018-07-13,35.650001525878906,35.869998931884766,35.459999084472656,35.84000015258789,28.700992584228516,2202800
2018-07-16,35.75,36.33000183105469,35.63999938964844,36.150001525878906,28.949241638183594,3791000
2018-07-17,36.220001220703125,36.54999923706055,36.099998474121094,36.2599983215332,29.037324905395508,3499200
2018-07-18,36.27000045776367,36.279998779296875,35.560001373291016,35.65999984741211,28.55684471130371,3604500
2018-07-19,35.720001220703125,36.060001373291016,35.529998779296875,35.63999938964844,28.540836334228516,7858300
2018-07-20,35.529998779296875,35.599998474121094,34.880001068115234,35.310001373291016,28.276567459106445,3220600
2018-07-23,35.380001068115234,35.470001220703125,34.83000183105469,34.83000183105469,27.892181396484375,5019000
2018-07-24,34.83000183105469,34.86000061035156,34.29999923706055,34.54999923706055,27.66794776916504,5055600
2018-07-25,34.4900016784668,35.119998931884766,34.4900016784668,34.720001220703125,27.804092407226562,4046900
2018-07-26,34.95000076293945,35.220001220703125,34.90999984741211,35.209999084472656,28.196483612060547,2472400
2018-07-27,35.2400016784668,35.40999984741211,34.86000061035156,35.0099983215332,28.03632354736328,2088100
2018-07-30,34.810001373291016,35.0,34.72999954223633,34.900001525878906,27.94823455810547,4592900
2018-07-31,35.06999969482422,35.52000045776367,34.97999954223633,35.43000030517578,28.372663497924805,5607400
2018-08-01,35.900001525878906,36.560001373291016,35.369998931884766,36.459999084472656,29.197490692138672,7429900
2018-08-02,36.400001525878906,36.790000915527344,35.77000045776367,36.41999816894531,29.16546058654785,4375800
2018-08-03,36.369998931884766,36.689998626708984,36.09000015258789,36.54999923706055,29.269567489624023,3798800
2018-08-06,36.290000915527344,36.5099983215332,36.13999938964844,36.2400016784668,29.31001091003418,2791600
2018-08-07,36.16999816894531,36.27000045776367,35.880001068115234,36.150001525878906,29.237220764160156,2984300
2018-08-08,36.08000183105469,36.220001220703125,35.88999938964844,36.0,29.115901947021484,2427500
2018-08-09,36.0099983215332,36.34000015258789,35.93000030517578,36.29999923706055,29.3585262298584,2387800
2018-08-10,36.36000061035156,36.65999984741211,36.130001068115234,36.2400016784668,29.31001091003418,1848900
2018-08-13,36.2599983215332,36.400001525878906,36.06999969482422,36.36000061035156,29.407066345214844,2144300
2018-08-14,36.29999923706055,36.56999969482422,36.279998779296875,36.380001068115234,29.423233032226562,3823300
2018-08-15,36.4900016784668,36.900001525878906,36.34000015258789,36.650001525878906,29.6416072845459,2175000
2018-08-16,36.59000015258789,37.08000183105469,36.5,37.06999969482422,29.981287002563477,2413100
2018-08-17,37.040000915527344,37.52000045776367,36.90999984741211,37.29999923706055,30.167306900024414,3163900
2018-08-20,37.29999923706055,37.43000030517578,37.040000915527344,37.08000183105469,29.989383697509766,3865800
2018-08-21,36.97999954223633,37.029998779296875,36.66999816894531,36.790000915527344,29.754837036132812,1653300
2018-08-22,36.90999984741211,36.90999984741211,36.38999938964844,36.54999923706055,29.56072425842285,1679100
2018-08-23,36.599998474121094,36.959999084472656,36.52000045776367,36.779998779296875,29.74674415588379,2139000
2018-08-24,36.79999923706055,37.09000015258789,36.63999938964844,37.04999923706055,29.965110778808594,1473600
2018-08-27,37.09000015258789,37.119998931884766,36.540000915527344,36.84000015258789,29.79527473449707,1907400
2018-08-28,37.0,37.2599983215332,36.689998626708984,37.15999984741211,30.0540828704834,3981500
2018-08-29,37.220001220703125,37.47999954223633,37.130001068115234,37.470001220703125,30.30479621887207,3198100
2018-08-30,37.56999969482422,37.689998626708984,37.27000045776367,37.380001068115234,30.23200798034668,3149000
2018-08-31,37.400001525878906,37.7400016784668,37.22999954223633,37.380001068115234,30.23200798034668,2848000
2018-09-04,37.41999816894531,37.72999954223633,37.41999816894531,37.56999969482422,30.38568115234375,2917100
2018-09-05,37.59000015258789,37.91999816894531,37.529998779296875,37.79999923706055,30.57169532775879,2479600
2018-09-06,37.849998474121094,38.09000015258789,37.7400016784668,37.959999084472656,30.701099395751953,2955100
2018-09-07,37.720001220703125,37.939998626708984,37.459999084472656,37.5099983215332,30.337146759033203,3367200
2018-09-10,37.689998626708984,38.290000915527344,37.689998626708984,38.130001068115234,30.838594436645508,5056100
2018-09-11,38.11000061035156,38.369998931884766,37.810001373291016,37.97999954223633,30.71727752685547,2627300
2018-09-12,37.939998626708984,38.0,37.41999816894531,37.75,30.531261444091797,2921400
2018-09-13,37.810001373291016,37.83000183105469,37.439998626708984,37.790000915527344,30.56360626220703,3061800
2018-09-14,37.70000076293945,37.88999938964844,37.33000183105469,37.83000183105469,30.595958709716797,2510500
2018-09-17,37.91999816894531,38.04999923706055,37.77000045776367,37.93000030517578,30.676830291748047,2347300
2018-09-18,37.7400016784668,37.95000076293945,37.70000076293945,37.86000061035156,30.620220184326172,4597600
2018-09-19,37.900001525878906,37.939998626708984,36.560001373291016,36.79999923706055,29.762924194335938,3887200
2018-09-20,36.709999084472656,37.08000183105469,36.47999954223633,36.86000061035156,29.811447143554688,4265200
2018-09-21,36.79999923706055,37.04999923706055,36.52000045776367,36.900001525878906,29.84380531311035,11661900
2018-09-24,36.84000015258789,37.0099983215332,36.70000076293945,36.86000061035156,29.811447143554688,3789600
2018-09-25,36.779998779296875,36.779998779296875,35.90999984741211,36.380001068115234,29.423233032226562,4207800
2018-09-26,36.4900016784668,36.5,35.880001068115234,35.90999984741211,29.04311180114746,3372900
2018-09-27,36.0099983215332,36.689998626708984,35.939998626708984,36.529998779296875,29.5445556640625,2648900
2018-09-28,36.650001525878906,37.25,36.56999969482422,37.16999816894531,30.062162399291992,3763500
2018-10-01,37.130001068115234,37.15999984741211,36.84000015258789,37.0099983215332,29.932762145996094,2631400
2018-10-02,37.25,37.650001525878906,37.029998779296875,37.43000030517578,30.27245330810547,2756700
2018-10-03,37.38999938964844,37.59000015258789,36.349998474121094,36.70000076293945,29.682044982910156,2674000
2018-10-04,36.709999084472656,37.29999923706055,36.529998779296875,37.13999938964844,30.03790283203125,3709300
2018-10-05,37.11000061035156,38.029998779296875,37.11000061035156,37.97999954223633,30.71727752685547,5333900
2018-10-08,38.0,38.36000061035156,37.83000183105469,38.04999923706055,30.773895263671875,5813100
2018-10-09,38.15999984741211,38.52000045776367,37.97999954223633,38.349998474121094,31.016523361206055,3127900
2018-10-10,38.2599983215332,38.70000076293945,38.029998779296875,38.04999923706055,30.773895263671875,3346800
2018-10-11,38.279998779296875,38.34000015258789,37.04999923706055,37.209999084472656,30.094512939453125,3890900
2018-10-12,37.130001068115234,37.349998474121094,36.79999923706055,37.25,30.12687110900879,2300900
2018-10-15,37.31999969482422,37.84000015258789,37.290000915527344,37.40999984741211,30.256271362304688,2757200
2018-10-16,37.43000030517578,38.060001373291016,37.369998931884766,37.79999923706055,30.57169532775879,3080500
2018-10-17,37.779998779296875,38.0,37.650001525878906,37.91999816894531,30.66874122619629,2936500
2018-10-18,37.93000030517578,38.25,37.779998779296875,38.060001373291016,30.781978607177734,3650500
2018-10-19,38.040000915527344,38.9900016784668,38.0099983215332,38.849998474121094,31.42090606689453,4203600
2018-10-22,38.83000183105469,38.95000076293945,38.5,38.619998931884766,31.234899520874023,3305300
2018-10-23,38.63999938964844,38.93000030517578,37.810001373291016,38.2400016784668,30.927555084228516,3328500
2018-10-24,38.38999938964844,39.0099983215332,38.20000076293945,38.709999084472656,31.30768585205078,4540100
2018-10-25,38.529998779296875,38.619998931884766,37.77000045776367,37.88999938964844,30.64447784423828,4227000
2018-10-26,38.060001373291016,38.2400016784668,36.31999969482422,36.709999084472656,29.69013214111328,7817500
2018-10-29,36.849998474121094,37.720001220703125,36.849998474121094,37.2599983215332,30.134950637817383,5213800
2018-10-30,37.41999816894531,37.84000015258789,36.91999816894531,37.22999954223633,30.11069107055664,4877100
2018-10-31,37.099998474121094,37.7400016784668,36.650001525878906,37.279998779296875,30.151132583618164,5618800
2018-11-01,37.2599983215332,37.279998779296875,36.529998779296875,37.16999816894531,30.062162399291992,5531500
2018-11-02,37.27000045776367,37.349998474121094,36.83000183105469,37.119998931884766,30.021728515625,3857700
2018-11-05,37.279998779296875,37.7599983215332,37.130001068115234,37.47999954223633,30.312889099121094,4368000
2018-11-06,37.13999938964844,37.529998779296875,36.88999938964844,37.459999084472656,30.590538024902344,3116400
2018-11-07,37.459999084472656,37.84000015258789,37.380001068115234,37.75,30.827356338500977,3392800
2018-11-08,37.75,38.029998779296875,37.279998779296875,37.70000076293945,30.786527633666992,3955800
2018-11-09,37.66999816894531,38.11000061035156,37.630001068115234,38.0,31.031511306762695,3639700
2018-11-12,38.040000915527344,39.380001068115234,38.0,38.790000915527344,31.676647186279297,4099000
2018-11-13,38.79999923706055,38.880001068115234,38.13999938964844,38.68000030517578,31.586824417114258,2752800
2018-11-14,38.4900016784668,38.790000915527344,38.15999984741211,38.33000183105469,31.300992965698242,3958100
2018-11-15,38.209999084472656,38.91999816894531,37.86000061035156,38.81999969482422,31.701141357421875,5721300
2018-11-16,39.25,39.36000061035156,38.63999938964844,38.77000045776367,31.660310745239258,3203000
2018-11-19,38.7400016784668,39.27000045776367,38.400001525878906,38.540000915527344,31.472490310668945,5198100
2018-11-20,38.709999084472656,38.84000015258789,37.4900016784668,37.95000076293945,30.99068260192871,5944000
2018-11-21,37.61000061035156,37.7400016784668,37.08000183105469,37.29999923706055,30.459877014160156,4497400
2018-11-23,37.33000183105469,37.66999816894531,37.02000045776367,37.5,30.623201370239258,1629300
2018-11-26,37.5,37.7400016784668,37.130001068115234,37.689998626708984,30.77835464477539,2953100
2018-11-27,37.68000030517578,37.9900016784668,37.400001525878906,37.88999938964844,30.941682815551758,3098700
2018-11-28,38.0,38.11000061035156,37.40999984741211,37.599998474121094,30.70486068725586,3736100
2018-11-29,37.52000045776367,37.540000915527344,36.650001525878906,37.150001525878906,30.33738899230957,5133300
2018-11-30,37.18000030517578,37.95000076293945,37.119998931884766,37.83000183105469,30.89267921447754,6353500
2018-12-03,37.869998931884766,38.63999938964844,37.689998626708984,38.59000015258789,31.513317108154297,3825400
2018-12-04,38.709999084472656,39.22999954223633,38.470001220703125,38.54999923706055,31.48065185546875,6133200
2018-12-06,38.689998626708984,39.11000061035156,37.9900016784668,39.08000183105469,31.9134578704834,5537700
2018-12-07,38.9900016784668,39.40999984741211,38.4900016784668,39.22999954223633,32.03594970703125,3541500
2018-12-10,39.29999923706055,39.66999816894531,38.689998626708984,39.540000915527344,32.28910446166992,3783600
2018-12-11,39.54999923706055,39.81999969482422,39.040000915527344,39.61000061035156,32.34626388549805,3119100
2018-12-12,39.65999984741211,39.880001068115234,39.220001220703125,39.22999954223633,32.03594970703125,12897500
2018-12-13,39.20000076293945,39.83000183105469,39.02000045776367,39.439998626708984,32.207435607910156,9558000
2018-12-14,39.470001220703125,39.779998779296875,38.900001525878906,39.119998931884766,31.946117401123047,11758600
2018-12-17,39.220001220703125,39.33000183105469,37.56999969482422,37.720001220703125,30.802860260009766,5668000
2018-12-18,37.880001068115234,38.18000030517578,37.31999969482422,37.630001068115234,30.729351043701172,7470500
2018-12-19,37.5099983215332,38.060001373291016,37.2400016784668,37.36000061035156,30.508874893188477,7416200
2018-12-20,37.40999984741211,37.810001373291016,36.900001525878906,37.400001525878906,30.541549682617188,7329600
2018-12-21,37.31999969482422,38.41999816894531,36.939998626708984,37.189998626708984,30.370044708251953,8925900
2018-12-24,37.20000076293945,37.380001068115234,35.56999969482422,35.84000015258789,29.267616271972656,2594500
2018-12-26,35.84000015258789,36.630001068115234,35.33000183105469,36.599998474121094,29.888240814208984,3697100
2018-12-27,36.54999923706055,37.029998779296875,35.77000045776367,37.029998779296875,30.239381790161133,4305300
2018-12-28,37.09000015258789,37.61000061035156,36.970001220703125,37.2599983215332,30.427209854125977,3497300
2018-12-31,37.34000015258789,37.56999969482422,36.93000030517578,37.54999923706055,30.664030075073242,5770100
2019-01-02,37.38999938964844,37.540000915527344,36.52000045776367,36.720001220703125,29.986238479614258,3990600
2019-01-03,36.7400016784668,37.08000183105469,36.4900016784668,36.709999084472656,29.97806739807129,3603000
2019-01-04,36.290000915527344,37.29999923706055,36.290000915527344,37.16999816894531,30.35371208190918,4453500
2019-01-07,37.119998931884766,37.68000030517578,37.0099983215332,37.63999938964844,30.737525939941406,5800400
2019-01-08,37.59000015258789,38.189998626708984,37.43000030517578,38.18000030517578,31.178504943847656,5718800
2019-01-09,38.029998779296875,38.220001220703125,37.720001220703125,37.95000076293945,30.99068260192871,6366300
2019-01-10,37.9900016784668,38.619998931884766,37.84000015258789,38.58000183105469,31.50514793395996,4081400
2019-01-11,38.56999969482422,38.56999969482422,38.09000015258789,38.369998931884766,31.333662033081055,3506900
2019-01-14,38.130001068115234,38.209999084472656,37.290000915527344,38.0,31.031511306762695,4998500
2019-01-15,37.95000076293945,38.470001220703125,37.81999969482422,38.119998931884766,31.129499435424805,5188600
2019-01-16,37.95000076293945,38.599998474121094,37.72999954223633,38.47999954223633,31.423490524291992,4644600
2019-01-17,38.400001525878906,38.88999938964844,38.33000183105469,38.709999084472656,31.611309051513672,4620600
2019-01-18,38.79999923706055,39.18000030517578,38.54999923706055,38.869998931884766,31.74197006225586,3806400
2019-01-22,38.9900016784668,39.06999969482422,38.45000076293945,38.75,31.64397621154785,2972200
2019-01-23,38.93000030517578,39.400001525878906,38.77000045776367,39.369998931884766,32.15027618408203,5007300
2019-01-24,39.369998931884766,39.43000030517578,39.0099983215332,39.279998779296875,32.076778411865234,3442800
2019-01-25,39.11000061035156,39.380001068115234,38.72999954223633,38.790000915527344,31.676647186279297,3054500
2019-01-28,38.65999984741211,38.91999816894531,38.16999816894531,38.59000015258789,31.513317108154297,5495000
2019-01-29,38.709999084472656,38.95000076293945,38.380001068115234,38.560001373291016,31.488821029663086,3336500
2019-01-30,38.439998626708984,38.86000061035156,38.40999984741211,38.75,31.64397621154785,3547100
2019-01-31,38.75,39.290000915527344,38.459999084472656,39.20000076293945,32.011444091796875,7394500
2019-02-01,39.13999938964844,39.31999969482422,38.560001373291016,38.779998779296875,31.668466567993164,7887300
2019-02-04,38.150001525878906,38.599998474121094,38.11000061035156,38.540000915527344,31.472490310668945,8885700
2019-02-05,38.540000915527344,38.75,38.34000015258789,38.689998626708984,31.594972610473633,10002500
2019-02-06,38.31999969482422,38.81999969482422,38.279998779296875,38.65999984741211,31.88363265991211,6429400
2019-02-07,38.66999816894531,39.36000061035156,38.45000076293945,39.310001373291016,32.41969299316406,6999900
2019-02-08,39.18000030517578,39.54999923706055,39.130001068115234,39.4900016784668,32.568153381347656,4231200
2019-02-11,39.41999816894531,39.59000015258789,39.189998626708984,39.349998474121094,32.45268249511719,3528100
2019-02-12,39.43000030517578,39.779998779296875,39.20000076293945,39.52000045776367,32.59288787841797,3809600
2019-02-13,39.5099983215332,39.63999938964844,39.369998931884766,39.5099983215332,32.584632873535156,5048700
2019-02-14,39.54999923706055,39.689998626708984,39.18000030517578,39.45000076293945,32.53515625,3397800
2019-02-15,39.68000030517578,39.790000915527344,39.27000045776367,39.59000015258789,32.65061569213867,6692600
2019-02-19,39.59000015258789,39.65999984741211,39.400001525878906,39.599998474121094,32.65886688232422,4519400
2019-02-20,39.029998779296875,39.650001525878906,38.63999938964844,39.59000015258789,32.65061569213867,6189200
2019-02-21,39.470001220703125,40.099998474121094,39.220001220703125,40.04999923706055,33.02998352050781,4820100
2019-02-22,40.04999923706055,40.72999954223633,40.040000915527344,40.720001220703125,33.58255386352539,3804300
2019-02-25,40.689998626708984,40.84000015258789,40.29999923706055,40.43000030517578,33.343379974365234,4906800
2019-02-26,40.529998779296875,40.959999084472656,40.25,40.779998779296875,33.63203430175781,6306900
2019-02-27,40.47999954223633,40.810001373291016,40.47999954223633,40.720001220703125,33.58255386352539,6164700
2019-02-28,40.7599983215332,40.900001525878906,40.41999816894531,40.75,33.6072883605957,6837600
2019-03-01,40.689998626708984,40.97999954223633,40.47999954223633,40.900001525878906,33.73100280761719,5018200
2019-03-04,41.0,41.09000015258789,40.459999084472656,40.7400016784668,33.59904479980469,6495200
2019-03-05,40.709999084472656,40.900001525878906,40.369998931884766,40.41999816894531,33.33512878417969,5065500
2019-03-06,40.529998779296875,40.880001068115234,40.33000183105469,40.720001220703125,33.58255386352539,3737800
2019-03-07,40.81999969482422,41.22999954223633,40.63999938964844,40.779998779296875,33.63203430175781,3492400
2019-03-08,40.83000183105469,40.939998626708984,40.47999954223633,40.88999938964844,33.72275161743164,3332800
2019-03-11,41.0,41.380001068115234,40.970001220703125,41.36000061035156,34.11037063598633,3555200
2019-03-12,41.43000030517578,41.720001220703125,41.36000061035156,41.58000183105469,34.291812896728516,3561800
2019-03-13,41.52000045776367,41.779998779296875,41.4900016784668,41.619998931884766,34.324798583984375,3791300
2019-03-14,41.70000076293945,41.75,41.189998626708984,41.209999084472656,33.98666763305664,4062400
2019-03-15,41.33000183105469,41.33000183105469,40.75,41.22999954223633,34.00315856933594,10690400
2019-03-18,41.22999954223633,41.29999923706055,41.0099983215332,41.2400016784668,34.01139450073242,3814800
2019-03-19,41.20000076293945,41.20000076293945,40.16999816894531,40.40999984741211,33.32687759399414,5154700
2019-03-20,40.529998779296875,40.959999084472656,40.27000045776367,40.59000015258789,33.4753303527832,6252600
2019-03-21,40.59000015258789,41.29999923706055,40.54999923706055,41.2400016784668,34.01139450073242,2980000
2019-03-22,41.279998779296875,42.0,41.150001525878906,41.77000045776367,34.448509216308594,3805200
2019-03-25,41.77000045776367,41.880001068115234,41.58000183105469,41.86000061035156,34.522727966308594,3407100
2019-03-26,41.93000030517578,42.130001068115234,41.7599983215332,42.0,34.63818359375,3284300
2019-03-27,42.04999923706055,42.06999969482422,41.540000915527344,41.720001220703125,34.407264709472656,4854800
2019-03-28,41.779998779296875,41.95000076293945,41.15999984741211,41.400001525878906,34.143348693847656,4550700
2019-03-29,41.41999816894531,41.619998931884766,41.220001220703125,41.61000061035156,34.31655502319336,5481600
2019-04-01,41.529998779296875,41.61000061035156,41.09000015258789,41.45000076293945,34.18459701538086,3686100
2019-04-02,41.5099983215332,41.560001373291016,41.130001068115234,41.34000015258789,34.09387969970703,3406900
2019-04-03,41.2400016784668,41.400001525878906,40.939998626708984,41.09000015258789,33.887691497802734,4049200
2019-04-04,41.189998626708984,41.209999084472656,39.27000045776367,39.439998626708984,32.526912689208984,12163100
2019-04-05,40.400001525878906,41.04999923706055,40.0,40.970001220703125,33.788726806640625,13492200
2019-04-08,40.95000076293945,41.0,40.279998779296875,40.41999816894531,33.33512878417969,5707200
2019-04-09,40.31999969482422,40.869998931884766,40.150001525878906,40.849998474121094,33.68976974487305,3467300
2019-04-10,40.84000015258789,41.189998626708984,40.720001220703125,40.83000183105469,33.67327117919922,4799600
2019-04-11,40.790000915527344,41.220001220703125,40.720001220703125,41.209999084472656,33.98666763305664,4130000
2019-04-12,41.02000045776367,41.40999984741211,40.88999938964844,41.369998931884766,34.11861801147461,2557800
2019-04-15,41.349998474121094,41.54999923706055,41.18000030517578,41.279998779296875,34.04439926147461,2854400
2019-04-16,41.189998626708984,41.400001525878906,40.43000030517578,40.459999084472656,33.36811828613281,3910800
2019-04-17,40.5099983215332,40.5099983215332,40.08000183105469,40.22999954223633,33.17844009399414,3115000
2019-04-18,40.22999954223633,40.79999923706055,40.150001525878906,40.5,33.40110397338867,4477100
2019-04-22,40.540000915527344,40.75,40.349998474121094,40.59000015258789,33.4753303527832,2942400
2019-04-23,40.599998474121094,40.81999969482422,40.209999084472656,40.7400016784668,33.59904479980469,4088400
2019-04-24,40.869998931884766,41.630001068115234,40.630001068115234,40.86000061035156,33.6980094909668,3941600
2019-04-25,40.56999969482422,41.41999816894531,40.54999923706055,41.150001525878906,33.93717956542969,3142000
2019-04-26,41.290000915527344,41.68000030517578,41.290000915527344,41.47999954223633,34.20933532714844,2819800
2019-04-29,41.4900016784668,41.540000915527344,41.18000030517578,41.36000061035156,34.11037063598633,2800300
2019-04-30,41.36000061035156,42.09000015258789,41.209999084472656,42.029998779296875,34.662933349609375,4589900
2019-05-01,41.83000183105469,42.2400016784668,41.83000183105469,41.95000076293945,34.59695053100586,3545600
2019-05-02,42.0,42.16999816894531,41.529998779296875,41.970001220703125,34.61344909667969,3880200
2019-05-03,42.150001525878906,42.529998779296875,42.0,42.5,35.0505485534668,3956300
2019-05-06,41.86000061035156,42.189998626708984,41.79999923706055,41.900001525878906,34.86747360229492,4577900
2019-05-07,41.88999938964844,42.13999938964844,41.779998779296875,42.029998779296875,34.97565841674805,3077200
2019-05-08,41.939998626708984,41.939998626708984,41.38999938964844,41.439998626708984,34.48468017578125,5984400
2019-05-09,41.47999954223633,41.70000076293945,41.189998626708984,41.36000061035156,34.41810607910156,2600900
2019-05-10,41.34000015258789,42.150001525878906,41.13999938964844,42.130001068115234,35.05886459350586,2829800
2019-05-13,41.90999984741211,42.5,41.880001068115234,42.45000076293945,35.325157165527344,3667700
2019-05-14,42.36000061035156,42.470001220703125,41.93000030517578,42.099998474121094,35.03390121459961,2748000
2019-05-15,42.15999984741211,42.209999084472656,41.81999969482422,41.83000183105469,34.8092155456543,2597900
2019-05-16,41.810001373291016,42.310001373291016,41.66999816894531,42.15999984741211,35.08383560180664,2655900
2019-05-17,41.84000015258789,42.630001068115234,41.84000015258789,42.470001220703125,35.341800689697266,3145000
2019-05-20,42.650001525878906,42.88999938964844,42.36000061035156,42.59000015258789,35.44165802001953,3805800
2019-05-21,42.63999938964844,42.75,42.369998931884766,42.38999938964844,35.275238037109375,2986300
2019-05-22,42.459999084472656,42.66999816894531,42.15999984741211,42.63999938964844,35.483272552490234,4032400
2019-05-23,42.65999984741211,43.220001220703125,42.56999969482422,43.150001525878906,35.90766906738281,3866100
2019-05-24,43.119998931884766,43.2400016784668,42.81999969482422,42.86000061035156,35.66633987426758,2666900
2019-05-28,42.880001068115234,42.88999938964844,41.59000015258789,41.63999938964844,34.6511116027832,5841200
2019-05-29,41.75,41.75,40.41999816894531,40.9900016784668,34.110206604003906,5302200
2019-05-30,40.939998626708984,41.31999969482422,40.84000015258789,40.959999084472656,34.085243225097656,2256000
2019-05-31,41.099998474121094,41.439998626708984,40.95000076293945,41.2400016784668,34.31824493408203,3368000
2019-06-03,41.41999816894531,41.7400016784668,41.099998474121094,41.68000030517578,34.68439865112305,2802600
2019-06-04,41.72999954223633,41.88999938964844,40.970001220703125,41.84000015258789,34.817543029785156,2275500
2019-06-05,42.02000045776367,43.25,41.97999954223633,43.06999969482422,35.841094970703125,4374500
2019-06-06,43.16999816894531,43.540000915527344,43.040000915527344,43.38999938964844,36.10738754272461,3257800
2019-06-07,43.66999816894531,44.11000061035156,43.029998779296875,43.040000915527344,35.816139221191406,4339900
2019-06-10,43.040000915527344,43.16999816894531,42.689998626708984,43.02000045776367,35.79948806762695,1983400
2019-06-11,43.0099983215332,43.130001068115234,42.439998626708984,42.75,35.57481002807617,2085600
2019-06-12,42.7400016784668,43.380001068115234,42.7400016784668,43.369998931884766,36.09074020385742,2119800
2019-06-13,43.459999084472656,43.65999984741211,43.13999938964844,43.349998474121094,36.07410430908203,2404000
2019-06-14,43.41999816894531,44.060001373291016,43.290000915527344,43.970001220703125,36.59004592895508,2612200
2019-06-17,43.97999954223633,44.099998474121094,43.61000061035156,43.70000076293945,36.36536407470703,2295800
2019-06-18,44.060001373291016,44.060001373291016,43.15999984741211,43.5099983215332,36.207244873046875,3519000
2019-06-19,43.27000045776367,43.689998626708984,42.810001373291016,43.45000076293945,36.157318115234375,6020700
2019-06-20,43.650001525878906,43.91999816894531,43.119998931884766,43.66999816894531,36.34039306640625,2862900
2019-06-21,43.689998626708984,44.11000061035156,43.380001068115234,43.68000030517578,36.34872055053711,5969100
2019-06-24,43.720001220703125,43.810001373291016,43.38999938964844,43.61000061035156,36.290470123291016,2124800
2019-06-25,43.58000183105469,43.72999954223633,43.40999984741211,43.459999084472656,36.1656494140625,3193400
2019-06-26,43.38999938964844,43.470001220703125,42.470001220703125,42.529998779296875,35.39173126220703,3092100
2019-06-27,42.56999969482422,42.77000045776367,42.43000030517578,42.5099983215332,35.375091552734375,2890600
2019-06-28,42.45000076293945,42.88999938964844,42.380001068115234,42.810001373291016,35.62474060058594,6589500
2019-07-01,42.88999938964844,43.04999923706055,42.38999938964844,42.7400016784668,35.56648635864258,2740000
2019-07-02,42.84000015258789,43.5099983215332,42.83000183105469,43.43000030517578,36.140682220458984,2670200
2019-07-03,43.63999938964844,44.060001373291016,43.560001373291016,43.81999969482422,36.4652214050293,1866800
2019-07-05,43.529998779296875,43.83000183105469,42.970001220703125,43.72999954223633,36.39032745361328,1773000
2019-07-08,43.790000915527344,43.93000030517578,43.31999969482422,43.54999923706055,36.240535736083984,1830100
2019-07-09,43.54999923706055,43.619998931884766,43.150001525878906,43.540000915527344,36.232215881347656,2330600
2019-07-10,43.65999984741211,43.790000915527344,43.400001525878906,43.4900016784668,36.190608978271484,1836500
2019-07-11,43.43000030517578,43.790000915527344,43.060001373291016,43.59000015258789,36.27382278442383,2242300
2019-07-12,43.630001068115234,43.709999084472656,43.18000030517578,43.40999984741211,36.124027252197266,3496400
2019-07-15,43.33000183105469,43.86000061035156,43.22999954223633,43.86000061035156,36.498512268066406,3525100
2019-07-16,43.720001220703125,43.88999938964844,43.279998779296875,43.54999923706055,36.240535736083984,2200700
2019-07-17,43.720001220703125,44.130001068115234,43.689998626708984,43.72999954223633,36.39032745361328,2175600
2019-07-18,43.779998779296875,44.04999923706055,43.2400016784668,44.029998779296875,36.63997268676758,2542100
2019-07-19,43.88999938964844,44.20000076293945,43.4900016784668,43.4900016784668,36.190608978271484,2016700
2019-07-22,43.459999084472656,43.72999954223633,43.15999984741211,43.599998474121094,36.28214645385742,2441600
2019-07-23,43.58000183105469,43.619998931884766,43.22999954223633,43.31999969482422,36.04914093017578,8221700
2019-07-24,44.189998626708984,44.20000076293945,43.150001525878906,43.619998931884766,36.29878616333008,4656600
2019-07-25,43.439998626708984,44.04999923706055,43.279998779296875,43.869998931884766,36.50682830810547,5466100
2019-07-26,44.0,44.20000076293945,43.709999084472656,44.060001373291016,36.66494369506836,5713300
2019-07-29,44.25,44.47999954223633,44.119998931884766,44.470001220703125,37.0061149597168,4863200
2019-07-30,44.45000076293945,44.75,43.81999969482422,44.47999954223633,37.01443862915039,5951300
2019-07-31,44.459999084472656,44.59000015258789,43.84000015258789,43.970001220703125,36.59004592895508,8288700
2019-08-01,43.849998474121094,44.65999984741211,43.630001068115234,44.380001068115234,36.93122100830078,7174700
2019-08-02,44.56999969482422,44.619998931884766,44.06999969482422,44.25,36.82305145263672,9274400
2019-08-05,44.209999084472656,44.2400016784668,43.08000183105469,43.439998626708984,36.149009704589844,11384700
2019-08-06,43.29999923706055,43.56999969482422,42.689998626708984,43.41999816894531,36.45121765136719,4558800
2019-08-07,43.380001068115234,43.869998931884766,42.880001068115234,43.56999969482422,36.577152252197266,2991400
2019-08-08,43.58000183105469,44.369998931884766,43.310001373291016,44.25,37.14800262451172,2392100
2019-08-09,44.310001373291016,44.619998931884766,44.13999938964844,44.20000076293945,37.10603713989258,3083400
2019-08-12,44.25,44.61000061035156,44.11000061035156,44.5099983215332,37.366268157958984,2488300
2019-08-13,44.08000183105469,44.5,43.95000076293945,44.18000030517578,37.08924865722656,3188800
2019-08-14,43.88999938964844,44.220001220703125,43.439998626708984,43.529998779296875,36.54356002807617,3596000
2019-08-15,43.52000045776367,44.31999969482422,43.52000045776367,44.119998931884766,37.03886795043945,4132300
2019-08-16,44.15999984741211,44.7400016784668,44.06999969482422,44.68000030517578,37.50899124145508,4707000
2019-08-19,44.65999984741211,45.279998779296875,44.54999923706055,45.130001068115234,37.88676834106445,4479100
2019-08-20,45.189998626708984,45.189998626708984,44.68000030517578,44.93000030517578,37.7188720703125,3097200
2019-08-21,44.849998474121094,45.5099983215332,44.84000015258789,45.47999954223633,38.18059158325195,4256200
2019-08-22,45.41999816894531,45.77000045776367,45.2599983215332,45.70000076293945,38.365291595458984,3703900
2019-08-23,45.689998626708984,45.900001525878906,44.779998779296875,44.9900016784668,37.76924133300781,5017400
2019-08-26,45.16999816894531,45.470001220703125,45.040000915527344,45.38999938964844,38.105045318603516,3583300
2019-08-27,45.63999938964844,45.779998779296875,45.38999938964844,45.43000030517578,38.13862228393555,4036900
2019-08-28,45.54999923706055,45.849998474121094,45.18000030517578,45.52000045776367,38.21418380737305,4650500
2019-08-29,45.81999969482422,46.029998779296875,45.59000015258789,45.939998626708984,38.566768646240234,3983800
2019-08-30,46.099998474121094,46.13999938964844,45.779998779296875,46.0,38.617130279541016,4033700
2019-09-03,46.02000045776367,46.56999969482422,45.86000061035156,46.540000915527344,39.07047653198242,4112800
2019-09-04,46.79999923706055,47.04999923706055,46.400001525878906,46.84000015258789,39.32231521606445,3875200
2019-09-05,46.560001373291016,46.72999954223633,46.31999969482422,46.52000045776367,39.053688049316406,2777300
2019-09-06,46.58000183105469,46.79999923706055,46.459999084472656,46.68000030517578,39.1879997253418,2254900
2019-09-09,46.59000015258789,46.93000030517578,46.45000076293945,46.91999816894531,39.38947677612305,3634900
2019-09-10,46.810001373291016,46.869998931884766,46.27000045776367,46.7400016784668,39.238372802734375,5953200
2019-09-11,46.58000183105469,47.59000015258789,46.40999984741211,47.59000015258789,39.951942443847656,3527200
2019-09-12,47.630001068115234,48.099998474121094,47.380001068115234,47.630001068115234,39.98552322387695,2680500
2019-09-13,47.54999923706055,47.790000915527344,47.25,47.369998931884766,39.76725387573242,2223700
2019-09-16,47.400001525878906,47.61000061035156,47.25,47.560001373291016,39.926761627197266,2130600
2019-09-17,47.540000915527344,48.16999816894531,47.540000915527344,48.09000015258789,40.37169647216797,3753800
2019-09-18,48.20000076293945,48.27000045776367,47.79999923706055,48.11000061035156,40.38848876953125,2660400
2019-09-19,48.2599983215332,48.2599983215332,47.97999954223633,48.11000061035156,40.38848876953125,2366300
2019-09-20,48.02000045776367,48.150001525878906,47.27000045776367,47.38999938964844,39.7840461730957,11015800
2019-09-23,47.43000030517578,47.93000030517578,47.349998474121094,47.7599983215332,40.094661712646484,3024100
2019-09-24,47.880001068115234,48.68000030517578,47.83000183105469,48.45000076293945,40.67392349243164,4051300
2019-09-25,48.400001525878906,48.880001068115234,48.2400016784668,48.83000183105469,40.99292755126953,4044400
2019-09-26,48.91999816894531,49.06999969482422,48.630001068115234,48.72999954223633,40.90897750854492,2936900
2019-09-27,48.619998931884766,48.849998474121094,48.029998779296875,48.43000030517578,40.65713882446289,3375000
2019-09-30,48.459999084472656,48.599998474121094,47.93000030517578,48.22999954223633,40.48923110961914,6644800
2019-10-01,48.0,48.130001068115234,47.689998626708984,47.88999938964844,40.20379638671875,3422200
2019-10-02,47.79999923706055,47.93000030517578,47.119998931884766,47.310001373291016,39.71688461303711,2882900
2019-10-03,47.349998474121094,47.810001373291016,47.209999084472656,47.7400016784668,40.077877044677734,3399700
2019-10-04,47.95000076293945,48.34000015258789,47.65999984741211,48.22999954223633,40.48923110961914,1990000
2019-10-07,48.04999923706055,48.209999084472656,47.779998779296875,48.029998779296875,40.321327209472656,4201800
2019-10-08,48.08000183105469,48.08000183105469,47.5,47.619998931884766,39.977134704589844,3474800
2019-10-09,47.779998779296875,47.959999084472656,47.599998474121094,47.81999969482422,40.14503479003906,2533600
2019-10-10,47.59000015258789,48.15999984741211,47.45000076293945,47.900001525878906,40.21220779418945,2136200
2019-10-11,47.79999923706055,48.27000045776367,47.72999954223633,47.88999938964844,40.20379638671875,2708300
2019-10-14,47.93000030517578,47.95000076293945,47.31999969482422,47.40999984741211,39.80083465576172,2122500
2019-10-15,47.459999084472656,47.77000045776367,47.36000061035156,47.599998474121094,39.96034240722656,2599400
2019-10-16,47.439998626708984,47.81999969482422,47.22999954223633,47.79999923706055,40.128238677978516,3086100
2019-10-17,47.93000030517578,48.279998779296875,47.77000045776367,48.11000061035156,40.38848876953125,2341100
2019-10-18,47.97999954223633,48.52000045776367,47.83000183105469,48.380001068115234,40.61515808105469,3488200
2019-10-21,48.56999969482422,48.630001068115234,48.119998931884766,48.5,40.71589660644531,2729000
2019-10-22,48.599998474121094,48.66999816894531,48.25,48.36000061035156,40.59836959838867,2573900
2019-10-23,48.59000015258789,48.709999084472656,48.22999954223633,48.40999984741211,40.64033889770508,4456100
2019-10-24,48.130001068115234,48.52000045776367,48.099998474121094,48.290000915527344,40.53960418701172,5092700
2019-10-25,48.40999984741211,48.459999084472656,47.630001068115234,48.0099983215332,40.30453109741211,3834000
2019-10-28,47.86000061035156,48.18000030517578,47.209999084472656,47.27000045776367,39.68330383300781,4501400
2019-10-29,47.209999084472656,47.72999954223633,47.189998626708984,47.58000183105469,39.94356155395508,4907900
2019-10-30,47.619998931884766,48.189998626708984,47.52000045776367,47.84000015258789,40.16181945800781,5655600
2019-10-31,47.90999984741211,48.33000183105469,47.779998779296875,48.31999969482422,40.56478500366211,4639600
2019-11-01,48.45000076293945,48.599998474121094,48.18000030517578,48.36000061035156,40.59836959838867,4608800
2019-11-04,49.0,49.0099983215332,47.720001220703125,48.0,40.296146392822266,6826300
2019-11-05,47.66999816894531,48.09000015258789,46.97999954223633,47.31999969482422,39.72528839111328,7319400
2019-11-06,46.90999984741211,47.459999084472656,46.900001525878906,47.11000061035156,39.86915588378906,9065900
2019-11-07,46.689998626708984,46.97999954223633,46.36000061035156,46.720001220703125,39.539100646972656,9812200
2019-11-08,46.56999969482422,46.70000076293945,46.220001220703125,46.59000015258789,39.429073333740234,4341200
2019-11-11,46.599998474121094,46.709999084472656,45.9900016784668,46.029998779296875,38.955142974853516,5079600
2019-11-12,46.11000061035156,46.529998779296875,46.06999969482422,46.29999923706055,39.18364715576172,4928400
2019-11-13,46.47999954223633,47.119998931884766,46.47999954223633,46.91999816894531,39.708351135253906,2819400
2019-11-14,46.93000030517578,47.08000183105469,46.72999954223633,46.7400016784668,39.556026458740234,4415600
2019-11-15,46.86000061035156,47.060001373291016,46.630001068115234,47.040000915527344,39.809913635253906,4621400
2019-11-18,47.18000030517578,47.45000076293945,46.619998931884766,46.77000045776367,39.5814094543457,7869500
2019-11-19,46.83000183105469,46.83000183105469,46.400001525878906,46.43000030517578,39.29366683959961,4241700
2019-11-20,46.5,46.88999938964844,46.369998931884766,46.869998931884766,39.66603088378906,6151900
2019-11-21,46.93000030517578,46.97999954223633,46.41999816894531,46.63999938964844,39.47138977050781,3360400
2019-11-22,46.65999984741211,47.439998626708984,46.59000015258789,47.34000015258789,40.06380081176758,6129800
2019-11-25,47.5,47.79999923706055,47.08000183105469,47.720001220703125,40.38539505004883,4607700
2019-11-26,47.689998626708984,47.84000015258789,47.560001373291016,47.77000045776367,40.427703857421875,6644700
2019-11-27,47.790000915527344,47.83000183105469,47.33000183105469,47.790000915527344,40.444637298583984,5445000
2019-11-29,48.0,48.189998626708984,47.56999969482422,47.689998626708984,40.36000442504883,1463500
2019-12-02,47.41999816894531,47.68000030517578,47.119998931884766,47.52000045776367,40.216129302978516,3556400
2019-12-03,47.56999969482422,47.9900016784668,47.54999923706055,47.7400016784668,40.40232467651367,2884700
2019-12-04,47.79999923706055,48.29999923706055,47.779998779296875,48.189998626708984,40.78316116333008,3159700
2019-12-05,48.11000061035156,48.43000030517578,47.97999954223633,48.40999984741211,40.969337463378906,2488900
2019-12-06,48.38999938964844,48.63999938964844,48.29999923706055,48.380001068115234,40.94395446777344,2287400
2019-12-09,48.38999938964844,48.400001525878906,48.08000183105469,48.119998931884766,40.72391891479492,3322400
2019-12-10,48.06999969482422,48.2599983215332,47.81999969482422,47.9900016784668,40.613895416259766,2807400
2019-12-11,48.02000045776367,48.13999938964844,47.68000030517578,48.02000045776367,40.6392822265625,2967800
2019-12-12,47.959999084472656,48.290000915527344,47.68000030517578,47.849998474121094,40.49541473388672,2593400
2019-12-13,47.75,48.04999923706055,47.43000030517578,47.95000076293945,40.580039978027344,3382900
2019-12-16,48.11000061035156,48.52000045776367,47.83000183105469,48.5099983215332,41.05398178100586,4100900
2019-12-17,48.61000061035156,48.75,48.22999954223633,48.279998779296875,40.85932159423828,3699500
2019-12-18,48.45000076293945,48.63999938964844,48.119998931884766,48.52000045776367,41.06243896484375,3141400
2019-12-19,48.4900016784668,48.720001220703125,48.290000915527344,48.709999084472656,41.223228454589844,4581100
2019-12-20,48.900001525878906,49.04999923706055,48.63999938964844,48.81999969482422,41.316322326660156,5295300
2019-12-23,48.83000183105469,48.939998626708984,48.22999954223633,48.38999938964844,40.952415466308594,2546100
2019-12-24,48.41999816894531,48.54999923706055,48.29999923706055,48.47999954223633,41.02858352661133,958300
2019-12-26,48.45000076293945,48.619998931884766,48.33000183105469,48.5099983215332,41.05398178100586,1778000
2019-12-27,48.4900016784668,48.540000915527344,48.27000045776367,48.38999938964844,40.952415466308594,2587100
2019-12-30,48.290000915527344,48.4900016784668,48.15999984741211,48.4900016784668,41.037052154541016,1883300
2019-12-31,48.4900016784668,48.61000061035156,48.18000030517578,48.599998474121094,41.130130767822266,2929700
2020-01-02,48.560001373291016,48.560001373291016,47.20000076293945,47.529998779296875,40.22459411621094,4639300
2020-01-03,47.400001525878906,47.65999984741211,47.31999969482422,47.459999084472656,40.16535949707031,2970900
2020-01-06,47.5,47.709999084472656,47.33000183105469,47.54999923706055,40.241512298583984,2474900
2020-01-07,47.31999969482422,47.689998626708984,47.2400016784668,47.52000045776367,40.216129302978516,2187700
2020-01-08,47.650001525878906,47.86000061035156,47.5099983215332,47.619998931884766,40.30076599121094,2700000
2020-01-09,47.560001373291016,47.97999954223633,47.529998779296875,47.869998931884766,40.512332916259766,2249100
2020-01-10,48.0,48.279998779296875,47.599998474121094,47.63999938964844,40.317691802978516,4093200
2020-01-13,47.70000076293945,48.06999969482422,47.70000076293945,47.77000045776367,40.427703857421875,2537200
2020-01-14,47.720001220703125,48.060001373291016,47.45000076293945,48.040000915527344,40.65620422363281,3167800
2020-01-15,48.16999816894531,48.65999984741211,48.150001525878906,48.45000076293945,41.00319290161133,2789400
2020-01-16,48.15999984741211,48.970001220703125,48.15999984741211,48.779998779296875,41.282470703125,3425700
2020-01-17,48.869998931884766,49.13999938964844,48.5,49.060001373291016,41.51943588256836,3251200
2020-01-21,48.90999984741211,49.31999969482422,48.84000015258789,49.29999923706055,41.72254943847656,2854100
2020-01-22,49.529998779296875,49.90999984741211,49.439998626708984,49.88999938964844,42.22186279296875,3359100
2020-01-23,49.84000015258789,50.369998931884766,49.7599983215332,50.349998474121094,42.611148834228516,3138600
2020-01-24,50.31999969482422,50.75,50.08000183105469,50.470001220703125,42.71272277832031,2428700
2020-01-27,50.41999816894531,50.77000045776367,50.029998779296875,50.2599983215332,42.53499984741211,2647000
2020-01-28,50.31999969482422,50.83000183105469,50.27000045776367,50.689998626708984,42.898902893066406,2614700
2020-01-29,50.720001220703125,51.06999969482422,50.560001373291016,50.970001220703125,43.135868072509766,2948400
2020-01-30,50.88999938964844,51.040000915527344,50.5099983215332,50.97999954223633,43.14434051513672,4560600
2020-01-31,50.959999084472656,51.04999923706055,50.380001068115234,50.790000915527344,42.98353576660156,5893300
2020-02-03,50.959999084472656,51.529998779296875,50.84000015258789,51.5,43.584407806396484,3456000
2020-02-04,51.5099983215332,52.2599983215332,51.349998474121094,51.4900016784668,43.57593536376953,4569100
2020-02-05,51.43000030517578,52.060001373291016,51.400001525878906,51.90999984741211,43.93138885498047,3103400
2020-02-06,51.529998779296875,51.63999938964844,51.22999954223633,51.25,43.7011604309082,3346500
2020-02-07,51.029998779296875,51.52000045776367,50.790000915527344,51.22999954223633,43.684104919433594,2784800
2020-02-10,51.25,51.41999816894531,50.880001068115234,51.36000061035156,43.794960021972656,4385400
2020-02-11,51.529998779296875,51.689998626708984,51.36000061035156,51.540000915527344,43.94844055175781,2588700
2020-02-12,51.529998779296875,51.75,51.29999923706055,51.47999954223633,43.89727783203125,2566100
2020-02-13,51.58000183105469,52.040000915527344,51.38999938964844,51.97999954223633,44.32362747192383,2374400
2020-02-14,52.02000045776367,52.2400016784668,51.86000061035156,52.22999954223633,44.53680419921875,2453900
2020-02-18,52.38999938964844,52.52000045776367,52.130001068115234,52.27000045776367,44.570919036865234,2501800
2020-02-19,52.2599983215332,52.290000915527344,51.9900016784668,52.150001525878906,44.46859359741211,2511900
2020-02-20,52.130001068115234,52.20000076293945,51.709999084472656,51.790000915527344,44.161617279052734,2594500
2020-02-21,51.70000076293945,51.880001068115234,51.38999938964844,51.56999969482422,43.97402572631836,5933300
2020-02-24,51.220001220703125,51.47999954223633,50.619998931884766,50.630001068115234,43.1724853515625,4427600
2020-02-25,50.709999084472656,50.869998931884766,48.83000183105469,48.88999938964844,41.68877029418945,4461100
2020-02-26,48.91999816894531,49.380001068115234,48.290000915527344,48.29999923706055,41.185672760009766,4162500
2020-02-27,48.060001373291016,48.36000061035156,46.22999954223633,46.22999954223633,39.42057418823242,5322800
2020-02-28,45.22999954223633,45.22999954223633,43.56999969482422,44.529998779296875,37.97097396850586,9412800
2020-03-02,44.790000915527344,47.41999816894531,44.66999816894531,47.31999969482422,40.35001754760742,5894500
2020-03-03,47.20000076293945,48.16999816894531,45.81999969482422,45.91999816894531,39.156227111816406,7906700
2020-03-04,46.65999984741211,48.5099983215332,46.27000045776367,48.5,41.35621643066406,5367300
2020-03-05,47.52000045776367,48.27000045776367,46.560001373291016,47.130001068115234,40.188011169433594,6141800
2020-03-06,45.72999954223633,46.689998626708984,44.72999954223633,46.47999954223633,39.63374710083008,5994900
2020-03-09,43.52000045776367,44.25,39.25,42.93000030517578,36.60664749145508,10151900
2020-03-10,43.939998626708984,45.16999816894531,42.91999816894531,44.95000076293945,38.3291130065918,7231900
2020-03-11,43.689998626708984,44.349998474121094,42.47999954223633,43.130001068115234,36.777183532714844,8592200
2020-03-12,40.150001525878906,41.61000061035156,37.95000076293945,38.52000045776367,32.846214294433594,7357000
2020-03-13,40.689998626708984,41.25,38.720001220703125,41.2400016784668,35.16557693481445,6070100
2020-03-16,37.70000076293945,39.7599983215332,33.869998931884766,34.29999923706055,29.247798919677734,6701900
2020-03-17,35.2599983215332,40.4900016784668,32.90999984741211,40.11000061035156,34.2020149230957,9171700
2020-03-18,37.4900016784668,38.689998626708984,33.560001373291016,37.20000076293945,31.72064208984375,7253200
2020-03-19,37.31999969482422,37.36000061035156,33.5,35.9900016784668,30.688867568969727,5291200
2020-03-20,35.970001220703125,36.70000076293945,33.97999954223633,34.279998779296875,29.230737686157227,5393500
2020-03-23,34.02000045776367,35.75,32.0,33.189998626708984,28.30129623413086,6180400
2020-03-24,34.209999084472656,36.02000045776367,33.90999984741211,35.47999954223633,30.253995895385742,5400200
2020-03-25,35.33000183105469,37.290000915527344,33.58000183105469,35.5,30.27104377746582,5194400
2020-03-26,35.470001220703125,39.27000045776367,35.41999816894531,38.66999816894531,32.97412109375,4915500
2020-03-27,37.36000061035156,40.33000183105469,37.11000061035156,38.599998474121094,32.914432525634766,5803000
2020-03-30,39.189998626708984,40.90999984741211,38.310001373291016,40.4900016784668,34.52604293823242,6295900
2020-03-31,40.029998779296875,40.83000183105469,39.11000061035156,40.06999969482422,34.16790771484375,7704500
2020-04-01,38.33000183105469,39.31999969482422,38.13999938964844,38.86000061035156,33.136138916015625,6979900
2020-04-02,38.22999954223633,40.52000045776367,38.22999954223633,40.0,34.10822296142578,4823500
2020-04-03,39.58000183105469,40.27000045776367,37.560001373291016,37.95000076293945,32.360172271728516,3445000
2020-04-06,39.369998931884766,41.900001525878906,39.369998931884766,41.36000061035156,35.267906188964844,5157800
2020-04-07,42.43000030517578,42.7599983215332,40.38999938964844,40.470001220703125,34.508995056152344,6177600
2020-04-08,40.720001220703125,43.59000015258789,40.400001525878906,43.22999954223633,36.86246109008789,3674700
2020-04-09,43.77000045776367,45.31999969482422,43.77000045776367,44.75,38.1585693359375,5735700
2020-04-13,44.11000061035156,44.5,43.060001373291016,43.93000030517578,37.4593505859375,3006200
2020-04-14,44.86000061035156,45.77000045776367,44.599998474121094,45.470001220703125,38.772518157958984,3512100
2020-04-15,44.31999969482422,44.650001525878906,43.630001068115234,43.95000076293945,37.476409912109375,2454200
2020-04-16,43.9900016784668,44.959999084472656,43.380001068115234,44.86000061035156,38.25236511230469,2752700
2020-04-17,45.72999954223633,46.36000061035156,44.79999923706055,46.209999084472656,39.40351867675781,2451700
2020-04-20,45.81999969482422,45.81999969482422,44.31999969482422,44.4900016784668,37.936866760253906,2836900
2020-04-21,43.77000045776367,43.939998626708984,42.630001068115234,43.20000076293945,36.836875915527344,3796200
2020-04-22,44.06999969482422,44.54999923706055,43.16999816894531,44.220001220703125,37.706642150878906,2465200
2020-04-23,44.45000076293945,44.63999938964844,42.779998779296875,43.029998779296875,36.69192123413086,3190600
2020-04-24,39.9900016784668,43.29999923706055,39.34000015258789,42.31999969482422,36.08649444580078,5716700
2020-04-27,42.599998474121094,43.880001068115234,42.439998626708984,43.5099983215332,37.10121154785156,4457800
2020-04-28,44.0099983215332,44.220001220703125,42.45000076293945,42.63999938964844,36.35936737060547,4192300
2020-04-29,43.31999969482422,43.84000015258789,42.2599983215332,42.349998474121094,36.11207962036133,3153600
2020-04-30,42.0099983215332,42.220001220703125,40.619998931884766,41.27000045776367,35.191162109375,3106600
2020-05-01,40.880001068115234,40.880001068115234,40.220001220703125,40.84000015258789,34.824493408203125,3313700
2020-05-04,40.83000183105469,41.31999969482422,40.310001373291016,41.189998626708984,35.1229362487793,3289900
2020-05-05,41.470001220703125,42.279998779296875,41.439998626708984,41.68000030517578,35.540771484375,2805600
2020-05-06,41.369998931884766,41.56999969482422,39.93000030517578,40.0,34.430389404296875,3960100
2020-05-07,40.47999954223633,40.7400016784668,40.0099983215332,40.209999084472656,34.61113739013672,3281000
2020-05-08,40.7400016784668,40.90999984741211,40.130001068115234,40.599998474121094,34.94683837890625,2609700
2020-05-11,40.36000061035156,40.709999084472656,39.65999984741211,40.41999816894531,34.791900634765625,2901700
2020-05-12,40.540000915527344,40.79999923706055,39.560001373291016,39.599998474121094,34.08607482910156,3945300
2020-05-13,39.43000030517578,39.54999923706055,38.720001220703125,39.04999923706055,33.612667083740234,3772500
2020-05-14,38.650001525878906,40.130001068115234,38.13999938964844,39.959999084472656,34.39595031738281,4154900
2020-05-15,39.56999969482422,39.939998626708984,38.630001068115234,39.290000915527344,33.81924819946289,7448100
2020-05-18,40.41999816894531,41.279998779296875,40.38999938964844,41.11000061035156,35.38582992553711,3001900
2020-05-19,40.91999816894531,41.11000061035156,40.33000183105469,40.36000061035156,34.74026107788086,2477800
2020-05-20,40.689998626708984,40.84000015258789,40.13999938964844,40.279998779296875,34.67139434814453,3012400
2020-05-21,40.11000061035156,40.72999954223633,40.029998779296875,40.43000030517578,34.800514221191406,2947400
2020-05-22,40.33000183105469,40.72999954223633,40.22999954223633,40.63999938964844,34.981266021728516,2802500
2020-05-26,41.43000030517578,41.619998931884766,40.63999938964844,40.709999084472656,35.04152297973633,2348200
2020-05-27,41.22999954223633,41.380001068115234,40.560001373291016,41.36000061035156,35.601016998291016,5103700
2020-05-28,42.04999923706055,42.81999969482422,41.75,42.689998626708984,36.74582290649414,3658700
2020-05-29,42.540000915527344,42.86000061035156,42.06999969482422,42.2599983215332,36.375701904296875,4659100
2020-06-01,42.130001068115234,42.95000076293945,41.900001525878906,42.7599983215332,36.80607986450195,2427100
2020-06-02,42.9900016784668,43.08000183105469,42.279998779296875,43.06999969482422,37.072914123535156,2844200
2020-06-03,43.41999816894531,43.90999984741211,43.18000030517578,43.4900016784668,37.43444061279297,2927700
2020-06-04,43.220001220703125,43.29999923706055,41.959999084472656,42.36000061035156,36.46178436279297,3406800
2020-06-05,42.880001068115234,43.86000061035156,42.779998779296875,43.27000045776367,37.24506378173828,3603600
2020-06-08,43.119998931884766,44.099998474121094,42.869998931884766,43.97999954223633,37.856197357177734,3009000
2020-06-09,43.630001068115234,43.630001068115234,42.779998779296875,42.88999938964844,36.9179801940918,2883500
2020-06-10,43.06999969482422,43.189998626708984,42.150001525878906,42.25,36.36709213256836,2604500
2020-06-11,41.63999938964844,41.63999938964844,40.220001220703125,40.5,34.86075973510742,3900500
2020-06-12,41.369998931884766,41.470001220703125,39.77000045776367,40.43000030517578,34.800514221191406,3934600
2020-06-15,39.5099983215332,40.7400016784668,38.869998931884766,40.470001220703125,34.83494567871094,4195900
2020-06-16,41.619998931884766,41.7599983215332,40.27000045776367,40.5099983215332,34.8693733215332,5088900
2020-06-17,40.63999938964844,40.66999816894531,39.810001373291016,40.25,34.64556884765625,3825600
2020-06-18,40.0,40.56999969482422,39.86000061035156,40.5099983215332,34.8693733215332,3441100
2020-06-19,41.099998474121094,41.099998474121094,38.959999084472656,38.97999954223633,33.55241012573242,8571000
2020-06-22,39.06999969482422,39.7400016784668,38.529998779296875,39.70000076293945,34.17215347290039,4596200
2020-06-23,40.150001525878906,40.150001525878906,38.68000030517578,38.779998779296875,33.38025665283203,3753200
2020-06-24,38.47999954223633,38.619998931884766,37.310001373291016,37.779998779296875,32.519493103027344,4855700
2020-06-25,37.61000061035156,37.65999984741211,36.9900016784668,37.529998779296875,32.30430603027344,3710600
2020-06-26,37.34000015258789,37.630001068115234,36.65999984741211,36.849998474121094,31.718990325927734,6094100
2020-06-29,37.220001220703125,37.9900016784668,37.09000015258789,37.9900016784668,32.700252532958984,3265600
2020-06-30,38.0099983215332,38.93000030517578,37.84000015258789,38.779998779296875,33.38025665283203,5988200
2020-07-01,38.869998931884766,40.0,38.650001525878906,39.880001068115234,34.32708740234375,4357100
2020-07-02,40.25,40.31999969482422,39.7599983215332,39.91999816894531,34.36151885986328,2897300
2020-07-06,40.09000015258789,40.77000045776367,39.77000045776367,40.18000030517578,34.5853157043457,4223500
2020-07-07,39.81999969482422,40.40999984741211,39.540000915527344,40.25,34.64556884765625,4239300
2020-07-08,40.16999816894531,40.709999084472656,39.880001068115234,40.630001068115234,34.97266387939453,4635600
2020-07-09,40.380001068115234,40.43000030517578,39.70000076293945,40.189998626708984,34.59392547607422,3781500
2020-07-10,40.189998626708984,41.349998474121094,40.119998931884766,41.27000045776367,35.5235481262207,2784900
2020-07-13,41.18000030517578,41.4900016784668,40.650001525878906,40.84000015258789,35.153419494628906,2663300
2020-07-14,40.81999969482422,41.380001068115234,40.599998474121094,40.91999816894531,35.222286224365234,7743700
2020-07-15,41.630001068115234,41.779998779296875,40.810001373291016,40.81999969482422,35.13621139526367,4429000
2020-07-16,40.79999923706055,41.43000030517578,40.65999984741211,41.290000915527344,35.54076385498047,2647100
2020-07-17,41.47999954223633,42.349998474121094,41.349998474121094,42.13999938964844,36.272403717041016,3370500
2020-07-20,41.90999984741211,42.02000045776367,41.2400016784668,41.2599983215332,35.51493835449219,2761600
2020-07-21,41.63999938964844,41.650001525878906,33.599998474121094,34.25,29.481016159057617,41029600
2020-07-22,29.010000228881836,29.700000762939453,22.850000381469727,27.09000015258789,23.317974090576172,135941100
2020-07-23,27.709999084472656,28.799999237060547,26.959999084472656,27.399999618530273,23.58481216430664,53410400
2020-07-24,27.940000534057617,30.149999618530273,27.829999923706055,29.479999542236328,25.37519073486328,38414300
2020-07-27,29.75,30.360000610351562,28.25,29.280000686645508,25.203044891357422,21554400
2020-07-28,29.0,30.260000228881836,28.8799991607666,29.139999389648438,25.082530975341797,15827800
2020-07-29,29.40999984741211,29.729999542236328,28.420000076293945,28.639999389648438,24.65215301513672,13114200
2020-07-30,28.420000076293945,29.290000915527344,28.25,28.8700008392334,24.85013198852539,10784000
2020-07-31,28.700000762939453,29.200000762939453,28.3799991607666,29.0,24.96202850341797,16410200
2020-08-03,28.899999618530273,29.290000915527344,28.479999542236328,29.190000534057617,25.125574111938477,8256100
2020-08-04,29.260000228881836,29.90999984741211,29.059999465942383,29.639999389648438,25.512914657592773,8252300
2020-08-05,29.889999389648438,29.889999389648438,28.65999984741211,28.940000534057617,24.910383224487305,8269100
2020-08-06,28.459999084472656,29.399999618530273,28.34000015258789,29.18000030517578,25.460067749023438,6547700
2020-08-07,28.950000762939453,29.649999618530273,28.920000076293945,29.440000534057617,25.686925888061523,9346500
2020-08-10,29.600000381469727,30.389999389648438,29.59000015258789,30.059999465942383,26.227882385253906,9298400
2020-08-11,30.18000030517578,30.31999969482422,29.360000610351562,29.899999618530273,26.088281631469727,11447800
2020-08-12,29.899999618530273,30.209999084472656,29.649999618530273,29.8700008392334,26.062108993530273,5568800
2020-08-13,29.81999969482422,30.229999542236328,29.420000076293945,29.600000381469727,25.82652473449707,5798300
2020-08-14,29.600000381469727,29.760000228881836,29.219999313354492,29.329999923706055,25.590946197509766,3809400
2020-08-17,29.219999313354492,29.40999984741211,28.84000015258789,28.940000534057617,25.25066375732422,4853000
2020-08-18,28.860000610351562,29.15999984741211,28.65999984741211,28.8799991607666,25.19831657409668,4098300
2020-08-19,28.899999618530273,28.950000762939453,28.489999771118164,28.639999389648438,24.988906860351562,5462700
2020-08-20,28.459999084472656,28.75,28.209999084472656,28.360000610351562,24.744604110717773,6680500
2020-08-21,28.440000534057617,28.450000762939453,27.920000076293945,28.110000610351562,24.52647590637207,7311900
2020-08-24,28.25,28.389999389648438,27.90999984741211,28.309999465942383,24.700979232788086,4674100
2020-08-25,28.399999618530273,28.459999084472656,27.899999618530273,27.940000534057617,24.378149032592773,4907800
2020-08-26,27.770000457763672,28.170000076293945,27.43000030517578,28.010000228881836,24.439224243164062,6497500
2020-08-27,28.100000381469727,28.299999237060547,27.940000534057617,28.100000381469727,24.517749786376953,3938300
2020-08-28,28.219999313354492,28.450000762939453,27.989999771118164,28.309999465942383,24.700979232788086,4403500
2020-08-31,28.399999618530273,28.709999084472656,28.25,28.59000015258789,24.945283889770508,4799600
2020-09-01,28.31999969482422,28.649999618530273,28.0,28.260000228881836,24.657352447509766,5492400
2020-09-02,28.280000686645508,29.299999237060547,28.229999542236328,29.139999389648438,25.42516326904297,7339600
2020-09-03,29.440000534057617,29.969999313354492,29.040000915527344,29.389999389648438,25.643299102783203,6132700
2020-09-04,29.540000915527344,29.84000015258789,29.079999923706055,29.399999618530273,25.652021408081055,6115400
2020-09-08,29.5,29.700000762939453,29.06999969482422,29.1299991607666,25.416440963745117,4193400
2020-09-09,29.350000381469727,29.510000228881836,29.079999923706055,29.139999389648438,25.42516326904297,4385800
2020-09-10,29.100000381469727,29.459999084472656,28.68000030517578,29.049999237060547,25.346643447875977,4513000
2020-09-11,29.020000457763672,29.3700008392334,29.0,29.329999923706055,25.590946197509766,2635600
2020-09-14,29.350000381469727,29.8799991607666,29.280000686645508,29.65999984741211,25.878877639770508,3526700
2020-09-15,29.739999771118164,29.8700008392334,29.170000076293945,29.350000381469727,25.6083984375,3535600
2020-09-16,29.18000030517578,30.020000457763672,29.149999618530273,29.760000228881836,25.966127395629883,2886100
2020-09-17,29.489999771118164,29.940000534057617,28.90999984741211,29.799999237060547,26.001026153564453,2988200
2020-09-18,29.700000762939453,29.780000686645508,28.950000762939453,28.959999084472656,25.26811408996582,6810100
2020-09-21,28.690000534057617,29.010000228881836,28.389999389648438,28.6299991607666,24.980182647705078,3870300
2020-09-22,28.6299991607666,28.829999923706055,28.5,28.56999969482422,24.927831649780273,3733200
2020-09-23,28.6299991607666,28.860000610351562,27.299999237060547,27.579999923706055,24.06403923034668,9369500
2020-09-24,27.68000030517578,28.389999389648438,27.579999923706055,28.15999984741211,24.570098876953125,6268500
2020-09-25,28.09000015258789,28.729999542236328,27.959999084472656,28.600000381469727,24.954010009765625,3314600
2020-09-28,28.8700008392334,28.889999389648438,28.43000030517578,28.450000762939453,24.82312774658203,3233000
2020-09-29,28.530000686645508,28.729999542236328,28.1200008392334,28.600000381469727,24.954010009765625,2530200
2020-09-30,28.729999542236328,28.979999542236328,28.479999542236328,28.709999084472656,25.04998016357422,5065600
2020-10-01,28.799999237060547,29.020000457763672,28.450000762939453,28.760000228881836,25.093608856201172,2805900
2020-10-02,28.56999969482422,29.760000228881836,28.399999618530273,29.520000457763672,25.75672721862793,4010300
2020-10-05,29.65999984741211,30.040000915527344,29.420000076293945,29.90999984741211,26.097002029418945,2878500
2020-10-06,29.950000762939453,30.770000457763672,29.81999969482422,30.40999984741211,26.533266067504883,5304200
2020-10-07,30.579999923706055,30.770000457763672,30.3700008392334,30.559999465942383,26.66414451599121,3910600
2020-10-08,30.670000076293945,31.360000610351562,30.600000381469727,31.280000686645508,27.292360305786133,3400200
2020-10-09,31.360000610351562,31.579999923706055,31.059999465942383,31.219999313354492,27.240005493164062,4404700
2020-10-12,31.1299991607666,31.530000686645508,31.079999923706055,31.260000228881836,27.274906158447266,5462700
2020-10-13,31.059999465942383,31.420000076293945,30.8700008392334,31.309999465942383,27.318531036376953,4297000
2020-10-14,31.3799991607666,31.690000534057617,30.3700008392334,31.43000030517578,27.423233032226562,4531700
2020-10-15,31.200000762939453,31.690000534057617,31.149999618530273,31.510000228881836,27.493038177490234,2823400
2020-10-16,31.56999969482422,31.989999771118164,31.329999923706055,31.690000534057617,27.650089263916016,3910500
2020-10-19,31.700000762939453,32.15999984741211,31.56999969482422,31.729999542236328,27.68498992919922,7021900
2020-10-20,32.25,32.41999816894531,31.780000686645508,31.829999923706055,27.77223777770996,5675300
2020-10-21,31.65999984741211,32.349998474121094,31.649999618530273,32.33000183105469,28.208499908447266,8604900
2020-10-22,32.369998931884766,33.27000045776367,32.25,33.029998779296875,28.81926155090332,6097900
2020-10-23,33.150001525878906,33.349998474121094,32.83000183105469,33.29999923706055,29.054838180541992,4412400
2020-10-26,33.040000915527344,33.41999816894531,32.7400016784668,33.31999969482422,29.072288513183594,7173200
2020-10-27,33.380001068115234,33.61000061035156,33.08000183105469,33.38999938964844,29.133373260498047,5270000
2020-10-28,33.0,33.060001373291016,31.549999237060547,31.760000228881836,27.711166381835938,7772400
2020-10-29,31.690000534057617,32.29999923706055,31.059999465942383,31.809999465942383,27.75478744506836,8632800
2020-10-30,30.65999984741211,31.479999542236328,29.56999969482422,29.719999313354492,25.931222915649414,20289700
2020-11-02,30.049999237060547,30.75,29.719999313354492,29.93000030517578,26.11445426940918,7242900
2020-11-03,30.360000610351562,30.510000228881836,29.959999084472656,30.1200008392334,26.280237197875977,4528600
2020-11-04,29.899999618530273,30.190000534057617,29.040000915527344,29.059999465942383,25.355365753173828,6083500
2020-11-05,29.149999618530273,29.979999542236328,29.1200008392334,29.389999389648438,25.99212646484375,5825700
2020-11-06,29.43000030517578,29.84000015258789,29.0,29.06999969482422,25.709121704101562,6045500
2020-11-09,30.049999237060547,31.059999465942383,29.3799991607666,29.520000457763672,26.107097625732422,8229300
2020-11-10,29.709999084472656,29.8700008392334,29.110000610351562,29.309999465942383,25.92137336730957,8517400
2020-11-11,29.31999969482422,29.809999465942383,29.149999618530273,29.790000915527344,26.34588050842285,5508300
2020-11-12,29.610000610351562,29.690000534057617,28.81999969482422,29.329999923706055,25.939062118530273,8673300
2020-11-13,29.610000610351562,29.75,29.290000915527344,29.510000228881836,26.098251342773438,3894600
2020-11-16,29.940000534057617,29.940000534057617,28.170000076293945,28.5,25.20501708984375,11704600
2020-11-17,28.5,29.049999237060547,28.389999389648438,28.739999771118164,25.417274475097656,7713400
2020-11-18,28.860000610351562,29.139999389648438,28.420000076293945,28.549999237060547,25.249238967895508,7562500
2020-11-19,28.530000686645508,29.06999969482422,28.31999969482422,29.040000915527344,25.682588577270508,5780900
2020-11-20,28.389999389648438,28.450000762939453,27.309999465942383,28.0,24.762826919555664,23115000
2020-11-23,28.049999237060547,28.139999389648438,27.68000030517578,27.709999084472656,24.506357192993164,5827100
2020-11-24,27.790000915527344,27.899999618530273,26.6299991607666,26.65999984741211,23.577749252319336,14354200
2020-11-25,26.639999389648438,26.790000915527344,26.170000076293945,26.559999465942383,23.48931121826172,7620900
2020-11-27,26.579999923706055,26.860000610351562,26.489999771118164,26.719999313354492,23.630815505981445,2388000
2020-11-30,26.600000381469727,26.90999984741211,26.290000915527344,26.559999465942383,23.48931121826172,8524800
2020-12-01,26.459999084472656,27.209999084472656,26.270000457763672,27.170000076293945,24.02878761291504,9232000
2020-12-02,27.100000381469727,27.34000015258789,26.850000381469727,27.31999969482422,24.16144561767578,4078900
2020-12-03,27.31999969482422,27.93000030517578,27.049999237060547,27.899999618530273,24.674388885498047,5808700
2020-12-04,27.899999618530273,29.079999923706055,27.850000381469727,28.950000762939453,25.602998733520508,7880300
2020-12-07,28.920000076293945,29.56999969482422,28.799999237060547,29.469999313354492,26.062875747680664,8768600
2020-12-08,29.25,30.440000534057617,29.209999084472656,30.260000228881836,26.76154327392578,7772200
2020-12-09,30.450000762939453,31.079999923706055,30.3799991607666,30.639999389648438,27.09760856628418,9564600
2020-12-10,30.700000762939453,30.829999923706055,30.06999969482422,30.219999313354492,26.726167678833008,4980900
2020-12-11,30.100000381469727,30.75,30.09000015258789,30.3799991607666,26.867666244506836,4884400
2020-12-14,30.700000762939453,31.079999923706055,30.309999465942383,30.350000381469727,26.841136932373047,3878400
2020-12-15,30.43000030517578,31.40999984741211,30.270000457763672,31.399999618530273,27.769742965698242,4551100
2020-12-16,31.450000762939453,31.700000762939453,30.84000015258789,30.90999984741211,27.336393356323242,5221700
2020-12-17,31.1299991607666,31.329999923706055,30.489999771118164,30.5,26.97379493713379,3767400
2020-12-18,30.440000534057617,30.84000015258789,30.1200008392334,30.34000015258789,26.832292556762695,9010500
2020-12-21,30.020000457763672,30.079999923706055,29.540000915527344,29.989999771118164,26.52275848388672,6369700
2020-12-22,29.899999618530273,30.09000015258789,29.700000762939453,29.950000762939453,26.487382888793945,4139600
2020-12-23,30.18000030517578,30.280000686645508,29.290000915527344,29.290000915527344,25.9036865234375,4820400
2020-12-24,29.389999389648438,29.75,29.200000762939453,29.68000030517578,26.248600006103516,1935900
2020-12-28,29.770000457763672,30.3799991607666,29.479999542236328,29.6200008392334,26.195533752441406,4125400
2020-12-29,29.690000534057617,30.09000015258789,29.520000457763672,29.709999084472656,26.275123596191406,4872200
2020-12-30,29.760000228881836,30.149999618530273,29.719999313354492,30.110000610351562,26.628877639770508,2667200
2020-12-31,29.969999313354492,30.639999389648438,29.8700008392334,30.610000610351562,27.071075439453125,2740000
2021-01-04,30.610000610351562,30.65999984741211,29.350000381469727,29.510000228881836,26.098251342773438,5216300
2021-01-05,29.5,29.899999618530273,29.25,29.84000015258789,26.390100479125977,4482700
2021-01-06,29.81999969482422,30.469999313354492,29.799999237060547,30.299999237060547,26.79691505432129,7262200
2021-01-07,30.3799991607666,30.43000030517578,29.6200008392334,29.6299991607666,26.204378128051758,4700200
2021-01-08,29.65999984741211,30.0,29.530000686645508,29.90999984741211,26.452001571655273,3207100
2021-01-11,29.899999618530273,30.540000915527344,29.860000610351562,30.200000762939453,26.708477020263672,5586600
2021-01-12,30.15999984741211,30.540000915527344,29.950000762939453,30.489999771118164,26.964948654174805,4413900
2021-01-13,30.600000381469727,30.940000534057617,30.510000228881836,30.790000915527344,27.230268478393555,3194500
2021-01-14,30.799999237060547,31.40999984741211,30.649999618530273,31.25,27.6370849609375,4649500
2021-01-15,31.1200008392334,31.739999771118164,30.760000228881836,31.670000076293945,28.008525848388672,4234200
2021-01-19,31.899999618530273,31.950000762939453,31.020000457763672,31.110000610351562,27.513273239135742,6089700
2021-01-20,31.0,31.3799991607666,30.700000762939453,31.329999923706055,27.707836151123047,4008800
2021-01-21,31.1200008392334,31.450000762939453,31.040000915527344,31.06999969482422,27.477893829345703,3139900
2021-01-22,31.079999923706055,31.43000030517578,30.799999237060547,31.270000457763672,27.654767990112305,2895400
2021-01-25,31.110000610351562,31.8799991607666,31.06999969482422,31.860000610351562,28.176559448242188,3962900
2021-01-26,31.940000534057617,32.130001068115234,31.639999389648438,31.93000030517578,28.238466262817383,5214400
2021-01-27,31.549999237060547,31.760000228881836,30.739999771118164,30.860000610351562,27.292173385620117,6183900
2021-01-28,30.850000381469727,31.34000015258789,30.670000076293945,30.860000610351562,27.292173385620117,3283500
2021-01-29,30.799999237060547,31.09000015258789,30.389999389648438,30.760000228881836,27.2037353515625,7042400
2021-02-01,30.709999084472656,31.25,30.219999313354492,31.18000030517578,27.575178146362305,4870300
2021-02-02,31.31999969482422,32.439998626708984,31.030000686645508,31.90999984741211,28.220781326293945,5320800
2021-02-03,31.799999237060547,32.56999969482422,31.729999542236328,32.400001525878906,28.65413475036621,5679300
2021-02-04,32.060001373291016,32.47999954223633,31.760000228881836,32.22999954223633,28.851062774658203,5397700
2021-02-05,32.349998474121094,32.650001525878906,32.029998779296875,32.279998779296875,28.895822525024414,4434200
2021-02-08,32.25,32.77000045776367,31.950000762939453,32.130001068115234,28.761550903320312,5512300
2021-02-09,32.16999816894531,32.529998779296875,31.93000030517578,32.529998779296875,29.11961555480957,3660200
2021-02-10,32.709999084472656,32.709999084472656,31.559999465942383,31.75,28.421382904052734,5120200
2021-02-11,31.8799991607666,31.93000030517578,31.0,31.1200008392334,27.857437133789062,4589700
2021-02-12,31.030000686645508,31.399999618530273,31.0,31.239999771118164,27.964855194091797,2494800
2021-02-16,31.389999389648438,32.119998931884766,31.170000076293945,31.93000030517578,28.582517623901367,5212900
2021-02-17,31.969999313354492,32.029998779296875,31.5,31.950000762939453,28.600419998168945,5297100
2021-02-18,31.59000015258789,35.38999938964844,31.59000015258789,34.25,30.65928840637207,18824000
2021-02-19,34.0,34.25,33.41999816894531,34.029998779296875,30.462352752685547,6317600
2021-02-22,34.25,34.439998626708984,33.529998779296875,33.880001068115234,30.32808494567871,3407900
2021-02-23,34.09000015258789,34.220001220703125,33.529998779296875,33.529998779296875,30.014768600463867,4190800
2021-02-24,33.560001373291016,34.33000183105469,33.54999923706055,34.25,30.65928840637207,4958000
2021-02-25,34.2400016784668,34.54999923706055,33.40999984741211,33.5099983215332,29.996868133544922,4660800
2021-02-26,33.66999816894531,33.810001373291016,33.09000015258789,33.13999938964844,29.665660858154297,4230600
2021-03-01,33.63999938964844,34.060001373291016,33.38999938964844,33.40999984741211,29.90735626220703,3292300
2021-03-02,33.34000015258789,33.470001220703125,32.79999923706055,32.810001373291016,29.37026023864746,3247700
2021-03-03,32.81999969482422,32.959999084472656,32.27000045776367,32.900001525878906,29.450824737548828,4283000
2021-03-04,33.0,33.470001220703125,32.720001220703125,33.220001220703125,29.737274169921875,5488800
2021-03-05,33.459999084472656,33.5,32.52000045776367,33.209999084472656,29.72832679748535,5516500
2021-03-08,33.47999954223633,33.58000183105469,33.18000030517578,33.369998931884766,29.87154769897461,4057200
2021-03-09,33.720001220703125,34.43000030517578,33.63999938964844,34.18000030517578,30.596633911132812,5601500
2021-03-10,34.27000045776367,34.869998931884766,34.25,34.54999923706055,30.927841186523438,3756500
2021-03-11,34.369998931884766,34.7599983215332,34.13999938964844,34.650001525878906,31.01735496520996,4867300
2021-03-12,34.84000015258789,35.0099983215332,34.459999084472656,34.93000030517578,31.268007278442383,4095100
2021-03-15,35.11000061035156,35.369998931884766,34.79999923706055,35.25,31.554452896118164,2960600
2021-03-16,35.13999938964844,36.880001068115234,35.09000015258789,35.560001373291016,31.831953048706055,4756800
2021-03-17,35.790000915527344,36.11000061035156,35.099998474121094,35.20000076293945,31.509693145751953,3474400
2021-03-18,35.15999984741211,35.4900016784668,34.59000015258789,34.630001068115234,30.999454498291016,4233100
2021-03-19,34.65999984741211,35.38999938964844,34.150001525878906,34.86000061035156,31.205337524414062,11060200
2021-03-22,34.540000915527344,34.93000030517578,34.31999969482422,34.369998931884766,30.76671028137207,3089100
2021-03-23,34.349998474121094,34.65999984741211,34.16999816894531,34.38999938964844,30.78461265563965,3982400
2021-03-24,34.34000015258789,34.970001220703125,34.29999923706055,34.33000183105469,30.730905532836914,3908200
2021-03-25,34.5,34.54999923706055,33.88999938964844,34.25,30.65928840637207,2754500
2021-03-26,34.27000045776367,34.59000015258789,33.93000030517578,34.27000045776367,30.677194595336914,3053700
2021-03-29,34.18000030517578,35.16999816894531,34.18000030517578,35.0099983215332,31.339611053466797,3519800
2021-03-30,34.790000915527344,35.08000183105469,34.38999938964844,34.4900016784668,30.87412452697754,3303800
2021-03-31,34.599998474121094,34.810001373291016,34.400001525878906,34.689998626708984,31.053163528442383,3724600
2021-04-01,34.560001373291016,34.650001525878906,34.04999923706055,34.310001373291016,30.713003158569336,3901500
2021-04-05,34.380001068115234,34.91999816894531,34.290000915527344,34.79999923706055,31.151630401611328,3358700
2021-04-06,34.7400016784668,34.81999969482422,34.560001373291016,34.79999923706055,31.151630401611328,5174500
2021-04-07,34.880001068115234,35.18000030517578,34.720001220703125,35.029998779296875,31.357513427734375,7387900
2021-04-08,35.119998931884766,35.209999084472656,34.689998626708984,34.9900016784668,31.321712493896484,4979800
2021-04-09,35.060001373291016,35.20000076293945,34.65999984741211,34.77000045776367,31.124774932861328,1994800
2021-04-12,34.77000045776367,34.939998626708984,34.599998474121094,34.689998626708984,31.053163528442383,2355800
2021-04-13,34.70000076293945,35.2400016784668,34.540000915527344,35.15999984741211,31.47389030456543,2899800
2021-04-14,35.060001373291016,35.27000045776367,34.939998626708984,35.15999984741211,31.47389030456543,2004400
2021-04-15,35.15999984741211,35.58000183105469,35.130001068115234,35.52000045776367,31.796146392822266,2365400
2021-04-16,35.70000076293945,35.88999938964844,35.459999084472656,35.689998626708984,31.948328018188477,2741200
2021-04-19,35.95000076293945,35.95000076293945,35.47999954223633,35.79999923706055,32.046791076660156,2003400
2021-04-20,35.779998779296875,36.400001525878906,35.779998779296875,36.279998779296875,32.47647476196289,4509700
2021-04-21,36.459999084472656,36.869998931884766,36.290000915527344,36.790000915527344,32.933006286621094,3736600
2021-04-22,36.7400016784668,36.77000045776367,36.25,36.349998474121094,32.539127349853516,3369800
2021-04-23,36.40999984741211,37.529998779296875,36.34000015258789,36.70000076293945,32.852439880371094,6012200
2021-04-26,36.75,36.91999816894531,36.47999954223633,36.689998626708984,32.84348678588867,4098900
2021-04-27,36.7599983215332,37.13999938964844,36.599998474121094,36.869998931884766,33.00461196899414,3890700
2021-04-28,37.0,37.459999084472656,36.81999969482422,37.41999816894531,33.4969596862793,3160100
2021-04-29,37.41999816894531,37.79999923706055,37.33000183105469,37.720001220703125,33.765506744384766,2391800
2021-04-30,37.79999923706055,37.939998626708984,37.5099983215332,37.91999816894531,33.94453430175781,3680300
2021-05-03,38.0,38.720001220703125,37.84000015258789,38.31999969482422,34.30259704589844,5370300
2021-05-04,38.310001373291016,38.380001068115234,37.58000183105469,37.790000915527344,33.828163146972656,6825500
2021-05-05,37.75,37.95000076293945,37.209999084472656,37.880001068115234,33.90873336791992,3918000
2021-05-06,37.650001525878906,37.689998626708984,36.83000183105469,37.41999816894531,33.84541702270508,3654400
2021-05-07,37.5099983215332,37.77000045776367,37.33000183105469,37.52000045776367,33.93586349487305,2047600
2021-05-10,37.650001525878906,38.029998779296875,37.61000061035156,37.650001525878906,34.05345153808594,2085200
2021-05-11,37.560001373291016,37.599998474121094,36.970001220703125,37.20000076293945,33.64643096923828,3172900
2021-05-12,37.18000030517578,37.2400016784668,36.36000061035156,36.439998626708984,32.95903015136719,2784400
2021-05-13,36.59000015258789,37.709999084472656,36.5099983215332,37.47999954223633,33.899681091308594,4194300
2021-05-14,37.40999984741211,37.83000183105469,37.40999984741211,37.61000061035156,34.01726531982422,2825100
2021-05-17,37.81999969482422,37.93000030517578,37.529998779296875,37.709999084472656,34.10770797729492,3759900
2021-05-18,37.54999923706055,37.849998474121094,37.45000076293945,37.66999816894531,34.071533203125,1996900
2021-05-19,37.630001068115234,37.66999816894531,37.02000045776367,37.400001525878906,33.827327728271484,2232400
2021-05-20,37.380001068115234,38.040000915527344,37.380001068115234,37.689998626708984,34.08962631225586,2375800
2021-05-21,37.7599983215332,38.02000045776367,37.619998931884766,38.0099983215332,34.379051208496094,1920100
2021-05-24,38.150001525878906,38.20000076293945,37.900001525878906,37.91999816894531,34.29765319824219,2327500
2021-05-25,37.939998626708984,38.099998474121094,37.5099983215332,37.619998931884766,34.026309967041016,2521600
2021-05-26,37.650001525878906,37.79999923706055,37.5,37.58000183105469,33.99013137817383,2341200
2021-05-27,37.7400016784668,38.0099983215332,37.560001373291016,37.869998931884766,34.2524299621582,2870100
2021-05-28,37.88999938964844,37.9900016784668,37.66999816894531,37.90999984741211,34.28860092163086,2089300
2021-06-01,38.150001525878906,38.150001525878906,37.7599983215332,38.02000045776367,34.38810348510742,2955700
2021-06-02,38.119998931884766,38.41999816894531,37.849998474121094,38.13999938964844,34.49663162231445,2958900
2021-06-03,37.939998626708984,38.63999938964844,37.900001525878906,38.470001220703125,34.79511260986328,2360200
2021-06-04,38.5,38.63999938964844,38.22999954223633,38.33000183105469,34.668487548828125,2452500
2021-06-07,38.40999984741211,38.65999984741211,38.29999923706055,38.56999969482422,34.885555267333984,1977800
2021-06-08,38.560001373291016,38.59000015258789,38.119998931884766,38.27000045776367,34.614219665527344,2012100
2021-06-09,38.36000061035156,38.63999938964844,38.18000030517578,38.4900016784668,34.81320571899414,3174800
2021-06-10,38.56999969482422,38.63999938964844,38.36000061035156,38.630001068115234,34.93983459472656,2365600
2021-06-11,38.630001068115234,38.810001373291016,38.459999084472656,38.7599983215332,35.05740737915039,2088200
2021-06-14,38.880001068115234,38.95000076293945,38.58000183105469,38.790000915527344,35.08454513549805,1525900
2021-06-15,38.84000015258789,39.22999954223633,38.75,38.880001068115234,35.16595458984375,2316100
2021-06-16,38.93000030517578,39.08000183105469,38.0099983215332,38.150001525878906,34.50567626953125,3624800
2021-06-17,38.150001525878906,38.34000015258789,37.66999816894531,37.720001220703125,34.116756439208984,2414000
2021-06-18,37.84000015258789,37.88999938964844,37.040000915527344,37.130001068115234,33.5831184387207,6189300
2021-06-21,37.290000915527344,37.86000061035156,37.150001525878906,37.790000915527344,34.18007278442383,2645700
2021-06-22,37.709999084472656,38.0,37.47999954223633,37.5,33.91777801513672,1988100
2021-06-23,37.27000045776367,37.349998474121094,36.849998474121094,36.95000076293945,33.420310974121094,3420300
2021-06-24,37.02000045776367,37.2400016784668,36.939998626708984,37.18000030517578,33.62834167480469,1920200
2021-06-25,37.11000061035156,37.72999954223633,37.09000015258789,37.689998626708984,34.08962631225586,2584100
2021-06-28,37.79999923706055,38.25,37.66999816894531,38.060001373291016,34.42428207397461,3571100
2021-06-29,38.150001525878906,38.18000030517578,37.439998626708984,37.540000915527344,33.953956604003906,2195000
2021-06-30,37.47999954223633,37.619998931884766,36.959999084472656,37.209999084472656,33.65547180175781,3445500
2021-07-01,37.22999954223633,37.83000183105469,37.130001068115234,37.65999984741211,34.0624885559082,2692700
2021-07-02,37.70000076293945,37.84000015258789,37.369998931884766,37.47999954223633,33.899681091308594,1749600
2021-07-06,37.380001068115234,37.720001220703125,37.0,37.66999816894531,34.071533203125,2598900
2021-07-07,37.619998931884766,37.88999938964844,37.380001068115234,37.86000061035156,34.243385314941406,2412900
2021-07-08,37.5099983215332,37.81999969482422,37.34000015258789,37.41999816894531,33.84541702270508,2175800
2021-07-09,37.650001525878906,37.650001525878906,37.150001525878906,37.529998779296875,33.94490051269531,2394700
2021-07-12,37.38999938964844,37.56999969482422,37.16999816894531,37.47999954223633,33.899681091308594,3024800
2021-07-13,37.439998626708984,37.59000015258789,36.939998626708984,37.02000045776367,33.48362731933594,3054000
2021-07-14,37.0,37.2400016784668,36.869998931884766,37.04999923706055,33.51075744628906,2623900
2021-07-15,36.95000076293945,37.45000076293945,36.939998626708984,37.41999816894531,33.84541702270508,2574000
2021-07-16,37.52000045776367,38.040000915527344,37.38999938964844,37.790000915527344,34.18007278442383,5491000
2021-07-19,37.529998779296875,37.79999923706055,36.90999984741211,37.36000061035156,33.7911491394043,4221800
2021-07-20,37.4900016784668,37.959999084472656,37.470001220703125,37.619998931884766,34.026309967041016,3652000
2021-07-21,37.70000076293945,37.810001373291016,37.459999084472656,37.540000915527344,33.953956604003906,2995000
2021-07-22,39.0,39.7400016784668,38.869998931884766,39.150001525878906,35.41014862060547,12047100
2021-07-23,38.5,39.369998931884766,38.209999084472656,38.470001220703125,34.79511260986328,7695100
2021-07-26,38.59000015258789,39.18000030517578,38.29999923706055,38.7599983215332,35.05740737915039,6124700
2021-07-27,38.709999084472656,39.11000061035156,38.209999084472656,38.869998931884766,35.156898498535156,6111900
2021-07-28,38.959999084472656,38.9900016784668,37.959999084472656,38.13999938964844,34.49663162231445,3265500
2021-07-29,38.189998626708984,38.310001373291016,37.849998474121094,38.04999923706055,34.41523361206055,2632600
2021-07-30,37.970001220703125,38.709999084472656,37.95000076293945,38.31999969482422,34.65943908691406,6733400
2021-08-02,38.31999969482422,38.689998626708984,38.18000030517578,38.459999084472656,34.786067962646484,3467900
2021-08-03,38.56999969482422,38.810001373291016,38.18000030517578,38.540000915527344,34.858428955078125,2760200
2021-08-04,38.40999984741211,38.47999954223633,37.72999954223633,38.040000915527344,34.406185150146484,3254100
2021-08-05,37.779998779296875,37.9900016784668,37.2400016784668,37.970001220703125,34.6986198425293,4001300
2021-08-06,37.9900016784668,38.130001068115234,37.779998779296875,37.83000183105469,34.57068634033203,1768700
2021-08-09,37.790000915527344,38.060001373291016,37.619998931884766,37.86000061035156,34.59810256958008,3368700
2021-08-10,37.90999984741211,38.040000915527344,37.709999084472656,37.849998474121094,34.588958740234375,2190800
2021-08-11,37.970001220703125,38.38999938964844,37.83000183105469,38.15999984741211,34.87225341796875,2300200
2021-08-12,38.0099983215332,38.38999938964844,37.91999816894531,38.310001373291016,35.00932693481445,1418500
2021-08-13,38.5,38.7400016784668,38.25,38.63999938964844,35.31089401245117,1752800
2021-08-16,38.66999816894531,39.13999938964844,38.540000915527344,38.83000183105469,35.484527587890625,3347900
2021-08-17,38.849998474121094,38.869998931884766,38.209999084472656,38.650001525878906,35.320037841796875,2807100
2021-08-18,38.66999816894531,38.66999816894531,37.97999954223633,38.220001220703125,34.92708206176758,2822600
2021-08-19,38.27000045776367,39.099998474121094,38.18000030517578,38.939998626708984,35.58504104614258,3761600
2021-08-20,38.849998474121094,39.099998474121094,38.58000183105469,39.09000015258789,35.72212219238281,2242700
2021-08-23,39.130001068115234,39.18000030517578,38.599998474121094,38.810001373291016,35.46624755859375,2394900
2021-08-24,38.77000045776367,38.810001373291016,38.310001373291016,38.630001068115234,35.3017578125,2373900
2021-08-25,38.63999938964844,39.209999084472656,38.439998626708984,39.0,35.63987731933594,1849000
2021-08-26,39.0099983215332,39.0099983215332,38.45000076293945,38.540000915527344,35.219512939453125,1614900
2021-08-27,38.529998779296875,38.77000045776367,38.400001525878906,38.56999969482422,35.246917724609375,1679500
2021-08-30,38.4900016784668,38.79999923706055,38.439998626708984,38.650001525878906,35.320037841796875,1333600
2021-08-31,38.619998931884766,38.95000076293945,38.5,38.869998931884766,35.521080017089844,2132500
2021-09-01,39.130001068115234,39.619998931884766,39.029998779296875,39.43000030517578,36.03282928466797,2341400
2021-09-02,39.5,39.939998626708984,39.439998626708984,39.91999816894531,36.480613708496094,2243000
2021-09-03,39.7400016784668,39.810001373291016,39.459999084472656,39.59000015258789,36.17905044555664,2979400
2021-09-07,39.540000915527344,39.540000915527344,38.38999938964844,38.470001220703125,35.155540466308594,3734600
2021-09-08,38.41999816894531,39.029998779296875,38.29999923706055,38.939998626708984,35.58504104614258,2832200
2021-09-09,38.790000915527344,38.939998626708984,38.349998474121094,38.369998931884766,35.06415939331055,2238000
2021-09-10,38.33000183105469,38.369998931884766,37.66999816894531,37.689998626708984,34.44274139404297,2157900
2021-09-13,37.939998626708984,38.02000045776367,37.189998626708984,37.43000030517578,34.205142974853516,2923000
2021-09-14,37.650001525878906,37.939998626708984,37.31999969482422,37.45000076293945,34.223426818847656,3568200
2021-09-15,37.33000183105469,38.02000045776367,37.25,37.79999923706055,34.54326248168945,3260700
2021-09-16,37.83000183105469,37.97999954223633,37.29999923706055,37.310001373291016,34.095481872558594,1646500
2021-09-17,37.310001373291016,37.79999923706055,36.630001068115234,36.72999954223633,33.56545639038086,6896100
2021-09-20,36.58000183105469,36.91999816894531,36.11000061035156,36.52000045776367,33.37355041503906,4107800
2021-09-21,36.630001068115234,37.099998474121094,36.540000915527344,36.650001525878906,33.49235153198242,2535700
2021-09-22,36.88999938964844,37.029998779296875,36.599998474121094,36.86000061035156,33.68424987792969,2076000
2021-09-23,37.0099983215332,37.279998779296875,36.66999816894531,36.75,33.583736419677734,2694900
2021-09-24,36.790000915527344,37.040000915527344,36.72999954223633,36.83000183105469,33.656837463378906,1759200
2021-09-27,36.83000183105469,37.380001068115234,36.68000030517578,36.720001220703125,33.55632019042969,2055000
2021-09-28,36.7400016784668,36.849998474121094,36.380001068115234,36.43000030517578,33.291297912597656,2451600
2021-09-29,36.45000076293945,36.790000915527344,36.2400016784668,36.29999923706055,33.17250442504883,3864400
2021-09-30,36.33000183105469,36.369998931884766,35.560001373291016,35.619998931884766,32.55108642578125,3379900
2021-10-01,35.869998931884766,36.22999954223633,35.709999084472656,35.849998474121094,32.761268615722656,2482700
2021-10-04,35.84000015258789,36.150001525878906,35.689998626708984,36.0099983215332,32.9074821472168,4279800
2021-10-05,36.150001525878906,36.40999984741211,36.029998779296875,36.220001220703125,33.09939193725586,2194300
2021-10-06,36.060001373291016,36.72999954223633,35.790000915527344,36.68000030517578,33.5197639465332,2487200
2021-10-07,36.720001220703125,36.970001220703125,36.34000015258789,36.43000030517578,33.291297912597656,2576600
2021-10-08,36.31999969482422,36.5099983215332,36.189998626708984,36.220001220703125,33.09939193725586,1701500
2021-10-11,36.02000045776367,36.25,35.650001525878906,35.77000045776367,32.68816375732422,3828800
2021-10-12,35.939998626708984,35.97999954223633,35.560001373291016,35.709999084472656,32.633331298828125,3478900
2021-10-13,35.56999969482422,35.869998931884766,35.41999816894531,35.63999938964844,32.569358825683594,2711500
2021-10-14,35.72999954223633,36.540000915527344,35.72999954223633,36.52000045776367,33.37355041503906,3248800
2021-10-15,36.560001373291016,36.72999954223633,36.369998931884766,36.619998931884766,33.46492385864258,3098500
2021-10-18,36.470001220703125,36.54999923706055,35.939998626708984,36.16999816894531,33.0536994934082,3850100
2021-10-19,36.380001068115234,36.9900016784668,36.2599983215332,36.869998931884766,33.693389892578125,2560700
2021-10-20,37.0,37.470001220703125,37.0,37.33000183105469,34.11376190185547,2565200
2021-10-21,37.220001220703125,37.59000015258789,37.06999969482422,37.22999954223633,34.022377014160156,4926500
2021-10-22,37.2400016784668,37.84000015258789,37.22999954223633,37.75,34.49757385253906,2843900
2021-10-25,37.81999969482422,37.81999969482422,37.209999084472656,37.369998931884766,34.15031433105469,4238300
2021-10-26,37.43000030517578,37.79999923706055,37.29999923706055,37.70000076293945,34.45188522338867,3343300
2021-10-27,37.779998779296875,37.849998474121094,37.310001373291016,37.59000015258789,34.35136032104492,2280000
2021-10-28,37.619998931884766,37.939998626708984,37.56999969482422,37.900001525878906,34.63465881347656,2497500
2021-10-29,37.619998931884766,39.720001220703125,37.619998931884766,38.529998779296875,35.21036911010742,5722300
2021-11-01,38.59000015258789,38.84000015258789,38.22999954223633,38.79999923706055,35.45711135864258,2577900
2021-11-02,39.79999923706055,39.81999969482422,38.77000045776367,39.29999923706055,35.914031982421875,5162600
2021-11-03,39.16999816894531,39.43000030517578,39.09000015258789,39.25,35.86833953857422,3515400
2021-11-04,38.84000015258789,39.15999984741211,38.630001068115234,38.90999984741211,35.91448211669922,3194500
2021-11-05,39.09000015258789,39.310001373291016,38.970001220703125,39.06999969482422,36.062171936035156,2536100
2021-11-08,39.619998931884766,39.72999954223633,38.369998931884766,38.5099983215332,35.54528045654297,5992200
2021-11-09,38.59000015258789,38.7599983215332,37.88999938964844,38.29999923706055,35.3514518737793,3939900
2021-11-10,38.27000045776367,38.97999954223633,38.27000045776367,38.959999084472656,35.960636138916016,4022500
2021-11-11,38.790000915527344,39.06999969482422,38.56999969482422,39.029998779296875,36.02525329589844,1927700
2021-11-12,39.029998779296875,39.04999923706055,38.599998474121094,39.0,35.997562408447266,4223000
2021-11-15,39.18000030517578,39.459999084472656,38.9900016784668,39.45000076293945,36.41291809082031,2264500
2021-11-16,39.47999954223633,39.77000045776367,39.38999938964844,39.58000183105469,36.53291320800781,4172600
2021-11-17,39.54999923706055,39.56999969482422,38.66999816894531,39.08000183105469,36.07140350341797,3281700
2021-11-18,39.0,39.2599983215332,38.290000915527344,38.61000061035156,35.63758850097656,2799600
2021-11-19,38.630001068115234,38.72999954223633,37.9900016784668,38.529998779296875,35.563743591308594,3108600
2021-11-22,38.529998779296875,39.04999923706055,38.45000076293945,38.72999954223633,35.74834442138672,3038000
2021-11-23,38.81999969482422,39.060001373291016,38.540000915527344,38.939998626708984,35.94217300415039,1737600
2021-11-24,38.959999084472656,39.040000915527344,38.709999084472656,38.90999984741211,35.91448211669922,1406400
2021-11-26,38.45000076293945,38.63999938964844,37.790000915527344,37.90999984741211,34.99147415161133,2624200
2021-11-29,38.20000076293945,39.119998931884766,38.20000076293945,39.04999923706055,36.04370880126953,4180900
2021-11-30,38.7599983215332,38.7599983215332,37.630001068115234,37.65999984741211,34.76072311401367,6638800
2021-12-01,38.04999923706055,38.66999816894531,37.70000076293945,37.72999954223633,34.82533264160156,4125500
2021-12-02,37.900001525878906,38.84000015258789,37.810001373291016,38.619998931884766,35.646820068359375,3669100
2021-12-03,38.79999923706055,38.95000076293945,38.25,38.84000015258789,35.849884033203125,3338800
2021-12-06,39.0,39.689998626708984,38.79999923706055,39.25,36.22831344604492,7268800
2021-12-07,39.2599983215332,39.68000030517578,39.209999084472656,39.459999084472656,36.422149658203125,2666500
2021-12-08,39.599998474121094,39.630001068115234,39.04999923706055,39.400001525878906,36.36676788330078,2148700
2021-12-09,39.349998474121094,39.63999938964844,38.959999084472656,39.400001525878906,36.36676788330078,5132200
2021-12-10,39.599998474121094,39.939998626708984,39.40999984741211,39.619998931884766,36.569828033447266,2560000
2021-12-13,39.599998474121094,40.40999984741211,39.5099983215332,40.16999816894531,37.07748794555664,4960500
2021-12-14,40.130001068115234,40.2400016784668,39.650001525878906,39.97999954223633,36.90211868286133,2583200
2021-12-15,39.9900016784668,40.29999923706055,39.650001525878906,39.939998626708984,36.86520004272461,4207300
2021-12-16,39.95000076293945,40.619998931884766,39.88999938964844,40.310001373291016,37.20671081542969,2555400
2021-12-17,40.2400016784668,40.4900016784668,39.95000076293945,40.08000183105469,36.994415283203125,4627000
2021-12-20,39.7400016784668,40.29999923706055,39.560001373291016,40.279998779296875,37.179019927978516,2452400
2021-12-21,40.5,40.70000076293945,40.060001373291016,40.2400016784668,37.14209747314453,3064500
2021-12-22,40.2400016784668,40.709999084472656,40.220001220703125,40.52000045776367,37.40054702758789,2041000
2021-12-23,40.56999969482422,40.709999084472656,40.459999084472656,40.529998779296875,37.4097785949707,1861200
2021-12-27,40.459999084472656,40.47999954223633,39.9900016784668,40.45000076293945,37.33592987060547,1560400
2021-12-28,40.470001220703125,41.0099983215332,40.439998626708984,40.9900016784668,37.8343620300293,1877400
2021-12-29,41.060001373291016,41.2599983215332,40.90999984741211,41.18000030517578,38.00973129272461,1285200
2021-12-30,41.310001373291016,41.599998474121094,41.13999938964844,41.36000061035156,38.17587661743164,2386500
2021-12-31,41.310001373291016,41.75,41.2599983215332,41.59000015258789,38.3881721496582,1266500
2022-01-03,41.61000061035156,41.61000061035156,40.83000183105469,41.2400016784668,38.06511688232422,3168800
2022-01-04,41.27000045776367,41.529998779296875,41.02000045776367,41.08000183105469,37.91743087768555,3451000
2022-01-05,40.9900016784668,41.34000015258789,40.75,40.79999923706055,37.65898513793945,3626600
2022-01-06,40.81999969482422,41.220001220703125,40.70000076293945,40.939998626708984,37.78821563720703,2275500
2022-01-07,41.189998626708984,41.68000030517578,40.9900016784668,41.40999984741211,38.22201919555664,4266900
2022-01-10,41.27000045776367,41.61000061035156,41.060001373291016,41.52000045776367,38.32355880737305,4782200
2022-01-11,41.54999923706055,41.72999954223633,41.0,41.36000061035156,38.17587661743164,4580900
2022-01-12,41.27000045776367,41.56999969482422,41.040000915527344,41.40999984741211,38.22201919555664,3404700
2022-01-13,41.33000183105469,41.70000076293945,41.119998931884766,41.59000015258789,38.3881721496582,2929000
2022-01-14,41.540000915527344,41.70000076293945,40.970001220703125,41.56999969482422,38.36970901489258,4173100
2022-01-18,41.349998474121094,41.810001373291016,40.7599983215332,41.59000015258789,38.3881721496582,5393900
2022-01-19,41.59000015258789,41.939998626708984,41.40999984741211,41.41999816894531,38.23125457763672,2880600
2022-01-20,41.54999923706055,42.029998779296875,41.36000061035156,41.43000030517578,38.24048614501953,4221800
2022-01-21,41.52000045776367,41.90999984741211,41.16999816894531,41.33000183105469,38.148189544677734,4916100
2022-01-24,41.119998931884766,41.380001068115234,40.099998474121094,41.310001373291016,38.129730224609375,5155000
2022-01-25,40.88999938964844,41.709999084472656,40.689998626708984,41.31999969482422,38.138954162597656,4603800
2022-01-26,41.27000045776367,41.86000061035156,40.75,41.15999984741211,37.99127197265625,3776300
2022-01-27,41.45000076293945,41.70000076293945,40.68000030517578,41.2599983215332,38.08357238769531,4677200
2022-01-28,41.130001068115234,41.77000045776367,40.849998474121094,41.75,38.535850524902344,3484400
2022-01-31,41.400001525878906,41.97999954223633,41.31999969482422,41.959999084472656,38.72968673706055,9046800
2022-02-01,41.84000015258789,41.959999084472656,41.25,41.810001373291016,38.59123229980469,3301800
2022-02-02,41.70000076293945,42.43000030517578,41.630001068115234,42.33000183105469,39.07120132446289,4465300
2022-02-03,42.22999954223633,42.689998626708984,42.04999923706055,42.599998474121094,39.320411682128906,3887500
2022-02-04,41.959999084472656,42.119998931884766,41.2599983215332,41.36000061035156,38.528602600097656,5192900
2022-02-07,41.349998474121094,41.619998931884766,41.189998626708984,41.439998626708984,38.603118896484375,3943600
2022-02-08,41.63999938964844,42.09000015258789,41.459999084472656,41.959999084472656,39.087528228759766,3492100
2022-02-09,42.15999984741211,42.349998474121094,41.970001220703125,42.209999084472656,39.320411682128906,2888000
2022-02-10,41.95000076293945,42.11000061035156,41.31999969482422,41.41999816894531,38.58449172973633,3557100
2022-02-11,41.9900016784668,42.4900016784668,41.439998626708984,41.560001373291016,38.71491241455078,9063000
2022-02-14,41.61000061035156,41.790000915527344,39.459999084472656,40.7400016784668,37.9510498046875,6496100
2022-02-15,41.08000183105469,41.150001525878906,40.16999816894531,40.439998626708984,37.67157745361328,3998300
2022-02-16,40.41999816894531,41.16999816894531,40.34000015258789,41.08000183105469,38.26776885986328,3793000
2022-02-17,40.93000030517578,41.209999084472656,40.56999969482422,41.119998931884766,38.30503463745117,2736300
2022-02-18,41.099998474121094,41.599998474121094,40.77000045776367,40.97999954223633,38.17461395263672,8212600
2022-02-22,41.060001373291016,41.439998626708984,40.689998626708984,40.95000076293945,38.14666748046875,5141900
2022-02-23,40.97999954223633,41.16999816894531,39.560001373291016,39.619998931884766,36.90771484375,6703900
2022-02-24,39.470001220703125,39.959999084472656,38.77000045776367,39.849998474121094,37.121971130371094,5794700
2022-02-25,40.27000045776367,41.439998626708984,40.11000061035156,41.36000061035156,38.528602600097656,4016800
2022-02-28,41.130001068115234,41.939998626708984,40.97999954223633,41.849998474121094,38.98505401611328,6363700
2022-03-01,41.849998474121094,42.130001068115234,41.0099983215332,41.31999969482422,38.49134063720703,4481100
2022-03-02,41.439998626708984,41.86000061035156,41.380001068115234,41.66999816894531,38.817378997802734,4114600
2022-03-03,41.79999923706055,42.61000061035156,41.779998779296875,42.41999816894531,39.51604080200195,5149100
2022-03-04,42.20000076293945,42.970001220703125,41.93000030517578,42.880001068115234,39.944549560546875,5619500
2022-03-07,42.9900016784668,44.599998474121094,42.81999969482422,44.56999969482422,41.518856048583984,8965200
2022-03-08,44.560001373291016,44.97999954223633,43.880001068115234,44.310001373291016,41.27665328979492,8186700
2022-03-09,44.619998931884766,44.779998779296875,44.029998779296875,44.08000183105469,41.06239700317383,7068200
2022-03-10,43.79999923706055,44.189998626708984,43.29999923706055,44.029998779296875,41.01581954956055,4788500
2022-03-11,43.959999084472656,44.38999938964844,43.65999984741211,43.970001220703125,40.95992660522461,3358300
2022-03-14,44.459999084472656,44.79999923706055,43.95000076293945,44.25,41.22075653076172,3816100
2022-03-15,44.58000183105469,44.619998931884766,43.880001068115234,44.189998626708984,41.16486740112305,3182000
2022-03-16,44.119998931884766,44.40999984741211,43.22999954223633,43.880001068115234,40.87609100341797,5056700
2022-03-17,43.959999084472656,44.38999938964844,43.7599983215332,44.04999923706055,41.034454345703125,4743700
2022-03-18,44.029998779296875,44.20000076293945,43.09000015258789,43.13999938964844,40.18674087524414,13233400
2022-03-21,43.310001373291016,43.810001373291016,43.310001373291016,43.599998474121094,40.615257263183594,4794700
2022-03-22,43.849998474121094,43.86000061035156,43.15999984741211,43.54999923706055,40.56867980957031,3355300
2022-03-23,43.54999923706055,43.84000015258789,43.25,43.5099983215332,40.53141403198242,3325700
2022-03-24,43.38999938964844,44.15999984741211,43.38999938964844,43.90999984741211,40.90403747558594,3017600
2022-03-25,44.0099983215332,44.869998931884766,43.90999984741211,44.84000015258789,41.77036666870117,3397100
2022-03-28,44.84000015258789,45.11000061035156,44.470001220703125,45.09000015258789,42.003257751464844,3105300
2022-03-29,45.09000015258789,45.470001220703125,44.650001525878906,45.459999084472656,42.347923278808594,4210600
2022-03-30,45.4900016784668,45.810001373291016,45.22999954223633,45.79999923706055,42.664649963378906,4380300
2022-03-31,45.83000183105469,46.400001525878906,45.83000183105469,45.86000061035156,42.72054672241211,4439900
2022-04-01,45.7599983215332,46.650001525878906,45.59000015258789,46.59000015258789,43.400569915771484,4140400
2022-04-04,46.25,46.459999084472656,45.7400016784668,46.310001373291016,43.13974380493164,4379800
2022-04-05,46.470001220703125,47.16999816894531,46.459999084472656,46.63999938964844,43.4471435546875,3189700
2022-04-06,46.90999984741211,47.9900016784668,46.63999938964844,47.93000030517578,44.64883804321289,4386300
2022-04-07,47.95000076293945,47.970001220703125,47.34000015258789,47.47999954223633,44.22964859008789,4722000
2022-04-08,47.7400016784668,47.790000915527344,47.2599983215332,47.470001220703125,44.22032928466797,2320600
2022-04-11,47.41999816894531,47.709999084472656,46.849998474121094,46.880001068115234,43.67071533203125,2847300
2022-04-12,46.7400016784668,47.380001068115234,46.63999938964844,47.13999938964844,43.91292190551758,2405500
2022-04-13,47.20000076293945,47.279998779296875,46.7400016784668,47.15999984741211,43.931549072265625,2347000
2022-04-14,47.380001068115234,47.59000015258789,47.060001373291016,47.400001525878906,44.15511703491211,2745500
2022-04-18,47.34000015258789,47.599998474121094,47.13999938964844,47.290000915527344,44.052650451660156,2022000
2022-04-19,47.54999923706055,47.61000061035156,47.2599983215332,47.5,44.24827575683594,2815800
2022-04-20,47.97999954223633,48.630001068115234,47.86000061035156,48.459999084472656,45.142555236816406,3605700
2022-04-21,48.33000183105469,48.849998474121094,48.09000015258789,48.119998931884766,44.82583236694336,2659700
2022-04-22,47.380001068115234,47.5,46.0,46.0099983215332,42.860267639160156,5208500
2022-04-25,46.189998626708984,46.189998626708984,44.779998779296875,45.439998626708984,42.32929611206055,3751100
2022-04-26,45.56999969482422,45.77000045776367,44.970001220703125,44.97999954223633,41.90079116821289,3254200
2022-04-27,45.2599983215332,45.41999816894531,44.45000076293945,44.7400016784668,41.677215576171875,2863900
2022-04-28,44.83000183105469,45.0099983215332,44.400001525878906,44.7400016784668,41.677215576171875,3159600
2022-04-29,44.619998931884766,44.689998626708984,43.209999084472656,43.310001373291016,40.34510803222656,4623500
2022-05-02,43.5099983215332,43.86000061035156,42.40999984741211,42.939998626708984,40.00043487548828,3137000
2022-05-03,43.189998626708984,43.88999938964844,42.9900016784668,43.13999938964844,40.18674087524414,4073800
2022-05-04,43.5,43.68000030517578,42.54999923706055,43.650001525878906,40.661834716796875,4545700
2022-05-05,43.16999816894531,43.45000076293945,42.04999923706055,42.47999954223633,39.92868423461914,3315100
2022-05-06,42.130001068115234,42.810001373291016,42.029998779296875,42.68000030517578,40.11667251586914,3307700
2022-05-09,42.5,42.619998931884766,41.77000045776367,42.16999816894531,39.637298583984375,4689200
2022-05-10,42.189998626708984,43.130001068115234,41.4900016784668,42.04999923706055,39.524505615234375,4817700
2022-05-11,42.08000183105469,43.400001525878906,42.08000183105469,42.36000061035156,39.81589126586914,3922300
2022-05-12,42.16999816894531,42.650001525878906,41.560001373291016,42.209999084472656,39.67489242553711,3475900
2022-05-13,42.540000915527344,42.65999984741211,41.90999984741211,42.5099983215332,39.956878662109375,2609800
2022-05-16,42.11000061035156,42.540000915527344,41.459999084472656,41.75,39.242523193359375,3238200
2022-05-17,41.86000061035156,42.7599983215332,41.5,42.72999954223633,40.163673400878906,3368000
2022-05-18,42.869998931884766,42.97999954223633,42.08000183105469,42.27000045776367,39.73129653930664,2780100
2022-05-19,42.189998626708984,42.380001068115234,41.470001220703125,42.02000045776367,39.49631118774414,3599700
2022-05-20,42.150001525878906,42.56999969482422,41.630001068115234,42.369998931884766,39.82528305053711,4034000
2022-05-23,42.790000915527344,43.150001525878906,42.33000183105469,42.70000076293945,40.13547134399414,2402400
2022-05-24,42.779998779296875,43.34000015258789,42.099998474121094,43.2599983215332,40.661834716796875,2954700
2022-05-25,43.2400016784668,43.54999923706055,43.040000915527344,43.16999816894531,40.57723617553711,3128000
2022-05-26,43.40999984741211,43.65999984741211,43.25,43.31999969482422,40.718231201171875,1936400
2022-05-27,43.27000045776367,43.70000076293945,43.15999984741211,43.43000030517578,40.821624755859375,3037800
2022-05-31,43.060001373291016,43.27000045776367,42.72999954223633,42.959999084472656,40.379852294921875,3537700
2022-06-01,43.0,43.20000076293945,42.150001525878906,42.560001373291016,40.003875732421875,3210700
2022-06-02,42.7400016784668,42.900001525878906,41.459999084472656,42.34000015258789,39.797088623046875,4794800
2022-06-03,42.18000030517578,42.40999984741211,41.79999923706055,41.880001068115234,39.36471939086914,3234900
2022-06-06,42.0099983215332,42.060001373291016,41.709999084472656,41.83000183105469,39.31772232055664,2941100
2022-06-07,41.7599983215332,41.959999084472656,41.459999084472656,41.880001068115234,39.36471939086914,4140400
2022-06-08,41.790000915527344,42.08000183105469,41.310001373291016,41.380001068115234,38.89474868774414,3824000
2022-06-09,41.439998626708984,41.61000061035156,40.7400016784668,40.779998779296875,38.330780029296875,4500900
2022-06-10,40.22999954223633,40.970001220703125,40.16999816894531,40.599998474121094,38.16159439086914,6761200
2022-06-13,40.18000030517578,40.29999923706055,38.689998626708984,38.900001525878906,36.563697814941406,5725300
2022-06-14,38.95000076293945,39.060001373291016,37.869998931884766,38.38999938964844,36.084327697753906,6034700
2022-06-15,38.619998931884766,38.869998931884766,36.72999954223633,37.2400016784668,35.003395080566406,10795200
2022-06-16,37.0099983215332,37.0099983215332,36.11000061035156,36.33000183105469,34.14804458618164,4953300
2022-06-17,36.41999816894531,36.459999084472656,35.31999969482422,35.90999984741211,33.75327682495117,8361800
2022-06-21,35.90999984741211,36.310001373291016,35.63999938964844,35.970001220703125,33.809669494628906,10017200
2022-06-22,35.880001068115234,36.5,35.849998474121094,36.220001220703125,34.04465866088867,5332900
2022-06-23,36.459999084472656,37.0099983215332,36.2599983215332,36.959999084472656,34.740211486816406,3652800
2022-06-24,37.099998474121094,37.66999816894531,36.91999816894531,37.290000915527344,35.050392150878906,4496200
2022-06-27,37.310001373291016,38.2599983215332,37.2400016784668,38.150001525878906,35.85873794555664,3275200
2022-06-28,38.380001068115234,38.70000076293945,37.779998779296875,37.790000915527344,35.52035903930664,2223800
2022-06-29,37.959999084472656,38.27000045776367,37.720001220703125,38.22999954223633,35.93393325805664,2177900
2022-06-30,38.04999923706055,38.84000015258789,37.880001068115234,38.38999938964844,36.084327697753906,3404700
2022-07-01,38.70000076293945,39.439998626708984,38.36000061035156,39.33000183105469,36.96786880493164,3460600
2022-07-05,39.09000015258789,39.20000076293945,36.95000076293945,37.630001068115234,35.36996841430664,3081200
2022-07-06,37.560001373291016,37.90999984741211,37.13999938964844,37.439998626708984,35.191383361816406,2928500
2022-07-07,37.54999923706055,37.880001068115234,37.220001220703125,37.22999954223633,34.99399185180664,2732300
2022-07-08,37.2599983215332,37.400001525878906,36.849998474121094,37.130001068115234,34.900001525878906,2512800
2022-07-11,37.02000045776367,37.540000915527344,36.86000061035156,37.41999816894531,35.17258834838867,1524400
2022-07-12,37.13999938964844,37.90999984741211,37.11000061035156,37.40999984741211,35.16318130493164,2272200
2022-07-13,37.04999923706055,37.63999938964844,37.0099983215332,37.189998626708984,34.95639419555664,2500300
2022-07-14,36.56999969482422,37.40999984741211,36.56999969482422,37.369998931884766,35.125579833984375,2672100
2022-07-15,37.63999938964844,37.70000076293945,37.08000183105469,37.470001220703125,35.219581604003906,1817800
2022-07-18,37.4900016784668,37.779998779296875,37.18000030517578,37.38999938964844,35.14438247680664,2108400
2022-07-19,37.58000183105469,38.08000183105469,37.470001220703125,37.900001525878906,35.623756408691406,2456500
2022-07-20,38.029998779296875,38.150001525878906,37.56999969482422,37.689998626708984,35.426361083984375,2703500
2022-07-21,37.689998626708984,37.84000015258789,37.25,37.81999969482422,35.548561096191406,2483800
2022-07-22,38.04999923706055,38.47999954223633,38.0,38.31999969482422,36.01852798461914,1927100
2022-07-25,38.20000076293945,38.720001220703125,38.11000061035156,38.619998931884766,36.30051040649414,2007400
2022-07-26,38.650001525878906,39.29999923706055,38.599998474121094,39.09000015258789,36.74228286743164,3030200
2022-07-27,39.119998931884766,39.75,38.47999954223633,39.33000183105469,36.96786880493164,4273300
2022-07-28,39.439998626708984,40.18000030517578,39.130001068115234,40.13999938964844,37.729225158691406,3538700
2022-07-29,40.16999816894531,41.40999984741211,40.130001068115234,41.099998474121094,38.63156509399414,4607600
2022-08-01,41.0,41.099998474121094,40.18000030517578,40.52000045776367,38.08639907836914,3812900
2022-08-02,40.619998931884766,40.790000915527344,39.59000015258789,39.68000030517578,37.29684066772461,4066100
2022-08-03,39.70000076293945,39.70000076293945,39.0,39.400001525878906,37.033668518066406,4853100
2022-08-04,39.02000045776367,39.18000030517578,38.560001373291016,38.75,36.786834716796875,4153400
2022-08-05,38.7400016784668,38.93000030517578,38.02000045776367,38.369998931884766,36.42608642578125,4194600
2022-08-08,38.720001220703125,38.939998626708984,38.04999923706055,38.27000045776367,36.331153869628906,5281700
2022-08-09,38.380001068115234,39.029998779296875,38.2400016784668,38.95000076293945,36.976707458496094,11156300
2022-08-10,39.16999816894531,39.54999923706055,38.88999938964844,39.529998779296875,37.527320861816406,3627800
2022-08-11,39.66999816894531,40.59000015258789,39.47999954223633,40.06999969482422,38.03996276855469,5704900
2022-08-12,40.290000915527344,40.849998474121094,40.130001068115234,40.83000183105469,38.7614631652832,3898800
2022-08-15,40.869998931884766,41.2599983215332,40.619998931884766,41.209999084472656,39.12220764160156,1975700
2022-08-16,41.18000030517578,41.43000030517578,40.90999984741211,41.02000045776367,38.941829681396484,2081700
2022-08-17,40.869998931884766,41.290000915527344,40.84000015258789,40.88999938964844,38.818416595458984,1780500
2022-08-18,40.849998474121094,41.470001220703125,40.849998474121094,41.189998626708984,39.10321807861328,1848900
2022-08-19,41.16999816894531,41.33000183105469,40.869998931884766,41.27000045776367,39.17916488647461,2238800
2022-08-22,41.0,41.029998779296875,40.25,40.439998626708984,38.391212463378906,2092900
2022-08-23,40.540000915527344,40.59000015258789,40.310001373291016,40.47999954223633,38.42919158935547,1743100
2022-08-24,40.47999954223633,41.0,40.25,40.599998474121094,38.54310989379883,2729400
2022-08-25,40.59000015258789,40.93000030517578,40.41999816894531,40.93000030517578,38.85639190673828,1551100
2022-08-26,41.0,41.0,40.029998779296875,40.189998626708984,38.15388488769531,3442500
2022-08-29,40.0,40.54999923706055,39.66999816894531,40.18000030517578,38.144386291503906,1913600
2022-08-30,40.119998931884766,40.290000915527344,39.599998474121094,39.72999954223633,37.717185974121094,1979800
2022-08-31,39.68000030517578,40.279998779296875,39.52000045776367,39.54999923706055,37.54630661010742,3355400
2022-09-01,39.59000015258789,40.2599983215332,39.529998779296875,40.16999816894531,38.13489532470703,2595700
2022-09-02,40.34000015258789,40.790000915527344,39.810001373291016,39.90999984741211,37.88806915283203,2076100
2022-09-06,39.97999954223633,40.40999984741211,39.59000015258789,39.720001220703125,37.707698822021484,2887500
2022-09-07,39.939998626708984,41.220001220703125,39.939998626708984,41.150001525878906,39.06524658203125,2683200
2022-09-08,40.88999938964844,41.27000045776367,40.689998626708984,41.029998779296875,38.95132827758789,3856000
2022-09-09,41.20000076293945,41.66999816894531,40.959999084472656,41.5099983215332,39.40700912475586,3353900
2022-09-12,41.560001373291016,41.88999938964844,41.209999084472656,41.7599983215332,39.64433670043945,2896500
2022-09-13,41.310001373291016,41.79999923706055,40.93000030517578,41.150001525878906,39.06524658203125,5321200
2022-09-14,41.16999816894531,41.720001220703125,41.099998474121094,41.439998626708984,39.340553283691406,4764900
2022-09-15,41.34000015258789,41.34000015258789,40.380001068115234,40.41999816894531,38.37223434448242,4121100
2022-09-16,40.58000183105469,41.4900016784668,40.41999816894531,41.20000076293945,39.11271286010742,16633700
2022-09-19,41.040000915527344,41.91999816894531,40.72999954223633,41.86000061035156,39.73927307128906,4208300
2022-09-20,41.61000061035156,41.650001525878906,40.56999969482422,41.380001068115234,39.28359603881836,4186600
2022-09-21,41.61000061035156,42.040000915527344,40.970001220703125,41.0,38.922847747802734,6123800
2022-09-22,41.02000045776367,41.02000045776367,40.36000061035156,40.4900016784668,38.438682556152344,3306700
2022-09-23,40.119998931884766,40.130001068115234,39.630001068115234,40.04999923706055,38.02097702026367,4062300
2022-09-26,39.97999954223633,40.099998474121094,38.22999954223633,38.77000045776367,36.805824279785156,3349400
2022-09-27,38.959999084472656,39.099998474121094,38.029998779296875,38.209999084472656,36.274192810058594,2997000
2022-09-28,38.70000076293945,38.869998931884766,38.15999984741211,38.66999816894531,36.71088790893555,2780300
2022-09-29,38.5099983215332,38.58000183105469,37.150001525878906,37.18000030517578,35.29637908935547,4284300
2022-09-30,37.34000015258789,37.5099983215332,36.709999084472656,37.0,35.12549591064453,6156700
2022-10-03,37.65999984741211,38.04999923706055,37.22999954223633,37.650001525878906,35.7425651550293,4638100
2022-10-04,37.79999923706055,39.08000183105469,37.66999816894531,38.95000076293945,36.976707458496094,3733400
2022-10-05,38.400001525878906,38.41999816894531,37.29999923706055,37.77000045776367,35.856483459472656,3624400
2022-10-06,37.59000015258789,37.66999816894531,36.68000030517578,36.849998474121094,34.983097076416016,4220800
2022-10-07,36.849998474121094,36.90999984741211,35.849998474121094,36.099998474121094,34.271087646484375,4125800
2022-10-10,36.29999923706055,36.9900016784668,36.2400016784668,36.79999923706055,34.93562698364258,5720200
2022-10-11,36.75,37.41999816894531,36.540000915527344,36.720001220703125,34.859683990478516,5949900
2022-10-12,36.7400016784668,36.7400016784668,36.0,36.150001525878906,34.31856155395508,4033000
2022-10-13,35.75,37.279998779296875,35.599998474121094,37.119998931884766,35.239410400390625,5693300
2022-10-14,37.459999084472656,37.81999969482422,36.130001068115234,36.16999816894531,34.33754348754883,6503700
2022-10-17,36.58000183105469,37.18000030517578,36.45000076293945,36.91999816894531,35.04954528808594,3052700
2022-10-18,37.36000061035156,37.65999984741211,36.91999816894531,37.310001373291016,35.419795989990234,2742100
2022-10-19,36.84000015258789,37.369998931884766,36.650001525878906,36.91999816894531,35.04954528808594,3150100
2022-10-20,36.86000061035156,36.880001068115234,35.810001373291016,36.08000183105469,34.25210189819336,2675700
2022-10-21,36.04999923706055,36.63999938964844,35.77000045776367,36.40999984741211,34.56538391113281,5001800
2022-10-24,36.75,37.02000045776367,36.41999816894531,36.880001068115234,35.01157760620117,2678300
2022-10-25,36.880001068115234,37.709999084472656,36.84000015258789,37.58000183105469,35.67611312866211,4042400
2022-10-26,37.84000015258789,37.88999938964844,36.189998626708984,36.380001068115234,34.536903381347656,5790700
2022-10-27,36.75,37.630001068115234,36.689998626708984,37.25,35.36282730102539,4534300
2022-10-28,37.400001525878906,38.150001525878906,37.27000045776367,38.08000183105469,36.15078353881836,3694600
2022-10-31,38.0099983215332,38.06999969482422,37.459999084472656,37.709999084472656,35.799522399902344,6060200
2022-11-01,37.939998626708984,38.45000076293945,37.810001373291016,38.41999816894531,36.47355270385742,3732100
2022-11-02,38.34000015258789,39.15999984741211,37.97999954223633,37.97999954223633,36.05584716796875,3353500
2022-11-03,37.560001373291016,38.540000915527344,37.279998779296875,38.209999084472656,36.274192810058594,2440400
2022-11-04,38.060001373291016,38.150001525878906,37.11000061035156,37.900001525878906,36.35092544555664,3059300
2022-11-07,37.93000030517578,37.93000030517578,36.689998626708984,37.369998931884766,35.842586517333984,4328000
2022-11-08,37.459999084472656,37.86000061035156,37.22999954223633,37.65999984741211,36.120731353759766,3903600
2022-11-09,37.310001373291016,37.61000061035156,36.939998626708984,37.18000030517578,35.66035461425781,2415700
2022-11-10,38.13999938964844,39.04999923706055,37.66999816894531,38.9900016784668,37.39637756347656,2301100
2022-11-11,39.0099983215332,39.02000045776367,37.7599983215332,37.959999084472656,36.408470153808594,3297000
2022-11-14,38.0099983215332,38.0099983215332,37.20000076293945,37.20000076293945,35.679534912109375,4160300
2022-11-15,37.59000015258789,38.369998931884766,37.56999969482422,38.150001525878906,36.5907096862793,5943000
2022-11-16,38.08000183105469,38.54999923706055,37.97999954223633,38.04999923706055,36.494789123535156,2796500
2022-11-17,37.65999984741211,37.79999923706055,37.18000030517578,37.650001525878906,36.111141204833984,2491100
2022-11-18,37.959999084472656,38.5,37.779998779296875,38.47999954223633,36.90721893310547,3828600
2022-11-21,38.470001220703125,38.869998931884766,38.400001525878906,38.61000061035156,37.03190612792969,2857200
2022-11-22,38.880001068115234,39.130001068115234,38.529998779296875,38.97999954223633,37.386783599853516,1621000
2022-11-23,38.84000015258789,39.52000045776367,38.84000015258789,39.5099983215332,37.89511489868164,1636200
2022-11-25,39.599998474121094,39.869998931884766,39.599998474121094,39.86000061035156,38.23081588745117,669700
2022-11-28,39.540000915527344,39.72999954223633,39.349998474121094,39.630001068115234,38.010215759277344,2435600
2022-11-29,39.36000061035156,39.849998474121094,39.189998626708984,39.79999923706055,38.17326354980469,2398400
2022-11-30,39.59000015258789,41.310001373291016,39.36000061035156,41.2400016784668,39.55440902709961,4631200
2022-12-01,41.65999984741211,41.959999084472656,41.15999984741211,41.380001068115234,39.688690185546875,4643300
2022-12-02,40.95000076293945,41.56999969482422,40.790000915527344,41.52000045776367,39.82296371459961,3138200
2022-12-05,41.189998626708984,41.529998779296875,41.11000061035156,41.33000183105469,39.64073181152344,2616100
2022-12-06,41.290000915527344,41.66999816894531,40.9900016784668,41.56999969482422,39.87092208862305,2790700
2022-12-07,41.47999954223633,41.959999084472656,41.29999923706055,41.70000076293945,39.995609283447266,3064100
2022-12-08,41.70000076293945,42.0,41.52000045776367,41.70000076293945,39.995609283447266,2712000
2022-12-09,41.63999938964844,41.97999954223633,41.36000061035156,41.47999954223633,39.78459930419922,3210400
2022-12-12,41.91999816894531,42.2599983215332,41.4900016784668,42.2400016784668,40.51353454589844,2860400
2022-12-13,42.88999938964844,42.959999084472656,41.77000045776367,42.2400016784668,40.51353454589844,2797000
2022-12-14,42.349998474121094,42.84000015258789,42.040000915527344,42.34000015258789,40.60944747924805,3569400
2022-12-15,42.189998626708984,42.29999923706055,41.79999923706055,42.0,40.283348083496094,3119700
2022-12-16,41.31999969482422,41.5,40.189998626708984,40.93000030517578,39.257080078125,10734700
2022-12-19,40.9900016784668,41.40999984741211,40.70000076293945,41.0099983215332,39.33380889892578,2194100
2022-12-20,41.060001373291016,41.41999816894531,40.790000915527344,41.25,39.56399917602539,2489900
2022-12-21,41.369998931884766,41.72999954223633,41.2599983215332,41.720001220703125,40.014793395996094,2627800
2022-12-22,41.689998626708984,41.689998626708984,40.83000183105469,41.400001525878906,39.70787048339844,1905400
2022-12-23,41.400001525878906,42.0,41.369998931884766,42.0,40.283348083496094,1493700
2022-12-27,42.040000915527344,42.310001373291016,41.869998931884766,42.2599983215332,40.532718658447266,1092400
2022-12-28,42.38999938964844,42.54999923706055,41.959999084472656,42.06999969482422,40.350486755371094,1547800
2022-12-29,42.279998779296875,42.40999984741211,42.099998474121094,42.25,40.52312469482422,1167700
2022-12-30,42.20000076293945,42.310001373291016,41.59000015258789,41.939998626708984,40.22579574584961,1670000
