Date,Open,High,Low,Close,Adj Close,Volume
2015-01-02,52.970001220703125,53.2599983215332,52.529998779296875,53.189998626708984,39.92544174194336,1249300
2015-01-05,53.189998626708984,53.43000030517578,52.349998474121094,52.540000915527344,39.43753433227539,1406300
2015-01-06,52.70000076293945,53.790000915527344,52.56999969482422,52.68000030517578,39.542633056640625,2181100
2015-01-07,52.77000045776367,53.540000915527344,52.439998626708984,53.33000183105469,40.03053283691406,1244300
2015-01-08,53.5099983215332,54.119998931884766,53.5099983215332,53.91999816894531,40.47340393066406,1490100
2015-01-09,54.06999969482422,54.220001220703125,53.220001220703125,53.619998931884766,40.24821472167969,1617300
2015-01-12,53.7400016784668,53.90999984741211,53.189998626708984,53.459999084472656,40.128116607666016,1275700
2015-01-13,53.709999084472656,54.459999084472656,53.310001373291016,53.720001220703125,40.323272705078125,1383300
2015-01-14,53.560001373291016,54.400001525878906,53.349998474121094,54.36000061035156,40.80366516113281,1226300
2015-01-15,54.380001068115234,55.16999816894531,54.119998931884766,55.04999923706055,41.32160186767578,1375800
2015-01-16,55.119998931884766,55.900001525878906,54.849998474121094,55.86000061035156,41.92959976196289,1717200
2015-01-20,56.0,56.130001068115234,55.209999084472656,55.7599983215332,41.85453796386719,1735100
2015-01-21,55.599998474121094,56.52000045776367,55.20000076293945,56.45000076293945,42.37245559692383,1259200
2015-01-22,56.59000015258789,56.810001373291016,56.11000061035156,56.61000061035156,42.4925651550293,1252400
2015-01-23,56.77000045776367,57.25,56.599998474121094,56.95000076293945,42.74777603149414,1343200
2015-01-26,56.7400016784668,57.040000915527344,56.29999923706055,57.02000045776367,42.80031204223633,1996400
2015-01-27,56.869998931884766,57.4900016784668,56.79999923706055,57.09000015258789,42.85286331176758,1209100
2015-01-28,57.02000045776367,58.0099983215332,56.650001525878906,56.790000915527344,42.62767791748047,2276800
2015-01-29,56.72999954223633,57.58000183105469,56.45000076293945,57.470001220703125,43.13810348510742,1506400
2015-01-30,57.369998931884766,57.47999954223633,55.709999084472656,55.77000045776367,41.8620491027832,2491800
2015-02-02,55.84000015258789,56.380001068115234,55.20000076293945,56.220001220703125,42.19982147216797,1520100
2015-02-03,56.08000183105469,56.18000030517578,55.47999954223633,55.959999084472656,42.004661560058594,1850300
2015-02-04,55.880001068115234,56.02000045776367,55.13999938964844,55.310001373291016,41.51675033569336,1437700
2015-02-05,55.59000015258789,56.119998931884766,55.11000061035156,56.02000045776367,42.04969787597656,1501100
2015-02-06,55.720001220703125,55.77000045776367,53.16999816894531,53.43000030517578,40.105594635009766,2686000
2015-02-09,53.34000015258789,53.65999984741211,52.220001220703125,52.61000061035156,39.49008560180664,2342800
2015-02-10,52.63999938964844,53.880001068115234,52.54999923706055,53.790000915527344,40.37582015991211,1521700
2015-02-11,52.900001525878906,52.900001525878906,51.5,51.7599983215332,39.159271240234375,3594500
2015-02-12,51.939998626708984,52.349998474121094,51.349998474121094,52.27000045776367,39.54511260986328,1990100
2015-02-13,52.22999954223633,52.22999954223633,50.540000915527344,50.959999084472656,38.55403137207031,3922000
2015-02-17,50.880001068115234,51.560001373291016,50.40999984741211,51.0099983215332,38.59185791015625,2452500
2015-02-18,50.959999084472656,52.2599983215332,50.7599983215332,52.209999084472656,39.499717712402344,1889500
2015-02-19,52.20000076293945,52.2400016784668,51.279998779296875,51.470001220703125,38.93988037109375,1416400
2015-02-20,51.560001373291016,51.93000030517578,50.900001525878906,51.93000030517578,39.287899017333984,3689900
2015-02-23,51.849998474121094,52.560001373291016,51.84000015258789,52.540000915527344,39.749393463134766,1921200
2015-02-24,52.470001220703125,52.880001068115234,52.2599983215332,52.560001373291016,39.76451873779297,1639200
2015-02-25,52.68000030517578,52.7400016784668,51.459999084472656,51.56999969482422,39.015525817871094,1510700
2015-02-26,51.560001373291016,51.630001068115234,50.7599983215332,50.790000915527344,38.42542266845703,1731900
2015-02-27,50.91999816894531,51.2400016784668,50.619998931884766,50.97999954223633,38.56916046142578,1319100
2015-03-02,50.790000915527344,50.83000183105469,49.52000045776367,50.11000061035156,37.91095733642578,1854600
2015-03-03,50.119998931884766,50.68000030517578,49.36000061035156,50.66999816894531,38.334625244140625,2462500
2015-03-04,50.41999816894531,50.47999954223633,49.70000076293945,49.939998626708984,37.7823486328125,1331100
2015-03-05,50.18000030517578,50.58000183105469,49.939998626708984,50.47999954223633,38.19089126586914,1386700
2015-03-06,49.81999969482422,49.81999969482422,48.189998626708984,48.400001525878906,36.61726379394531,2828700
2015-03-09,48.5,48.849998474121094,48.41999816894531,48.619998931884766,36.783695220947266,1472600
2015-03-10,48.52000045776367,49.11000061035156,48.279998779296875,48.349998474121094,36.579429626464844,1857400
2015-03-11,48.47999954223633,48.7400016784668,47.77000045776367,47.81999969482422,36.178443908691406,2199100
2015-03-12,48.06999969482422,48.79999923706055,48.02000045776367,48.560001373291016,36.73830795288086,2019700
2015-03-13,48.540000915527344,48.56999969482422,47.5099983215332,48.209999084472656,36.47349548339844,2007400
2015-03-16,48.369998931884766,49.650001525878906,48.369998931884766,49.060001373291016,37.116580963134766,1589500
2015-03-17,48.880001068115234,49.290000915527344,48.61000061035156,48.70000076293945,36.84423065185547,1172600
2015-03-18,48.70000076293945,50.29999923706055,48.45000076293945,49.91999816894531,37.7672119140625,1882400
2015-03-19,49.7400016784668,50.560001373291016,49.290000915527344,49.630001068115234,37.547813415527344,1809500
2015-03-20,50.06999969482422,50.4900016784668,49.560001373291016,50.189998626708984,37.97148513793945,2817600
2015-03-23,50.130001068115234,50.529998779296875,49.97999954223633,50.16999816894531,37.956356048583984,1793400
2015-03-24,50.04999923706055,50.45000076293945,49.41999816894531,49.619998931884766,37.540245056152344,1518400
2015-03-25,49.630001068115234,50.06999969482422,49.060001373291016,49.09000015258789,37.139278411865234,1051500
2015-03-26,48.9900016784668,49.369998931884766,48.630001068115234,48.869998931884766,36.97282791137695,1611300
2015-03-27,48.880001068115234,49.79999923706055,48.779998779296875,49.45000076293945,37.411643981933594,1753500
2015-03-30,49.560001373291016,49.970001220703125,49.29999923706055,49.72999954223633,37.62347412109375,1075500
2015-03-31,49.63999938964844,50.08000183105469,49.18000030517578,49.5,37.449459075927734,2133000
2015-04-01,49.4900016784668,50.029998779296875,48.880001068115234,49.93000030517578,37.7747802734375,1373600
2015-04-02,50.0099983215332,50.130001068115234,49.7400016784668,49.790000915527344,37.66886520385742,1258100
2015-04-06,50.0,50.65999984741211,49.93000030517578,50.22999954223633,38.001747131347656,1262800
2015-04-07,50.209999084472656,50.2599983215332,49.5099983215332,49.540000915527344,37.47972869873047,934900
2015-04-08,49.52000045776367,49.66999816894531,49.060001373291016,49.36000061035156,37.34354782104492,1287400
2015-04-09,49.40999984741211,49.40999984741211,48.77000045776367,49.04999923706055,37.10901641845703,976200
2015-04-10,49.220001220703125,49.959999084472656,49.16999816894531,49.650001525878906,37.56295394897461,1317400
2015-04-13,49.63999938964844,50.040000915527344,49.40999984741211,49.43000030517578,37.39651107788086,1145100
2015-04-14,49.68000030517578,50.09000015258789,49.380001068115234,49.779998779296875,37.66130065917969,1172600
2015-04-15,49.81999969482422,50.38999938964844,49.65999984741211,49.70000076293945,37.60077667236328,1083000
2015-04-16,49.70000076293945,49.779998779296875,48.939998626708984,49.45000076293945,37.411643981933594,1149100
2015-04-17,49.220001220703125,49.959999084472656,49.220001220703125,49.540000915527344,37.47972869873047,1116500
2015-04-20,49.72999954223633,50.79999923706055,49.68000030517578,50.33000183105469,38.077415466308594,1177300
2015-04-21,50.38999938964844,50.90999984741211,49.849998474121094,50.16999816894531,37.956356048583984,1724900
2015-04-22,50.31999969482422,50.459999084472656,49.83000183105469,50.279998779296875,38.03956604003906,967400
2015-04-23,50.290000915527344,50.95000076293945,50.189998626708984,50.65999984741211,38.32707977294922,1326400
2015-04-24,50.56999969482422,51.540000915527344,50.349998474121094,51.11000061035156,38.66751480102539,1667900
2015-04-27,51.150001525878906,51.20000076293945,49.91999816894531,50.209999084472656,37.98661422729492,1466900
2015-04-28,49.88999938964844,50.4900016784668,49.689998626708984,50.34000015258789,38.08496856689453,1129600
2015-04-29,49.959999084472656,50.06999969482422,49.380001068115234,49.900001525878906,37.75208282470703,1101600
2015-04-30,49.77000045776367,49.83000183105469,48.59000015258789,49.119998931884766,37.16197204589844,2045500
2015-05-01,49.040000915527344,49.65999984741211,48.93000030517578,49.599998474121094,37.52511978149414,1700800
2015-05-04,49.560001373291016,50.310001373291016,49.470001220703125,49.849998474121094,37.714263916015625,1491400
2015-05-05,49.540000915527344,50.25,47.84000015258789,47.970001220703125,36.29193115234375,2771600
2015-05-06,47.90999984741211,48.369998931884766,47.08000183105469,47.650001525878906,36.04983901977539,1848300
2015-05-07,47.75,48.279998779296875,47.7400016784668,47.79999923706055,36.163326263427734,1233800
2015-05-08,48.630001068115234,48.83000183105469,47.959999084472656,48.09000015258789,36.38271713256836,1367200
2015-05-11,48.0,48.65999984741211,47.81999969482422,47.88999938964844,36.23141098022461,1044100
2015-05-12,47.209999084472656,47.540000915527344,46.84000015258789,47.310001373291016,36.11157989501953,1455300
2015-05-13,47.4900016784668,47.849998474121094,46.63999938964844,46.84000015258789,35.75282287597656,1019300
2015-05-14,47.209999084472656,47.56999969482422,47.06999969482422,47.54999923706055,36.29475784301758,804300
2015-05-15,47.59000015258789,48.150001525878906,47.56999969482422,48.0,36.63823699951172,984600
2015-05-18,47.84000015258789,48.36000061035156,47.81999969482422,48.2599983215332,36.836700439453125,1126100
2015-05-19,47.97999954223633,48.470001220703125,47.79999923706055,48.22999954223633,36.813804626464844,862100
2015-05-20,48.189998626708984,49.130001068115234,48.11000061035156,48.72999954223633,37.195457458496094,1488600
2015-05-21,48.70000076293945,48.869998931884766,48.36000061035156,48.70000076293945,37.172550201416016,952400
2015-05-22,48.59000015258789,48.59000015258789,48.060001373291016,48.34000015258789,36.89776611328125,894700
2015-05-26,48.290000915527344,48.43000030517578,47.84000015258789,48.2400016784668,36.821449279785156,1497900
2015-05-27,47.900001525878906,48.540000915527344,47.900001525878906,48.29999923706055,36.86723709106445,1579100
2015-05-28,48.20000076293945,48.459999084472656,48.029998779296875,48.33000183105469,36.890140533447266,1484200
2015-05-29,48.41999816894531,48.560001373291016,48.040000915527344,48.279998779296875,36.85197448730469,2377900
2015-06-01,48.34000015258789,48.70000076293945,48.060001373291016,48.349998474121094,36.90540313720703,1481500
2015-06-02,48.029998779296875,48.029998779296875,47.040000915527344,47.45000076293945,36.21842956542969,1625500
2015-06-03,47.31999969482422,47.33000183105469,46.470001220703125,46.720001220703125,35.661224365234375,1321600
2015-06-04,46.54999923706055,46.84000015258789,46.09000015258789,46.279998779296875,35.32537078857422,2502300
2015-06-05,45.66999816894531,45.81999969482422,45.2599983215332,45.5099983215332,34.73763656616211,2268700
2015-06-08,45.45000076293945,45.529998779296875,45.099998474121094,45.209999084472656,34.50865173339844,1885900
2015-06-09,45.189998626708984,45.58000183105469,45.150001525878906,45.20000076293945,34.50102233886719,1036800
2015-06-10,45.43000030517578,45.72999954223633,45.11000061035156,45.279998779296875,34.56207275390625,1397600
2015-06-11,45.599998474121094,45.95000076293945,45.45000076293945,45.869998931884766,35.01242446899414,1265800
2015-06-12,45.650001525878906,45.91999816894531,45.5099983215332,45.56999969482422,34.783443450927734,1311300
2015-06-15,45.86000061035156,46.060001373291016,45.41999816894531,45.529998779296875,34.752906799316406,1914700
2015-06-16,45.5099983215332,46.08000183105469,45.36000061035156,46.04999923706055,35.149818420410156,1376000
2015-06-17,46.060001373291016,46.61000061035156,45.86000061035156,46.349998474121094,35.37880325317383,1759100
2015-06-18,46.900001525878906,47.310001373291016,46.70000076293945,47.0,35.87494659423828,2082100
2015-06-19,47.060001373291016,47.279998779296875,46.540000915527344,46.58000183105469,35.55435562133789,2608400
2015-06-22,46.02000045776367,46.75,46.02000045776367,46.279998779296875,35.32537078857422,1422900
2015-06-23,46.060001373291016,46.20000076293945,45.52000045776367,45.88999938964844,35.02769088745117,1643300
2015-06-24,45.849998474121094,46.04999923706055,45.650001525878906,45.779998779296875,34.943729400634766,2174800
2015-06-25,45.880001068115234,45.880001068115234,45.709999084472656,45.790000915527344,34.951358795166016,2579800
2015-06-26,45.689998626708984,46.22999954223633,45.349998474121094,46.209999084472656,35.27195358276367,1988700
2015-06-29,45.689998626708984,46.849998474121094,45.13999938964844,45.15999984741211,34.47048568725586,6870600
2015-06-30,45.630001068115234,45.79999923706055,44.93000030517578,44.970001220703125,34.4835205078125,10635600
2015-07-01,45.130001068115234,46.09000015258789,44.970001220703125,45.93000030517578,35.219669342041016,4529500
2015-07-02,46.349998474121094,47.099998474121094,46.27000045776367,46.650001525878906,35.771766662597656,3216300
2015-07-06,46.52000045776367,46.869998931884766,46.189998626708984,46.7400016784668,35.84078598022461,2803700
2015-07-07,46.7599983215332,48.08000183105469,46.7599983215332,47.869998931884766,36.707275390625,2831800
2015-07-08,47.68000030517578,47.97999954223633,47.349998474121094,47.41999816894531,36.362205505371094,1920100
2015-07-09,47.56999969482422,47.91999816894531,46.59000015258789,46.810001373291016,35.89445114135742,2261400
2015-07-10,46.869998931884766,47.529998779296875,46.599998474121094,47.2599983215332,36.23951721191406,1963800
2015-07-13,47.36000061035156,47.77000045776367,46.869998931884766,47.209999084472656,36.201175689697266,1997900
2015-07-14,47.279998779296875,47.599998474121094,46.93000030517578,47.220001220703125,36.20885467529297,2551300
2015-07-15,47.31999969482422,47.47999954223633,47.029998779296875,47.38999938964844,36.339202880859375,1749800
2015-07-16,47.939998626708984,48.650001525878906,47.900001525878906,48.41999816894531,37.12902069091797,2662600
2015-07-17,48.20000076293945,48.400001525878906,47.779998779296875,47.86000061035156,36.699607849121094,1677300
2015-07-20,47.849998474121094,48.040000915527344,47.369998931884766,47.599998474121094,36.50023651123047,1309500
2015-07-21,47.540000915527344,47.709999084472656,47.16999816894531,47.52000045776367,36.43889617919922,1907400
2015-07-22,47.52000045776367,48.20000076293945,47.470001220703125,48.029998779296875,36.8299674987793,2722800
2015-07-23,47.810001373291016,47.86000061035156,46.83000183105469,47.099998474121094,36.11683654785156,1891400
2015-07-24,47.119998931884766,47.369998931884766,46.959999084472656,47.119998931884766,36.132164001464844,1356800
2015-07-27,47.130001068115234,47.959999084472656,47.08000183105469,47.68000030517578,36.56158447265625,1791800
2015-07-28,47.970001220703125,48.15999984741211,47.630001068115234,48.060001373291016,36.85296630859375,2222500
2015-07-29,46.0,48.310001373291016,46.0,48.15999984741211,36.92964553833008,2675100
2015-07-30,48.22999954223633,49.310001373291016,47.79999923706055,48.77000045776367,37.39741134643555,2082200
2015-07-31,49.119998931884766,49.470001220703125,48.91999816894531,49.0,37.57377243041992,2133200
2015-08-03,49.040000915527344,49.560001373291016,48.900001525878906,49.369998931884766,37.85749435424805,1870100
2015-08-04,49.2400016784668,49.40999984741211,48.54999923706055,48.63999938964844,37.29771423339844,1844000
2015-08-05,48.849998474121094,49.060001373291016,48.43000030517578,48.66999816894531,37.32072448730469,1526100
2015-08-06,48.66999816894531,49.29999923706055,48.25,49.25,37.765480041503906,1860200
2015-08-07,49.11000061035156,50.130001068115234,48.880001068115234,50.040000915527344,38.37126159667969,2500200
2015-08-10,49.9900016784668,50.20000076293945,49.540000915527344,49.7400016784668,38.14120864868164,2098200
2015-08-11,49.709999084472656,51.150001525878906,49.689998626708984,50.4900016784668,38.71631622314453,4007000
2015-08-12,50.189998626708984,51.310001373291016,49.959999084472656,50.959999084472656,39.258670806884766,2650900
2015-08-13,50.68000030517578,51.040000915527344,50.27000045776367,50.959999084472656,39.258670806884766,1921000
2015-08-14,50.81999969482422,51.349998474121094,50.5099983215332,51.34000015258789,39.551429748535156,1827400
2015-08-17,51.27000045776367,51.75,51.029998779296875,51.290000915527344,39.51288986206055,2074700
2015-08-18,51.2400016784668,51.540000915527344,50.939998626708984,51.27000045776367,39.49748611450195,1721900
2015-08-19,51.08000183105469,51.75,50.779998779296875,51.529998779296875,39.697784423828125,1592500
2015-08-20,51.209999084472656,51.9900016784668,51.04999923706055,51.470001220703125,39.651573181152344,2105900
2015-08-21,51.189998626708984,51.849998474121094,51.06999969482422,51.29999923706055,39.520606994628906,3199700
2015-08-24,50.86000061035156,50.880001068115234,48.540000915527344,48.77000045776367,37.571537017822266,3743200
2015-08-25,49.439998626708984,49.619998931884766,47.02000045776367,47.08000183105469,36.26958465576172,3265100
2015-08-26,47.54999923706055,47.83000183105469,46.65999984741211,47.720001220703125,36.76263427734375,2577400
2015-08-27,48.150001525878906,48.22999954223633,47.45000076293945,48.189998626708984,37.124698638916016,1895700
2015-08-28,48.18000030517578,48.7400016784668,47.5099983215332,48.20000076293945,37.13241958618164,1759100
2015-08-31,48.27000045776367,48.31999969482422,47.34000015258789,47.650001525878906,36.708717346191406,3378900
2015-09-01,47.439998626708984,49.369998931884766,46.45000076293945,46.7599983215332,36.0230598449707,3440700
2015-09-02,47.220001220703125,47.22999954223633,46.22999954223633,46.70000076293945,35.97683334350586,2269700
2015-09-03,46.83000183105469,47.2400016784668,46.66999816894531,47.02000045776367,36.223358154296875,1935900
2015-09-04,46.63999938964844,46.869998931884766,46.25,46.56999969482422,35.87668991088867,2591800
2015-09-08,47.16999816894531,47.400001525878906,46.900001525878906,47.27000045776367,36.41595458984375,2013100
2015-09-09,47.310001373291016,47.810001373291016,46.810001373291016,46.869998931884766,36.10780334472656,2062700
2015-09-10,46.79999923706055,47.709999084472656,46.779998779296875,47.2400016784668,36.39284133911133,3366900
2015-09-11,47.029998779296875,47.880001068115234,46.86000061035156,47.880001068115234,36.88589096069336,1739000
2015-09-14,48.06999969482422,48.5,47.95000076293945,48.22999954223633,37.15552520751953,2132300
2015-09-15,48.25,48.459999084472656,47.63999938964844,48.27000045776367,37.18634796142578,1719500
2015-09-16,48.18000030517578,48.650001525878906,48.08000183105469,48.41999816894531,37.30189895629883,2018300
2015-09-17,48.33000183105469,49.77000045776367,48.2599983215332,49.189998626708984,37.89509582519531,2158900
2015-09-18,48.689998626708984,49.630001068115234,48.68000030517578,49.33000183105469,38.0029411315918,4115100
2015-09-21,49.36000061035156,49.72999954223633,49.2400016784668,49.5099983215332,38.141624450683594,1547500
2015-09-22,49.150001525878906,49.59000015258789,48.9900016784668,49.25,37.941322326660156,1382200
2015-09-23,49.279998779296875,49.540000915527344,48.939998626708984,49.47999954223633,38.11849594116211,1920900
2015-09-24,49.31999969482422,50.34000015258789,49.18000030517578,50.189998626708984,38.66548156738281,2195700
2015-09-25,50.29999923706055,51.310001373291016,50.029998779296875,51.0099983215332,39.29719161987305,2223400
2015-09-28,50.849998474121094,51.5,50.81999969482422,50.97999954223633,39.27407455444336,2121400
2015-09-29,50.970001220703125,51.38999938964844,50.790000915527344,51.119998931884766,39.38192367553711,2572400
2015-09-30,51.29999923706055,52.290000915527344,51.150001525878906,52.220001220703125,40.229347229003906,1870700
2015-10-01,52.349998474121094,52.47999954223633,51.52000045776367,52.08000183105469,40.12149429321289,2358000
2015-10-02,52.38999938964844,52.849998474121094,51.66999816894531,52.619998931884766,40.537506103515625,2125000
2015-10-05,52.880001068115234,52.97999954223633,52.06999969482422,52.75,40.637657165527344,1850700
2015-10-06,52.560001373291016,52.560001373291016,51.650001525878906,52.130001068115234,40.1600227355957,2382000
2015-10-07,52.310001373291016,52.310001373291016,51.459999084472656,51.65999984741211,39.797935485839844,2753500
2015-10-08,51.52000045776367,52.459999084472656,51.400001525878906,52.45000076293945,40.40653610229492,1818200
2015-10-09,52.47999954223633,52.70000076293945,51.970001220703125,52.36000061035156,40.33720779418945,2270300
2015-10-12,52.36000061035156,53.0,52.36000061035156,52.77000045776367,40.65306091308594,1414600
2015-10-13,52.709999084472656,52.939998626708984,52.25,52.439998626708984,40.39883041381836,1683600
2015-10-14,52.47999954223633,52.63999938964844,52.119998931884766,52.25,40.25246047973633,1501200
2015-10-15,52.439998626708984,53.060001373291016,52.16999816894531,53.0,40.83024978637695,1648900
2015-10-16,53.25,53.52000045776367,53.02000045776367,53.29999923706055,41.06135940551758,1899200
2015-10-19,53.209999084472656,53.47999954223633,52.81999969482422,53.470001220703125,41.192325592041016,2164700
2015-10-20,53.29999923706055,53.650001525878906,53.150001525878906,53.369998931884766,41.11529541015625,1426300
2015-10-21,53.650001525878906,53.83000183105469,53.06999969482422,53.15999984741211,40.9535026550293,1680400
2015-10-22,53.25,53.880001068115234,53.04999923706055,53.72999954223633,41.39262390136719,1649000
2015-10-23,53.4900016784668,53.540000915527344,52.66999816894531,52.810001373291016,40.68388366699219,1685600
2015-10-26,52.650001525878906,52.86000061035156,52.2599983215332,52.849998474121094,40.71468734741211,1442500
2015-10-27,52.709999084472656,52.93000030517578,52.400001525878906,52.68000030517578,40.58372497558594,1276200
2015-10-28,52.689998626708984,52.900001525878906,51.290000915527344,51.900001525878906,39.98282241821289,1747500
2015-10-29,51.65999984741211,51.810001373291016,50.619998931884766,51.29999923706055,39.520606994628906,1921800
2015-10-30,51.47999954223633,51.84000015258789,51.310001373291016,51.560001373291016,39.72089385986328,1587500
2015-11-02,51.560001373291016,51.849998474121094,51.220001220703125,51.709999084472656,39.83644485473633,1607700
2015-11-03,51.63999938964844,51.93000030517578,51.220001220703125,51.880001068115234,39.96742630004883,1658500
2015-11-04,51.41999816894531,53.209999084472656,51.220001220703125,51.9900016784668,40.052154541015625,2126100
2015-11-05,51.970001220703125,52.209999084472656,51.63999938964844,51.68000030517578,39.81334686279297,1501200
2015-11-06,50.90999984741211,51.13999938964844,48.95000076293945,49.5099983215332,38.141624450683594,3223400
2015-11-09,49.34000015258789,49.47999954223633,48.849998474121094,49.189998626708984,37.89509582519531,2611800
2015-11-10,48.91999816894531,49.58000183105469,48.83000183105469,49.56999969482422,38.54673767089844,2088700
2015-11-11,49.65999984741211,50.13999938964844,49.43000030517578,49.9900016784668,38.87334442138672,1308900
2015-11-12,49.83000183105469,50.5,49.439998626708984,49.4900016784668,38.484535217285156,1426800
2015-11-13,49.5,49.900001525878906,48.939998626708984,49.02000045776367,38.11904525756836,1225800
2015-11-16,48.9900016784668,50.400001525878906,48.79999923706055,50.369998931884766,39.1688346862793,1781900
2015-11-17,50.209999084472656,50.650001525878906,49.41999816894531,49.540000915527344,38.523406982421875,2227900
2015-11-18,49.61000061035156,50.150001525878906,49.20000076293945,50.06999969482422,38.935550689697266,1908600
2015-11-19,50.209999084472656,50.560001373291016,49.81999969482422,50.2599983215332,39.08330535888672,2069200
2015-11-20,50.47999954223633,50.88999938964844,50.29999923706055,50.5099983215332,39.2777099609375,1313300
2015-11-23,50.38999938964844,50.66999816894531,49.81999969482422,49.91999816894531,38.81890106201172,1554800
2015-11-24,49.75,49.88999938964844,49.02000045776367,49.380001068115234,38.39899444580078,2098100
2015-11-25,49.5,49.5099983215332,48.880001068115234,49.06999969482422,38.157928466796875,2006500
2015-11-27,49.189998626708984,49.81999969482422,49.06999969482422,49.540000915527344,38.523406982421875,814000
2015-11-30,49.66999816894531,49.88999938964844,49.29999923706055,49.31999969482422,38.352333068847656,2510300
2015-12-01,49.689998626708984,49.939998626708984,49.25,49.90999984741211,38.811126708984375,2404600
2015-12-02,49.70000076293945,49.970001220703125,48.63999938964844,48.689998626708984,37.86244201660156,1892300
2015-12-03,48.380001068115234,48.650001525878906,47.97999954223633,48.119998931884766,37.419193267822266,1664100
2015-12-04,48.34000015258789,49.5,48.25,49.45000076293945,38.45342254638672,2108100
2015-12-07,49.279998779296875,50.189998626708984,49.279998779296875,50.08000183105469,38.94333267211914,3495100
2015-12-08,50.0,50.58000183105469,49.91999816894531,50.5,39.26992416381836,2315700
2015-12-09,50.279998779296875,50.77000045776367,49.83000183105469,49.939998626708984,38.83445358276367,2294900
2015-12-10,49.900001525878906,49.900001525878906,48.52000045776367,48.560001373291016,37.7613410949707,2507400
2015-12-11,48.45000076293945,49.029998779296875,48.04999923706055,48.560001373291016,37.7613410949707,1781600
2015-12-14,48.88999938964844,49.619998931884766,48.709999084472656,49.540000915527344,38.523406982421875,2505700
2015-12-15,49.779998779296875,50.459999084472656,49.650001525878906,49.91999816894531,38.81890106201172,1693000
2015-12-16,50.11000061035156,51.369998931884766,50.11000061035156,51.220001220703125,39.8298225402832,2249400
2015-12-17,51.25,51.58000183105469,50.31999969482422,51.2599983215332,39.86092758178711,2681900
2015-12-18,51.0099983215332,51.09000015258789,49.97999954223633,50.2400016784668,39.06774139404297,2564900
2015-12-21,50.47999954223633,50.86000061035156,50.040000915527344,50.38999938964844,39.18438720703125,1516900
2015-12-22,50.439998626708984,50.93000030517578,49.900001525878906,50.7400016784668,39.45656204223633,1328100
2015-12-23,50.93000030517578,51.63999938964844,50.790000915527344,51.540000915527344,40.07865905761719,1334900
2015-12-24,51.560001373291016,51.68000030517578,51.43000030517578,51.56999969482422,40.10198211669922,799200
2015-12-28,51.38999938964844,52.0,51.279998779296875,51.88999938964844,40.35082244873047,1170600
2015-12-29,52.0,52.540000915527344,51.97999954223633,52.29999923706055,40.66964340209961,1226800
2015-12-30,52.349998474121094,52.880001068115234,52.119998931884766,52.22999954223633,40.61521530151367,1062700
2015-12-31,51.97999954223633,52.099998474121094,51.0099983215332,51.310001373291016,39.899810791015625,1113900
2016-01-04,50.93000030517578,51.31999969482422,50.529998779296875,51.31999969482422,39.907569885253906,1877400
2016-01-05,51.310001373291016,52.02000045776367,50.439998626708984,51.869998931884766,40.33526611328125,2421100
2016-01-06,51.47999954223633,51.970001220703125,51.36000061035156,51.72999954223633,40.22640609741211,1507900
2016-01-07,51.13999938964844,51.880001068115234,51.11000061035156,51.720001220703125,40.218624114990234,1892300
2016-01-08,51.790000915527344,52.16999816894531,51.369998931884766,51.470001220703125,40.024234771728516,1905100
2016-01-11,51.75,52.189998626708984,51.540000915527344,51.88999938964844,40.35082244873047,1743000
2016-01-12,52.119998931884766,52.119998931884766,51.02000045776367,51.54999923706055,40.08643341064453,1688900
2016-01-13,51.849998474121094,52.459999084472656,51.66999816894531,51.84000015258789,40.31193923950195,2114300
2016-01-14,51.79999923706055,53.400001525878906,51.40999984741211,53.0,41.213985443115234,3495900
2016-01-15,52.220001220703125,52.91999816894531,52.02000045776367,52.75,41.01958084106445,2478900
2016-01-19,52.90999984741211,54.349998474121094,52.650001525878906,54.189998626708984,42.13934326171875,3583900
2016-01-20,53.81999969482422,54.22999954223633,52.59000015258789,52.939998626708984,41.16732406616211,3517700
2016-01-21,53.0,53.56999969482422,52.0099983215332,52.470001220703125,40.80184555053711,2907300
2016-01-22,52.75,53.720001220703125,52.400001525878906,53.619998931884766,41.69612121582031,2685800
2016-01-25,53.63999938964844,53.75,53.0099983215332,53.209999084472656,41.37727737426758,2158700
2016-01-26,53.36000061035156,54.25,53.2400016784668,53.86000061035156,41.88275146484375,2337800
2016-01-27,53.43000030517578,54.20000076293945,52.95000076293945,53.58000183105469,41.665016174316406,2202800
2016-01-28,53.5099983215332,55.220001220703125,52.959999084472656,54.70000076293945,42.535945892333984,2629500
2016-01-29,55.25,55.720001220703125,54.91999816894531,55.22999954223633,42.94808578491211,2736400
2016-02-01,55.189998626708984,56.529998779296875,54.849998474121094,56.09000015258789,43.616844177246094,2625700
2016-02-02,55.86000061035156,56.150001525878906,55.41999816894531,56.130001068115234,43.647945404052734,2112800
2016-02-03,56.400001525878906,57.04999923706055,56.209999084472656,56.650001525878906,44.05229949951172,2758000
2016-02-04,56.09000015258789,57.16999816894531,56.09000015258789,56.400001525878906,43.85789489746094,2548700
2016-02-05,56.02000045776367,57.11000061035156,55.220001220703125,57.04999923706055,44.36334991455078,2658100
2016-02-08,57.15999984741211,58.150001525878906,56.599998474121094,57.459999084472656,44.68218231201172,3146700
2016-02-09,57.22999954223633,57.900001525878906,57.060001373291016,57.38999938964844,44.62775421142578,3001900
2016-02-10,56.630001068115234,57.060001373291016,55.349998474121094,56.439998626708984,44.27084732055664,2365600
2016-02-11,56.58000183105469,56.79999923706055,55.72999954223633,55.7400016784668,43.721778869628906,1797100
2016-02-12,55.77000045776367,56.119998931884766,54.93000030517578,55.66999816894531,43.6668701171875,1475500
2016-02-16,55.9900016784668,55.9900016784668,54.72999954223633,55.72999954223633,43.71393585205078,1738300
2016-02-17,55.70000076293945,55.790000915527344,54.90999984741211,55.529998779296875,43.557064056396484,2071200
2016-02-18,55.43000030517578,56.939998626708984,55.34000015258789,56.61000061035156,44.40419387817383,1742700
2016-02-19,56.630001068115234,56.91999816894531,55.97999954223633,56.529998779296875,44.3414421081543,1435300
2016-02-22,56.83000183105469,57.150001525878906,56.349998474121094,57.099998474121094,44.78853988647461,1413500
2016-02-23,56.86000061035156,57.439998626708984,56.77000045776367,57.349998474121094,44.984642028808594,1225200
2016-02-24,57.22999954223633,57.689998626708984,56.720001220703125,57.38999938964844,45.016021728515625,1898900
2016-02-25,57.68000030517578,58.09000015258789,57.36000061035156,57.97999954223633,45.47880554199219,1429000
2016-02-26,57.810001373291016,57.959999084472656,56.13999938964844,56.439998626708984,44.27084732055664,1528800
2016-02-29,56.43000030517578,57.08000183105469,56.29999923706055,56.349998474121094,44.20024490356445,1872500
2016-03-01,56.790000915527344,56.97999954223633,55.939998626708984,56.349998474121094,44.20024490356445,2028500
2016-03-02,56.06999969482422,56.38999938964844,54.849998474121094,56.22999954223633,44.10612869262695,2340700
2016-03-03,56.31999969482422,56.52000045776367,55.2599983215332,56.470001220703125,44.294395446777344,1646100
2016-03-04,56.20000076293945,57.13999938964844,55.86000061035156,57.040000915527344,44.741485595703125,1317800
2016-03-07,56.81999969482422,57.09000015258789,56.54999923706055,56.90999984741211,44.63951873779297,2664700
2016-03-08,56.9900016784668,57.9900016784668,56.880001068115234,57.77000045776367,45.3140869140625,2357200
2016-03-09,57.77000045776367,58.54999923706055,57.540000915527344,58.08000183105469,45.557247161865234,1770700
2016-03-10,57.959999084472656,58.380001068115234,57.400001525878906,57.91999816894531,45.43174743652344,1839100
2016-03-11,58.34000015258789,58.540000915527344,57.90999984741211,58.150001525878906,45.61216735839844,1914600
2016-03-14,57.95000076293945,58.33000183105469,57.630001068115234,58.04999923706055,45.53370666503906,1718500
2016-03-15,57.88999938964844,58.459999084472656,57.88999938964844,58.34000015258789,45.76119613647461,1792500
2016-03-16,58.220001220703125,58.90999984741211,57.59000015258789,58.77000045776367,46.09846496582031,1746400
2016-03-17,58.91999816894531,59.470001220703125,58.619998931884766,59.20000076293945,46.43575668334961,1856300
2016-03-18,59.18000030517578,59.439998626708984,58.4900016784668,58.5,45.88670349121094,4525900
2016-03-21,58.349998474121094,58.86000061035156,57.869998931884766,58.560001373291016,45.933753967285156,2120200
2016-03-22,58.63999938964844,58.869998931884766,58.15999984741211,58.2400016784668,45.68274688720703,1674800
2016-03-23,58.290000915527344,59.18000030517578,57.970001220703125,58.83000183105469,46.145538330078125,1749300
2016-03-24,58.66999816894531,59.220001220703125,58.61000061035156,58.88999938964844,46.19260787963867,1101100
2016-03-28,59.0,59.380001068115234,58.58000183105469,58.68000030517578,46.02788162231445,945500
2016-03-29,58.84000015258789,59.650001525878906,58.65999984741211,59.59000015258789,46.74168014526367,1290000
2016-03-30,59.61000061035156,59.75,59.189998626708984,59.61000061035156,46.75736618041992,969800
2016-03-31,59.56999969482422,60.15999984741211,59.290000915527344,60.06999969482422,47.1181755065918,2143600
2016-04-01,59.849998474121094,60.2400016784668,59.27000045776367,59.970001220703125,47.039730072021484,2400800
2016-04-04,60.0,60.31999969482422,59.290000915527344,60.11000061035156,47.14955520629883,1810900
2016-04-05,60.0099983215332,60.099998474121094,58.970001220703125,58.97999954223633,46.26319885253906,3575200
2016-04-06,58.779998779296875,59.04999923706055,58.40999984741211,58.810001373291016,46.129852294921875,1290400
2016-04-07,58.560001373291016,59.2400016784668,58.5099983215332,58.90999984741211,46.20829391479492,1425400
2016-04-08,58.95000076293945,59.47999954223633,58.900001525878906,58.93000030517578,46.223976135253906,1424700
2016-04-11,59.0,59.45000076293945,58.70000076293945,58.72999954223633,46.067100524902344,1998600
2016-04-12,58.81999969482422,59.16999816894531,58.619998931884766,59.130001068115234,46.380855560302734,1250100
2016-04-13,59.18000030517578,59.18000030517578,58.290000915527344,58.599998474121094,45.96512222290039,1613600
2016-04-14,58.43000030517578,58.72999954223633,58.15999984741211,58.380001068115234,45.79255676269531,1258900
2016-04-15,58.43000030517578,58.970001220703125,58.31999969482422,58.790000915527344,46.11416244506836,1255700
2016-04-18,58.709999084472656,59.13999938964844,58.47999954223633,59.13999938964844,46.38869857788086,972000
2016-04-19,59.130001068115234,59.25,58.709999084472656,59.13999938964844,46.38869857788086,1482300
2016-04-20,59.0099983215332,59.439998626708984,57.09000015258789,57.119998931884766,44.80424118041992,1992300
2016-04-21,56.939998626708984,56.970001220703125,55.459999084472656,55.900001525878906,43.8472785949707,3131700
2016-04-22,56.20000076293945,56.689998626708984,56.09000015258789,56.650001525878906,44.435569763183594,1995500
2016-04-25,56.58000183105469,56.90999984741211,56.31999969482422,56.81999969482422,44.56891632080078,1793000
2016-04-26,56.72999954223633,57.0099983215332,56.599998474121094,56.709999084472656,44.48263168334961,1639100
2016-04-27,56.91999816894531,58.119998931884766,56.83000183105469,57.70000076293945,45.259185791015625,2098300
2016-04-28,57.34000015258789,58.189998626708984,57.0,58.08000183105469,45.557247161865234,1948000
2016-04-29,57.849998474121094,58.310001373291016,57.15999984741211,58.209999084472656,45.65922164916992,1908100
2016-05-02,58.310001373291016,58.70000076293945,57.95000076293945,58.41999816894531,45.82393264770508,2011300
2016-05-03,58.83000183105469,59.38999938964844,58.349998474121094,58.95000076293945,46.23966979980469,2610500
2016-05-04,58.91999816894531,60.5099983215332,58.91999816894531,60.099998474121094,47.141719818115234,2269600
2016-05-05,59.90999984741211,60.4900016784668,59.65999984741211,59.970001220703125,47.039730072021484,1719400
2016-05-06,59.939998626708984,59.9900016784668,58.7400016784668,59.25,46.474971771240234,2493000
2016-05-09,59.7400016784668,60.16999816894531,59.29999923706055,60.08000183105469,47.12602233886719,2416100
2016-05-10,60.099998474121094,60.43000030517578,59.790000915527344,60.029998779296875,47.08678436279297,2321300
2016-05-11,59.75,60.130001068115234,59.34000015258789,60.060001373291016,47.50204086303711,2011600
2016-05-12,59.779998779296875,60.380001068115234,59.61000061035156,60.18000030517578,47.59694290161133,2086900
2016-05-13,60.150001525878906,60.22999954223633,59.5099983215332,59.90999984741211,47.383399963378906,1511300
2016-05-16,59.83000183105469,60.16999816894531,59.290000915527344,60.150001525878906,47.57320785522461,1544200
2016-05-17,60.040000915527344,60.15999984741211,58.59000015258789,58.900001525878906,46.5845832824707,3201900
2016-05-18,58.54999923706055,59.150001525878906,57.65999984741211,57.88999938964844,45.785762786865234,2017100
2016-05-19,57.650001525878906,58.439998626708984,57.25,58.41999816894531,46.20494842529297,1589300
2016-05-20,58.68000030517578,58.68000030517578,57.97999954223633,58.5099983215332,46.276119232177734,4460600
2016-05-23,58.720001220703125,58.849998474121094,57.959999084472656,57.9900016784668,45.86484146118164,1014200
2016-05-24,58.13999938964844,58.900001525878906,57.84000015258789,58.869998931884766,46.560848236083984,1540300
2016-05-25,58.54999923706055,58.83000183105469,58.22999954223633,58.75,46.4659423828125,1482800
2016-05-26,58.75,59.72999954223633,58.709999084472656,59.66999816894531,47.193572998046875,2009200
2016-05-27,59.81999969482422,59.869998931884766,59.349998474121094,59.72999954223633,47.24103546142578,1102900
2016-05-31,59.540000915527344,60.33000183105469,59.529998779296875,60.13999938964844,47.56531524658203,2866500
2016-06-01,60.13999938964844,60.540000915527344,59.970001220703125,60.45000076293945,47.810489654541016,2266800
2016-06-02,60.36000061035156,60.470001220703125,59.619998931884766,60.18000030517578,47.59694290161133,2060700
2016-06-03,60.779998779296875,61.810001373291016,60.7599983215332,61.52000045776367,48.65675735473633,1498100
2016-06-06,61.38999938964844,61.75,60.95000076293945,61.11000061035156,48.33248519897461,1813100
2016-06-07,61.18000030517578,61.5,60.7599983215332,60.900001525878906,48.1663932800293,1861100
2016-06-08,60.849998474121094,61.709999084472656,60.66999816894531,61.650001525878906,48.75958251953125,1270300
2016-06-09,61.599998474121094,62.369998931884766,61.349998474121094,62.31999969482422,49.289493560791016,1736100
2016-06-10,62.189998626708984,62.66999816894531,62.099998474121094,62.529998779296875,49.4555778503418,1876200
2016-06-13,62.619998931884766,62.880001068115234,62.349998474121094,62.52000045776367,49.44767761230469,2020400
2016-06-14,62.52000045776367,63.189998626708984,62.11000061035156,63.189998626708984,49.977577209472656,2517800
2016-06-15,63.189998626708984,63.25,62.18000030517578,62.560001373291016,49.479305267333984,1557100
2016-06-16,62.560001373291016,63.2599983215332,62.560001373291016,63.13999938964844,49.93803405761719,1697900
2016-06-17,62.9900016784668,63.40999984741211,62.540000915527344,63.29999923706055,50.0645866394043,2635200
2016-06-20,63.29999923706055,63.34000015258789,62.25,62.939998626708984,49.77985382080078,1641200
2016-06-21,63.04999923706055,63.36000061035156,62.65999984741211,62.900001525878906,49.74821853637695,1624900
2016-06-22,63.040000915527344,63.13999938964844,62.709999084472656,62.880001068115234,49.732391357421875,1578800
2016-06-23,62.95000076293945,62.95000076293945,62.36000061035156,62.779998779296875,49.6533088684082,1267400
2016-06-24,62.720001220703125,63.959999084472656,62.45000076293945,63.31999969482422,50.080406188964844,2872200
2016-06-27,63.599998474121094,64.62999725341797,63.36000061035156,64.4800033569336,50.997859954833984,5070400
2016-06-28,64.5199966430664,64.5199966430664,63.439998626708984,64.31999969482422,50.871315002441406,3426600
2016-06-29,64.62999725341797,64.80999755859375,63.790000915527344,64.16000366210938,50.74477005004883,2644500
2016-06-30,64.25,65.30000305175781,64.04000091552734,65.30000305175781,51.64640808105469,3201900
2016-07-01,65.30000305175781,65.56999969482422,64.43000030517578,65.05000305175781,51.44866180419922,1799900
2016-07-05,65.02999877929688,66.0999984741211,65.02999877929688,65.81999969482422,52.05767822265625,2495900
2016-07-06,65.72000122070312,65.81999969482422,65.0,65.6500015258789,51.923213958740234,2533600
2016-07-07,65.5,65.5,64.18000030517578,64.37999725341797,50.918766021728516,2291000
2016-07-08,64.2300033569336,65.05000305175781,63.52000045776367,65.02999877929688,51.432857513427734,2005000
2016-07-11,64.62999725341797,64.9800033569336,63.869998931884766,64.91000366210938,51.33795166015625,1496100
2016-07-12,64.51000213623047,64.63999938964844,63.63999938964844,63.709999084472656,50.38885498046875,1699200
2016-07-13,63.970001220703125,64.27999877929688,63.810001373291016,64.26000213623047,50.8238525390625,1882400
2016-07-14,63.81999969482422,64.31999969482422,63.61000061035156,63.9900016784668,50.61030578613281,1435900
2016-07-15,64.05000305175781,64.36000061035156,63.63999938964844,63.959999084472656,50.586585998535156,1787000
2016-07-18,64.12999725341797,64.52999877929688,64.12000274658203,64.25,50.815940856933594,1169000
2016-07-19,64.30000305175781,64.37000274658203,63.90999984741211,64.16999816894531,50.752662658691406,858700
2016-07-20,64.26000213623047,64.4800033569336,63.77000045776367,64.0199966430664,50.63402557373047,1076700
2016-07-21,63.86000061035156,64.87999725341797,63.59000015258789,64.72000122070312,51.18766784667969,2277100
2016-07-22,64.75,65.5199966430664,64.66999816894531,65.38999938964844,51.71758270263672,1529400
2016-07-25,65.25,65.47000122070312,64.83999633789062,65.44999694824219,51.76502227783203,1234700
2016-07-26,65.55999755859375,65.62999725341797,64.44999694824219,64.66999816894531,51.14812469482422,1989400
2016-07-27,64.16999816894531,64.81999969482422,63.369998931884766,63.9900016784668,50.61030578613281,1593600
2016-07-28,63.93000030517578,64.33999633789062,63.790000915527344,64.16999816894531,50.752662658691406,1183900
2016-07-29,64.30999755859375,65.16999816894531,64.19000244140625,64.91000366210938,51.33795166015625,1590100
2016-08-01,64.81999969482422,65.23999786376953,64.79000091552734,65.06999969482422,51.46449661254883,1750600
2016-08-02,64.73999786376953,65.12999725341797,64.2699966430664,64.62000274658203,51.10857009887695,1728800
2016-08-03,64.6500015258789,64.6500015258789,63.470001220703125,63.70000076293945,50.380943298339844,1517900
2016-08-04,63.66999816894531,64.23999786376953,63.61000061035156,63.849998474121094,50.499576568603516,1089500
2016-08-05,63.65999984741211,63.70000076293945,62.43000030517578,62.58000183105469,49.49513244628906,1836800
2016-08-08,62.70000076293945,63.11000061035156,62.25,62.380001068115234,49.336936950683594,1578500
2016-08-09,62.439998626708984,62.88999938964844,62.220001220703125,62.47999954223633,49.416038513183594,962800
2016-08-10,62.310001373291016,62.31999969482422,62.0,62.290000915527344,49.65918731689453,1003800
2016-08-11,62.209999084472656,62.45000076293945,62.029998779296875,62.400001525878906,49.74687576293945,987900
2016-08-12,62.65999984741211,62.91999816894531,62.290000915527344,62.459999084472656,49.79471206665039,1378200
2016-08-15,62.529998779296875,62.66999816894531,61.13999938964844,61.16999816894531,48.76629638671875,1807200
2016-08-16,61.02000045776367,61.029998779296875,60.02000045776367,60.02000045776367,47.84947967529297,2990800
2016-08-17,60.189998626708984,61.029998779296875,59.31999969482422,60.880001068115234,48.53510665893555,2855900
2016-08-18,60.779998779296875,61.939998626708984,60.75,61.939998626708984,49.380165100097656,2486500
2016-08-19,61.720001220703125,61.84000015258789,60.90999984741211,61.310001373291016,48.87791442871094,1626500
2016-08-22,61.400001525878906,61.869998931884766,61.27000045776367,61.599998474121094,49.10910415649414,1128200
2016-08-23,61.540000915527344,61.970001220703125,61.189998626708984,61.209999084472656,48.79819107055664,1017500
2016-08-24,61.02000045776367,61.189998626708984,60.41999816894531,61.06999969482422,48.68657302856445,1271500
2016-08-25,61.09000015258789,61.470001220703125,60.81999969482422,61.25,48.83007049560547,975800
2016-08-26,61.45000076293945,61.58000183105469,59.47999954223633,59.68000030517578,47.57843780517578,2481500
2016-08-29,59.88999938964844,60.439998626708984,59.849998474121094,60.34000015258789,48.10459899902344,1087100
2016-08-30,60.29999923706055,60.650001525878906,59.470001220703125,59.560001373291016,47.48276901245117,1780900
2016-08-31,59.619998931884766,59.900001525878906,59.31999969482422,59.880001068115234,47.73786926269531,1817900
2016-09-01,59.83000183105469,59.9900016784668,59.4900016784668,59.81999969482422,47.69003677368164,1685800
2016-09-02,59.7400016784668,60.61000061035156,59.689998626708984,60.560001373291016,48.27997589111328,1639400
2016-09-06,60.72999954223633,61.540000915527344,60.630001068115234,61.459999084472656,48.997493743896484,1738500
2016-09-07,61.40999984741211,61.43000030517578,60.93000030517578,61.11000061035156,48.71846008300781,1848300
2016-09-08,60.91999816894531,61.599998474121094,60.900001525878906,61.40999984741211,48.95762634277344,1524800
2016-09-09,60.869998931884766,60.90999984741211,59.029998779296875,59.09000015258789,47.108062744140625,2172400
2016-09-12,59.08000183105469,60.290000915527344,59.08000183105469,60.18000030517578,47.97704315185547,2447700
2016-09-13,60.060001373291016,60.189998626708984,59.16999816894531,59.470001220703125,47.41101837158203,2123600
2016-09-14,59.650001525878906,60.279998779296875,59.470001220703125,59.970001220703125,47.80962371826172,1988000
2016-09-15,59.709999084472656,60.290000915527344,59.540000915527344,60.18000030517578,47.97704315185547,2161600
2016-09-16,60.060001373291016,60.900001525878906,59.689998626708984,60.790000915527344,48.46335220336914,2509100
2016-09-19,60.9900016784668,61.5099983215332,60.79999923706055,61.470001220703125,49.005462646484375,1447000
2016-09-20,61.61000061035156,61.849998474121094,61.209999084472656,61.2599983215332,48.83803939819336,1591100
2016-09-21,61.400001525878906,62.529998779296875,61.099998474121094,62.5,49.826602935791016,1321500
2016-09-22,62.689998626708984,62.9900016784668,62.34000015258789,62.810001373291016,50.07374572753906,1055500
2016-09-23,62.61000061035156,63.20000076293945,62.34000015258789,62.970001220703125,50.2012939453125,1527500
2016-09-26,62.81999969482422,63.06999969482422,62.5099983215332,62.7599983215332,50.03388595581055,1481300
2016-09-27,63.0099983215332,63.349998474121094,61.599998474121094,61.68000030517578,49.172874450683594,1760600
2016-09-28,61.900001525878906,61.90999984741211,60.869998931884766,61.310001373291016,48.87791442871094,1626500
2016-09-29,61.08000183105469,61.11000061035156,59.939998626708984,60.380001068115234,48.13648223876953,1736800
2016-09-30,60.5,60.869998931884766,59.540000915527344,59.880001068115234,47.73786926269531,2245300
2016-10-03,59.86000061035156,59.86000061035156,58.709999084472656,59.029998779296875,47.06023025512695,1799000
2016-10-04,58.88999938964844,59.04999923706055,57.0,57.43000030517578,45.784671783447266,3239400
2016-10-05,57.400001525878906,58.18000030517578,57.060001373291016,57.29999923706055,45.681026458740234,2929100
2016-10-06,57.0,57.52000045776367,56.65999984741211,57.310001373291016,45.688995361328125,1692600
2016-10-07,57.7599983215332,58.2599983215332,57.029998779296875,57.09000015258789,45.51361083984375,2110500
2016-10-10,57.279998779296875,57.61000061035156,57.0099983215332,57.38999938964844,45.75278091430664,1555100
2016-10-11,57.150001525878906,57.310001373291016,56.459999084472656,56.59000015258789,45.1150016784668,2672400
2016-10-12,56.7400016784668,57.56999969482422,56.7400016784668,57.41999816894531,45.776702880859375,1597400
2016-10-13,57.349998474121094,58.599998474121094,57.349998474121094,58.18000030517578,46.38258361816406,2019000
2016-10-14,57.939998626708984,58.36000061035156,57.63999938964844,57.7400016784668,46.03181457519531,1647800
2016-10-17,57.880001068115234,58.2400016784668,57.880001068115234,58.040000915527344,46.27097702026367,1514300
2016-10-18,58.34000015258789,58.599998474121094,57.540000915527344,58.29999923706055,46.47825241088867,1489500
2016-10-19,58.25,58.38999938964844,57.79999923706055,58.18000030517578,46.38258361816406,1414000
2016-10-20,58.2400016784668,58.540000915527344,57.869998931884766,58.060001373291016,46.286930084228516,1663200
2016-10-21,57.7599983215332,58.060001373291016,57.45000076293945,57.689998626708984,45.991947174072266,1486900
2016-10-24,57.9900016784668,58.119998931884766,57.5099983215332,57.79999923706055,46.07964324951172,1348600
2016-10-25,57.68000030517578,58.150001525878906,57.63999938964844,58.130001068115234,46.34273147583008,1849200
2016-10-26,58.220001220703125,59.16999816894531,57.880001068115234,58.83000183105469,46.90079116821289,2266200
2016-10-27,58.880001068115234,58.880001068115234,57.97999954223633,58.290000915527344,46.47028732299805,2328200
2016-10-28,58.290000915527344,58.880001068115234,58.220001220703125,58.52000045776367,46.653648376464844,1515600
2016-10-31,58.77000045776367,60.130001068115234,58.63999938964844,59.720001220703125,47.61031723022461,1855200
2016-11-01,59.70000076293945,59.7400016784668,58.38999938964844,58.52000045776367,46.653648376464844,1654700
2016-11-02,58.400001525878906,58.400001525878906,57.38999938964844,57.97999954223633,46.22312927246094,1922700
2016-11-03,57.83000183105469,58.5,57.54999923706055,58.2400016784668,46.430419921875,1279200
2016-11-04,58.650001525878906,59.0,57.65999984741211,57.720001220703125,46.01586151123047,2101800
2016-11-07,58.0099983215332,58.59000015258789,57.02000045776367,58.58000183105469,46.70148468017578,2600200
2016-11-08,58.900001525878906,59.439998626708984,58.61000061035156,59.0099983215332,47.044288635253906,1926200
2016-11-09,57.65999984741211,57.65999984741211,56.13999938964844,56.22999954223633,45.20720672607422,3228200
2016-11-10,56.0,56.31999969482422,53.65999984741211,55.45000076293945,44.58012390136719,4371900
2016-11-11,55.400001525878906,55.93000030517578,54.689998626708984,54.95000076293945,44.17813491821289,2598000
2016-11-14,54.56999969482422,54.70000076293945,54.2400016784668,54.58000183105469,43.88066482543945,2689500
2016-11-15,54.88999938964844,55.68000030517578,54.83000183105469,55.58000183105469,44.684635162353516,2325300
2016-11-16,55.70000076293945,56.099998474121094,54.83000183105469,55.13999938964844,44.330902099609375,1230700
2016-11-17,54.900001525878906,55.529998779296875,54.900001525878906,55.529998779296875,44.644439697265625,1487200
2016-11-18,55.41999816894531,55.84000015258789,55.2599983215332,55.529998779296875,44.644439697265625,2456700
2016-11-21,55.5,56.0099983215332,55.43000030517578,56.0099983215332,45.03034210205078,1576000
2016-11-22,56.16999816894531,56.79999923706055,55.689998626708984,56.59000015258789,45.496639251708984,1765000
2016-11-23,55.84000015258789,56.52000045776367,55.599998474121094,55.720001220703125,44.797203063964844,1057200
2016-11-25,55.90999984741211,56.709999084472656,55.880001068115234,56.560001373291016,45.472530364990234,662100
2016-11-28,56.65999984741211,58.18000030517578,56.650001525878906,58.040000915527344,46.66239929199219,1812900
2016-11-29,57.97999954223633,58.5,57.83000183105469,58.029998779296875,46.65435791015625,2126700
2016-11-30,57.45000076293945,57.45000076293945,56.0,56.0099983215332,45.03034210205078,3693100
2016-12-01,55.5099983215332,55.709999084472656,55.130001068115234,55.380001068115234,44.523841857910156,1854500
2016-12-02,55.779998779296875,56.41999816894531,55.36000061035156,55.63999938964844,44.732872009277344,1770100
2016-12-05,55.400001525878906,55.70000076293945,54.959999084472656,55.689998626708984,44.773075103759766,1515400
2016-12-06,55.790000915527344,55.880001068115234,55.36000061035156,55.41999816894531,44.556007385253906,1241500
2016-12-07,55.56999969482422,56.439998626708984,55.56999969482422,56.310001373291016,45.27153396606445,2851500
2016-12-08,55.970001220703125,56.66999816894531,55.650001525878906,56.470001220703125,45.400177001953125,1179000
2016-12-09,56.439998626708984,57.189998626708984,56.34000015258789,57.15999984741211,45.95490264892578,1520600
2016-12-12,56.9900016784668,58.0,56.84000015258789,57.939998626708984,46.582008361816406,1705700
2016-12-13,57.900001525878906,58.439998626708984,57.77000045776367,58.31999969482422,46.88750457763672,1721700
2016-12-14,58.650001525878906,58.91999816894531,56.81999969482422,56.90999984741211,45.753910064697266,1759300
2016-12-15,56.63999938964844,57.400001525878906,56.29999923706055,57.13999938964844,45.93883514404297,2103900
2016-12-16,57.4900016784668,58.2400016784668,57.189998626708984,58.0099983215332,46.638275146484375,3048500
2016-12-19,58.380001068115234,58.41999816894531,57.61000061035156,58.15999984741211,46.75886917114258,1082100
2016-12-20,58.029998779296875,58.5099983215332,57.7599983215332,58.45000076293945,46.99202346801758,1433300
2016-12-21,58.369998931884766,58.88999938964844,58.369998931884766,58.459999084472656,47.00006866455078,1232900
2016-12-22,58.380001068115234,58.810001373291016,58.22999954223633,58.709999084472656,47.201053619384766,1085100
2016-12-23,58.81999969482422,58.93000030517578,58.529998779296875,58.72999954223633,47.217132568359375,622300
2016-12-27,58.720001220703125,58.77000045776367,58.130001068115234,58.56999969482422,47.088504791259766,730500
2016-12-28,58.560001373291016,58.720001220703125,57.880001068115234,57.900001525878906,46.54984664916992,904300
2016-12-29,58.189998626708984,58.900001525878906,57.959999084472656,58.849998474121094,47.31361389160156,1250500
2016-12-30,58.97999954223633,59.119998931884766,58.41999816894531,58.650001525878906,47.15281677246094,1221800
2017-01-03,58.650001525878906,58.7400016784668,57.869998931884766,58.4900016784668,47.02418899536133,1678200
2017-01-04,58.5099983215332,59.15999984741211,58.43000030517578,58.939998626708984,47.38597106933594,1615600
2017-01-05,58.91999816894531,59.150001525878906,58.22999954223633,59.02000045776367,47.450286865234375,2157600
2017-01-06,58.75,59.09000015258789,58.5,58.779998779296875,47.25734329223633,1505000
2017-01-09,58.900001525878906,59.130001068115234,57.97999954223633,57.97999954223633,46.614158630371094,1576200
2017-01-10,58.040000915527344,58.209999084472656,57.630001068115234,58.099998474121094,46.71063995361328,1317200
2017-01-11,57.95000076293945,58.7400016784668,57.880001068115234,58.650001525878906,47.15281677246094,1290900
2017-01-12,58.70000076293945,58.880001068115234,58.22999954223633,58.70000076293945,47.19301986694336,1171300
2017-01-13,58.529998779296875,58.90999984741211,58.380001068115234,58.7400016784668,47.22517776489258,835200
2017-01-17,59.04999923706055,59.61000061035156,58.75,59.349998474121094,47.71559143066406,1221900
2017-01-18,59.220001220703125,59.630001068115234,59.130001068115234,59.380001068115234,47.739723205566406,936100
2017-01-19,58.880001068115234,59.06999969482422,58.34000015258789,58.560001373291016,47.08046340942383,1229300
2017-01-20,58.54999923706055,58.79999923706055,58.18000030517578,58.5,47.032230377197266,1381500
2017-01-23,58.709999084472656,58.83000183105469,58.29999923706055,58.38999938964844,46.943790435791016,1148400
2017-01-24,58.38999938964844,58.59000015258789,58.20000076293945,58.43000030517578,46.9759407043457,1066000
2017-01-25,58.209999084472656,58.459999084472656,58.099998474121094,58.13999938964844,46.7427978515625,1324400
2017-01-26,58.060001373291016,58.540000915527344,57.880001068115234,58.279998779296875,46.85535430908203,1186900
2017-01-27,58.5,58.54999923706055,58.09000015258789,58.22999954223633,46.815147399902344,734300
2017-01-30,58.4900016784668,58.4900016784668,57.79999923706055,58.209999084472656,46.79907989501953,1103900
2017-01-31,58.41999816894531,59.060001373291016,58.150001525878906,59.04999923706055,47.47440719604492,1969700
2017-02-01,58.279998779296875,58.5099983215332,57.209999084472656,57.220001220703125,46.003150939941406,3887800
2017-02-02,56.91999816894531,57.33000183105469,56.04999923706055,57.31999969482422,46.08354949951172,3431100
2017-02-03,57.45000076293945,57.900001525878906,57.15999984741211,57.63999938964844,46.340816497802734,1668000
2017-02-06,57.900001525878906,57.91999816894531,57.34000015258789,57.4900016784668,46.22021484375,1207600
2017-02-07,57.65999984741211,58.0099983215332,57.400001525878906,57.900001525878906,46.54984664916992,1647600
2017-02-08,57.9900016784668,58.630001068115234,57.849998474121094,58.33000183105469,46.895545959472656,1549900
2017-02-09,58.310001373291016,58.58000183105469,57.880001068115234,57.95000076293945,46.59004592895508,1373100
2017-02-10,57.18000030517578,57.65999984741211,57.119998931884766,57.540000915527344,46.67928695678711,1974200
2017-02-13,57.630001068115234,57.900001525878906,57.290000915527344,57.880001068115234,46.95511245727539,1022500
2017-02-14,57.790000915527344,57.81999969482422,56.90999984741211,57.36000061035156,46.53325653076172,1660100
2017-02-15,56.90999984741211,57.27000045776367,56.630001068115234,57.029998779296875,46.26554489135742,2095700
2017-02-16,57.130001068115234,57.5,56.869998931884766,57.47999954223633,46.63059997558594,2264500
2017-02-17,57.619998931884766,57.70000076293945,57.0,57.540000915527344,46.67928695678711,1469100
2017-02-21,57.400001525878906,58.189998626708984,57.2599983215332,58.06999969482422,47.1092414855957,1268600
2017-02-22,57.97999954223633,58.470001220703125,57.880001068115234,58.400001525878906,47.376956939697266,1831600
2017-02-23,58.599998474121094,59.5,58.5,59.279998779296875,48.09085464477539,2731400
2017-02-24,59.529998779296875,59.779998779296875,59.310001373291016,59.4900016784668,48.26121520996094,3412400
2017-02-27,59.380001068115234,59.630001068115234,59.18000030517578,59.540000915527344,48.30177688598633,1774200
2017-02-28,59.310001373291016,60.34000015258789,59.310001373291016,60.27000045776367,48.89398956298828,3471800
2017-03-01,59.560001373291016,60.34000015258789,59.2400016784668,59.91999816894531,48.610050201416016,2915700
2017-03-02,59.72999954223633,60.689998626708984,59.560001373291016,60.130001068115234,48.78040313720703,2854000
2017-03-03,60.0,60.20000076293945,58.7400016784668,59.290000915527344,48.09896469116211,2863600
2017-03-06,59.16999816894531,59.310001373291016,58.939998626708984,59.13999938964844,47.97727584838867,3072600
2017-03-07,59.09000015258789,59.59000015258789,59.0,59.290000915527344,48.09896469116211,1776800
2017-03-08,58.79999923706055,58.849998474121094,58.25,58.380001068115234,47.36073684692383,1563900
2017-03-09,58.380001068115234,58.7599983215332,58.04999923706055,58.11000061035156,47.14168930053711,1541500
2017-03-10,58.400001525878906,58.7400016784668,58.290000915527344,58.720001220703125,47.63654327392578,1456200
2017-03-13,58.619998931884766,59.31999969482422,58.56999969482422,59.2400016784668,48.058406829833984,2854400
2017-03-14,59.18000030517578,59.5,58.959999084472656,59.16999816894531,48.00162887573242,1681700
2017-03-15,59.40999984741211,60.63999938964844,59.369998931884766,60.31999969482422,48.93455123901367,2237800
2017-03-16,60.130001068115234,60.15999984741211,59.47999954223633,59.709999084472656,48.43968963623047,1830900
2017-03-17,59.959999084472656,60.34000015258789,59.72999954223633,60.0099983215332,48.68305969238281,3682700
2017-03-20,60.060001373291016,60.34000015258789,59.52000045776367,59.709999084472656,48.43968963623047,1279900
2017-03-21,59.66999816894531,60.959999084472656,59.66999816894531,60.7400016784668,49.27528381347656,1820600
2017-03-22,60.959999084472656,61.459999084472656,60.5,60.86000061035156,49.37262725830078,1888700
2017-03-23,60.779998779296875,61.310001373291016,60.4900016784668,60.68000030517578,49.22660827636719,1547900
2017-03-24,60.75,61.369998931884766,60.63999938964844,61.08000183105469,49.55110549926758,1576000
2017-03-27,61.369998931884766,61.529998779296875,60.689998626708984,60.97999954223633,49.469974517822266,2440600
2017-03-28,60.79999923706055,61.220001220703125,60.560001373291016,61.15999984741211,49.615997314453125,1554500
2017-03-29,61.0099983215332,61.16999816894531,60.59000015258789,60.93000030517578,49.429420471191406,1430000
2017-03-30,60.68000030517578,60.84000015258789,60.16999816894531,60.43000030517578,49.02379608154297,1374400
2017-03-31,60.34000015258789,60.93000030517578,60.22999954223633,60.630001068115234,49.186031341552734,1176600
2017-04-03,60.459999084472656,60.630001068115234,59.88999938964844,60.599998474121094,49.161705017089844,1669500
2017-04-04,60.5099983215332,60.90999984741211,60.38999938964844,60.61000061035156,49.16980743408203,1227400
2017-04-05,60.709999084472656,61.34000015258789,60.52000045776367,61.27000045776367,49.70524597167969,1567600
2017-04-06,61.099998474121094,61.20000076293945,60.70000076293945,60.81999969482422,49.34016799926758,2061900
2017-04-07,61.04999923706055,61.150001525878906,60.31999969482422,60.36000061035156,48.96700668334961,2516900
2017-04-10,60.40999984741211,60.630001068115234,60.13999938964844,60.54999923706055,49.12114334106445,2063300
2017-04-11,60.470001220703125,60.709999084472656,60.04999923706055,60.63999938964844,49.194156646728516,1867300
2017-04-12,60.5,61.119998931884766,60.40999984741211,61.099998474121094,49.56733703613281,1431800
2017-04-13,61.099998474121094,61.130001068115234,60.43000030517578,60.68000030517578,49.22660827636719,1469100
2017-04-17,60.86000061035156,60.9900016784668,60.619998931884766,60.939998626708984,49.437522888183594,1709600
2017-04-18,60.95000076293945,61.25,60.77000045776367,60.959999084472656,49.45375442504883,1621800
2017-04-19,60.90999984741211,60.9900016784668,60.2400016784668,60.47999954223633,49.06435012817383,1716600
2017-04-20,60.47999954223633,60.47999954223633,59.61000061035156,59.77000045776367,48.48836898803711,3188800
2017-04-21,59.810001373291016,60.709999084472656,59.7599983215332,60.29999923706055,48.91832733154297,2712100
2017-04-24,60.290000915527344,60.77000045776367,59.880001068115234,60.720001220703125,49.25904846191406,1890500
2017-04-25,60.4900016784668,60.779998779296875,60.29999923706055,60.72999954223633,49.26716995239258,1374900
2017-04-26,60.709999084472656,60.97999954223633,60.439998626708984,60.540000915527344,49.1130256652832,1580500
2017-04-27,60.54999923706055,61.119998931884766,60.5,60.83000183105469,49.34828567504883,1167700
2017-04-28,60.72999954223633,60.779998779296875,60.380001068115234,60.52000045776367,49.096797943115234,2859800
2017-05-01,60.54999923706055,60.61000061035156,60.15999984741211,60.34000015258789,48.950782775878906,1637700
2017-05-02,60.90999984741211,61.209999084472656,60.349998474121094,60.650001525878906,49.2022705078125,1515200
2017-05-03,60.65999984741211,61.029998779296875,60.61000061035156,60.68000030517578,49.22660827636719,1849700
2017-05-04,60.5,61.31999969482422,60.5,61.27000045776367,49.70524597167969,1782700
2017-05-05,61.5099983215332,61.970001220703125,61.459999084472656,61.599998474121094,49.97295379638672,1702600
2017-05-08,61.68000030517578,61.68000030517578,61.150001525878906,61.560001373291016,49.94050598144531,1175800
2017-05-09,61.470001220703125,61.59000015258789,60.900001525878906,60.939998626708984,49.437522888183594,1490000
2017-05-10,60.619998931884766,60.630001068115234,60.130001068115234,60.43000030517578,49.445716857910156,1540600
2017-05-11,60.33000183105469,60.52000045776367,60.119998931884766,60.4900016784668,49.494815826416016,1724200
2017-05-12,60.54999923706055,60.88999938964844,60.4900016784668,60.790000915527344,49.740264892578125,963600
2017-05-15,60.7599983215332,61.150001525878906,60.56999969482422,61.0099983215332,49.920284271240234,1284700
2017-05-16,60.97999954223633,61.18000030517578,60.58000183105469,60.59000015258789,49.57662582397461,1942400
2017-05-17,60.59000015258789,61.09000015258789,60.45000076293945,60.779998779296875,49.73208999633789,1415200
2017-05-18,61.0,61.45000076293945,60.47999954223633,60.90999984741211,49.83845138549805,1571000
2017-05-19,60.970001220703125,61.13999938964844,60.47999954223633,61.0099983215332,49.920284271240234,3581200
2017-05-22,60.810001373291016,61.720001220703125,60.810001373291016,61.58000183105469,50.38667297363281,1533500
2017-05-23,61.68000030517578,62.09000015258789,61.5,61.630001068115234,50.42758560180664,1862500
2017-05-24,61.61000061035156,62.08000183105469,61.540000915527344,61.959999084472656,50.69760513305664,1271400
2017-05-25,61.959999084472656,62.58000183105469,61.79999923706055,62.47999954223633,51.123085021972656,1074000
2017-05-26,62.47999954223633,62.75,62.400001525878906,62.45000076293945,51.09853744506836,858300
2017-05-30,62.45000076293945,62.709999084472656,62.34000015258789,62.56999969482422,51.19673156738281,1271400
2017-05-31,62.61000061035156,62.970001220703125,62.61000061035156,62.7599983215332,51.35219955444336,2021400
2017-06-01,62.599998474121094,63.16999816894531,62.33000183105469,63.16999816894531,51.68766784667969,1471500
2017-06-02,63.4900016784668,63.63999938964844,63.099998474121094,63.56999969482422,52.014957427978516,1618000
2017-06-05,63.470001220703125,63.5099983215332,62.93000030517578,63.040000915527344,51.58129119873047,1189900
2017-06-06,63.130001068115234,63.22999954223633,62.689998626708984,62.84000015258789,51.41763687133789,1659300
2017-06-07,62.93000030517578,63.47999954223633,62.689998626708984,63.380001068115234,51.859500885009766,1165000
2017-06-08,63.380001068115234,63.380001068115234,62.54999923706055,62.97999954223633,51.53220748901367,1446100
2017-06-09,62.709999084472656,63.15999984741211,62.560001373291016,63.130001068115234,51.65494155883789,1046700
2017-06-12,63.16999816894531,63.560001373291016,62.83000183105469,63.27000045776367,51.769493103027344,1905400
2017-06-13,63.27000045776367,63.380001068115234,62.95000076293945,63.33000183105469,51.81858825683594,689100
2017-06-14,63.790000915527344,64.06999969482422,63.54999923706055,63.7599983215332,52.17041778564453,1261300
2017-06-15,63.70000076293945,63.9900016784668,63.459999084472656,63.880001068115234,52.26860427856445,1717800
2017-06-16,64.0,64.37000274658203,63.88999938964844,64.2300033569336,52.554988861083984,2648900
2017-06-19,64.16999816894531,64.16999816894531,63.54999923706055,63.83000183105469,52.227699279785156,1199000
2017-06-20,63.91999816894531,64.19999694824219,63.79999923706055,64.13999938964844,52.481346130371094,912800
2017-06-21,64.1500015258789,64.20999908447266,63.380001068115234,63.869998931884766,52.26042556762695,995200
2017-06-22,63.790000915527344,64.02999877929688,63.58000183105469,63.630001068115234,52.064048767089844,1014400
2017-06-23,63.61000061035156,63.90999984741211,63.27000045776367,63.459999084472656,51.92494583129883,1447700
2017-06-26,63.11000061035156,64.01000213623047,62.90999984741211,63.650001525878906,52.08041763305664,1371000
2017-06-27,63.33000183105469,63.43000030517578,62.47999954223633,62.66999816894531,51.27854537963867,1353800
2017-06-28,62.939998626708984,62.9900016784668,62.16999816894531,62.189998626708984,50.885799407958984,1527500
2017-06-29,61.77000045776367,61.77000045776367,61.2400016784668,61.470001220703125,50.29667282104492,1680100
2017-06-30,61.619998931884766,61.779998779296875,61.2599983215332,61.380001068115234,50.22303771972656,1669200
2017-07-03,61.54999923706055,61.65999984741211,61.029998779296875,61.11000061035156,50.00210189819336,637900
2017-07-05,61.130001068115234,61.130001068115234,60.560001373291016,60.83000183105469,49.773014068603516,1152100
2017-07-06,60.65999984741211,60.900001525878906,60.529998779296875,60.720001220703125,49.68300247192383,1395100
2017-07-07,60.75,61.15999984741211,60.630001068115234,60.91999816894531,49.846641540527344,1443000
2017-07-10,61.02000045776367,61.16999816894531,60.81999969482422,60.81999969482422,49.76481628417969,1814700
2017-07-11,60.93000030517578,60.95000076293945,60.470001220703125,60.84000015258789,49.78118133544922,1308700
2017-07-12,61.20000076293945,61.47999954223633,61.15999984741211,61.369998931884766,50.214839935302734,1682500
2017-07-13,61.20000076293945,61.29999923706055,60.790000915527344,60.83000183105469,49.773014068603516,1877500
2017-07-14,61.20000076293945,61.43000030517578,61.0099983215332,61.22999954223633,50.10029983520508,1039400
2017-07-17,61.22999954223633,61.61000061035156,61.02000045776367,61.599998474121094,50.403038024902344,1176900
2017-07-18,61.70000076293945,62.25,61.58000183105469,62.11000061035156,50.820335388183594,2388500
2017-07-19,62.13999938964844,62.77000045776367,61.95000076293945,62.70000076293945,51.303096771240234,2174200
2017-07-20,62.880001068115234,62.9900016784668,62.5099983215332,62.790000915527344,51.37673568725586,1491400
2017-07-21,62.75,63.380001068115234,62.65999984741211,63.369998931884766,51.8513069152832,1040900
2017-07-24,63.38999938964844,63.5,62.400001525878906,62.5,51.13945388793945,1357900
2017-07-25,62.5099983215332,62.59000015258789,62.04999923706055,62.18000030517578,50.87761306762695,993700
2017-07-26,62.040000915527344,62.72999954223633,61.900001525878906,62.619998931884766,51.23762893676758,1745300
2017-07-27,62.560001373291016,62.66999816894531,62.06999969482422,62.5,51.13945388793945,1308900
2017-07-28,62.43000030517578,62.630001068115234,62.189998626708984,62.36000061035156,51.024898529052734,1259400
2017-07-31,62.400001525878906,63.029998779296875,62.31999969482422,62.970001220703125,51.52401351928711,1348300
2017-08-01,62.970001220703125,63.34000015258789,62.81999969482422,63.11000061035156,51.6385612487793,1269800
2017-08-02,62.880001068115234,63.66999816894531,62.72999954223633,63.63999938964844,52.07223129272461,1374600
2017-08-03,63.56999969482422,64.16999816894531,63.4900016784668,64.11000061035156,52.45680236816406,1102800
2017-08-04,63.90999984741211,64.1500015258789,63.52000045776367,64.08999633789062,52.440433502197266,1129000
2017-08-07,64.02999877929688,64.33000183105469,63.869998931884766,64.30000305175781,52.612281799316406,829400
2017-08-08,64.1500015258789,64.76000213623047,64.0999984741211,64.7300033569336,52.964107513427734,986000
2017-08-09,64.86000061035156,64.9000015258789,64.37000274658203,64.47000122070312,52.751365661621094,1736700
2017-08-10,64.05000305175781,64.94000244140625,63.5099983215332,64.66000366210938,53.33704376220703,3496700
2017-08-11,64.55999755859375,64.55999755859375,63.459999084472656,63.84000015258789,52.6606330871582,1801400
2017-08-14,63.83000183105469,64.23999786376953,63.70000076293945,64.05000305175781,52.83385467529297,2412200
2017-08-15,63.7599983215332,64.52999877929688,63.7599983215332,64.47000122070312,53.18031311035156,1101000
2017-08-16,64.27999877929688,64.69999694824219,64.27999877929688,64.56999969482422,53.262786865234375,1304400
2017-08-17,64.5999984741211,64.76000213623047,64.0199966430664,64.05999755859375,52.842105865478516,1500500
2017-08-18,64.12000274658203,64.8499984741211,63.81999969482422,64.58999633789062,53.279293060302734,3423700
2017-08-21,64.68000030517578,64.87999725341797,64.37999725341797,64.73999786376953,53.403018951416016,1242700
2017-08-22,64.72000122070312,64.87000274658203,64.33000183105469,64.8499984741211,53.49376678466797,1172700
2017-08-23,64.79000091552734,65.11000061035156,64.56999969482422,65.05000305175781,53.65873336791992,1382100
2017-08-24,65.0,65.13999938964844,64.77999877929688,64.91999816894531,53.55150604248047,798600
2017-08-25,65.23999786376953,65.47000122070312,64.94000244140625,65.0999984741211,53.69997787475586,1259000
2017-08-28,65.2699966430664,65.41000366210938,65.04000091552734,65.37999725341797,53.930946350097656,933200
2017-08-29,65.48999786376953,65.70999908447266,65.2300033569336,65.26000213623047,53.83197021484375,1026600
2017-08-30,65.16000366210938,65.29000091552734,65.01000213623047,65.11000061035156,53.708229064941406,1204400
2017-08-31,65.16000366210938,65.41999816894531,65.05000305175781,65.22000122070312,53.798973083496094,1232700
2017-09-01,65.38999938964844,65.6500015258789,65.02999877929688,65.12999725341797,53.72472381591797,1418200
2017-09-05,65.2300033569336,65.58999633789062,65.02999877929688,65.55999755859375,54.07942199707031,1544100
2017-09-06,65.66999816894531,65.79000091552734,65.41000366210938,65.58000183105469,54.09592056274414,2707200
2017-09-07,65.75,66.16999816894531,65.44000244140625,66.12000274658203,54.54137420654297,2340100
2017-09-08,66.0999984741211,66.83000183105469,65.83999633789062,66.63999938964844,54.970306396484375,1611600
2017-09-11,66.63999938964844,67.19999694824219,66.44999694824219,67.04000091552734,55.300262451171875,1452400
2017-09-12,66.93000030517578,66.98999786376953,65.26000213623047,65.62999725341797,54.13717269897461,1500100
2017-09-13,65.61000061035156,65.79000091552734,65.13999938964844,65.13999938964844,53.732975006103516,1577800
2017-09-14,65.05000305175781,65.81999969482422,64.93000030517578,65.80999755859375,54.285648345947266,1367700
2017-09-15,66.0,66.19999694824219,65.58000183105469,66.06999969482422,54.50012969970703,2484900
2017-09-18,66.0,66.1500015258789,65.11000061035156,65.4800033569336,54.0134391784668,1988500
2017-09-19,65.55000305175781,65.5999984741211,64.9800033569336,65.0,53.61748504638672,2038400
2017-09-20,65.12999725341797,65.30000305175781,64.2699966430664,64.5,53.205039978027344,1261400
2017-09-21,64.45999908447266,64.80000305175781,64.19000244140625,64.2699966430664,53.01532745361328,1108000
2017-09-22,64.52999877929688,64.52999877929688,63.56999969482422,63.61000061035156,52.47091293334961,1244800
2017-09-25,63.5,64.43000030517578,63.5,64.23999786376953,52.990570068359375,1537000
2017-09-26,64.16000366210938,64.30999755859375,63.88999938964844,63.90999984741211,52.71836471557617,1324700
2017-09-27,63.5,63.709999084472656,62.59000015258789,62.88999938964844,51.87698745727539,1828000
2017-09-28,62.70000076293945,63.220001220703125,62.400001525878906,63.15999984741211,52.09971237182617,1661500
2017-09-29,63.15999984741211,63.15999984741211,62.63999938964844,62.779998779296875,51.78624725341797,1837900
2017-10-02,62.93000030517578,63.77000045776367,62.849998474121094,63.599998474121094,52.4626579284668,2562900
2017-10-03,63.52000045776367,63.52000045776367,62.84000015258789,63.31999969482422,52.231693267822266,1640400
2017-10-04,63.2599983215332,64.13999938964844,63.04999923706055,64.08999633789062,52.86684799194336,1656600
2017-10-05,64.01000213623047,64.12999725341797,63.68000030517578,64.06999969482422,52.850345611572266,1310800
2017-10-06,63.84000015258789,64.30999755859375,63.52000045776367,64.30000305175781,53.040077209472656,1827500
2017-10-09,64.41000366210938,64.5,64.11000061035156,64.26000213623047,53.007083892822266,1654400
2017-10-10,64.37999725341797,64.7300033569336,64.16000366210938,64.51000213623047,53.21329879760742,2081200
2017-10-11,64.56999969482422,65.30999755859375,64.51000213623047,64.7300033569336,53.39478302001953,1687800
2017-10-12,64.77999877929688,65.63999938964844,64.73999786376953,65.56999969482422,54.087677001953125,1633300
2017-10-13,65.8499984741211,66.01000213623047,65.02999877929688,65.0999984741211,53.69997787475586,1316100
2017-10-16,65.0,65.44000244140625,64.76000213623047,65.02999877929688,53.642242431640625,1088300
2017-10-17,64.95999908447266,65.54000091552734,64.80000305175781,65.5,54.02993392944336,1290100
2017-10-18,65.41000366210938,65.7699966430664,65.18000030517578,65.69999694824219,54.19490432739258,1087200
2017-10-19,65.80999755859375,66.61000061035156,65.66999816894531,66.58999633789062,54.9290657043457,1535600
2017-10-20,66.54000091552734,66.86000061035156,66.3499984741211,66.80999755859375,55.11051559448242,1577600
2017-10-23,66.83999633789062,66.94999694824219,66.5199966430664,66.80000305175781,55.102298736572266,1481100
2017-10-24,66.66000366210938,66.91000366210938,66.41000366210938,66.81999969482422,55.11878967285156,1324700
2017-10-25,66.76000213623047,66.94999694824219,65.7300033569336,66.7699966430664,55.07753372192383,1498900
2017-10-26,67.0999984741211,67.69999694824219,66.81999969482422,67.27999877929688,55.498233795166016,1428400
2017-10-27,67.19999694824219,68.02999877929688,67.16000366210938,67.83999633789062,55.960166931152344,1288300
2017-10-30,67.75,67.94999694824219,67.36000061035156,67.47000122070312,55.654964447021484,1999100
2017-10-31,67.4000015258789,67.66000366210938,67.11000061035156,67.38999938964844,55.58896255493164,1941600
2017-11-01,67.69999694824219,67.7300033569336,66.76000213623047,66.94999694824219,55.22602462768555,1484200
2017-11-02,67.11000061035156,67.66999816894531,66.93000030517578,67.61000061035156,55.770450592041016,1691300
2017-11-03,67.52999877929688,68.66999816894531,67.52999877929688,68.16999816894531,56.232391357421875,2971800
2017-11-06,68.18000030517578,68.23999786376953,67.62999725341797,67.6500015258789,55.803443908691406,1170200
2017-11-07,67.86000061035156,68.62000274658203,67.62000274658203,68.23999786376953,56.29011535644531,1630000
2017-11-08,68.1500015258789,68.44999694824219,67.76000213623047,68.16999816894531,56.232391357421875,1395500
2017-11-09,68.0,68.37000274658203,67.7699966430664,68.2300033569336,56.28186798095703,1532800
2017-11-10,67.91000366210938,68.19999694824219,67.55999755859375,67.91999816894531,56.026145935058594,1976500
2017-11-13,67.55999755859375,68.36000061035156,67.51000213623047,68.3499984741211,56.81584930419922,1783000
2017-11-14,68.26000213623047,69.58000183105469,68.12999725341797,69.52999877929688,57.79670715332031,2485400
2017-11-15,69.62000274658203,70.08999633789062,68.70999908447266,68.76000213623047,57.156646728515625,1772700
2017-11-16,68.62999725341797,68.88999938964844,68.4000015258789,68.7699966430664,57.164955139160156,1251000
2017-11-17,68.5,68.8499984741211,68.12000274658203,68.19000244140625,56.68284225463867,1108300
2017-11-20,68.30000305175781,68.47000122070312,67.83999633789062,67.9800033569336,56.5082893371582,1344700
2017-11-21,68.08999633789062,68.45999908447266,67.95999908447266,68.19000244140625,56.68284225463867,932700
2017-11-22,68.16000366210938,68.33000183105469,67.77999877929688,68.2699966430664,56.74932861328125,804300
2017-11-24,68.37000274658203,68.93000030517578,68.2699966430664,68.52999877929688,56.9654655456543,486400
2017-11-27,68.62000274658203,68.88999938964844,68.31999969482422,68.7699966430664,57.164955139160156,1019800
2017-11-28,68.88999938964844,69.30999755859375,68.70999908447266,68.93000030517578,57.2979736328125,1820600
2017-11-29,68.83000183105469,69.70999908447266,68.5999984741211,69.26000213623047,57.5722770690918,1866800
2017-11-30,69.44000244140625,69.72000122070312,69.11000061035156,69.48999786376953,57.763450622558594,3964800
2017-12-01,69.5999984741211,69.76000213623047,68.7300033569336,69.13999938964844,57.472537994384766,1371900
2017-12-04,69.48999786376953,69.48999786376953,68.36000061035156,68.58000183105469,57.00700759887695,1894300
2017-12-05,68.47000122070312,68.48999786376953,67.44000244140625,68.23999786376953,56.724403381347656,1811600
2017-12-06,68.37999725341797,68.6500015258789,68.11000061035156,68.41999816894531,56.8740348815918,1175800
2017-12-07,68.72000122070312,68.72000122070312,68.0,68.72000122070312,57.1234016418457,1293200
2017-12-08,68.55999755859375,68.98999786376953,68.30000305175781,68.95999908447266,57.32290267944336,1413600
2017-12-11,69.05000305175781,69.19999694824219,68.33000183105469,69.16999816894531,57.497459411621094,3172200
2017-12-12,68.87999725341797,69.06999969482422,67.5999984741211,67.66000366210938,56.24227523803711,2344300
2017-12-13,67.79000091552734,68.2300033569336,67.52999877929688,67.91000366210938,56.45009231567383,1408400
2017-12-14,67.87999725341797,68.01000213623047,67.20999908447266,67.69999694824219,56.2755241394043,1070100
2017-12-15,67.86000061035156,68.45999908447266,67.77999877929688,68.16999816894531,56.666221618652344,3183400
2017-12-18,68.36000061035156,68.4800033569336,67.19000244140625,67.47000122070312,56.0843505859375,1815200
2017-12-19,67.48999786376953,67.5999984741211,66.0999984741211,66.12999725341797,54.970462799072266,1242900
2017-12-20,66.16000366210938,66.41999816894531,65.87000274658203,65.94000244140625,54.812538146972656,1533300
2017-12-21,65.69000244140625,65.97000122070312,65.2699966430664,65.62000274658203,54.54654312133789,2307000
2017-12-22,65.7300033569336,65.91999816894531,65.58999633789062,65.72000122070312,54.62965774536133,1522500
2017-12-26,65.86000061035156,66.11000061035156,65.33999633789062,65.36000061035156,54.33041000366211,901100
2017-12-27,65.44999694824219,65.97000122070312,65.41000366210938,65.87999725341797,54.762657165527344,1358700
2017-12-28,65.94999694824219,66.45999908447266,65.76000213623047,66.43000030517578,55.21984100341797,1163500
2017-12-29,66.51000213623047,66.83999633789062,66.29000091552734,66.43000030517578,55.21984100341797,1197300
2018-01-02,66.43000030517578,66.44999694824219,65.58000183105469,65.7699966430664,54.67120361328125,1561300
2018-01-03,65.5199966430664,66.20999908447266,65.16999816894531,65.54000091552734,54.48003387451172,1883100
2018-01-04,65.31999969482422,65.94000244140625,65.0199966430664,65.30999755859375,54.28883361816406,1688000
2018-01-05,65.52999877929688,65.70999908447266,64.52999877929688,64.87000274658203,53.923099517822266,1546500
2018-01-08,64.80999755859375,65.45999908447266,64.7300033569336,65.43000030517578,54.388587951660156,1979600
2018-01-09,65.30000305175781,65.3499984741211,64.5999984741211,64.91000366210938,53.95634841918945,1670400
2018-01-10,64.70999908447266,64.70999908447266,63.63999938964844,63.66999816894531,52.92558670043945,1998300
2018-01-11,63.81999969482422,64.13999938964844,63.279998779296875,63.58000183105469,52.85078430175781,1429300
2018-01-12,63.630001068115234,64.08000183105469,63.099998474121094,63.630001068115234,52.89234924316406,1266900
2018-01-16,63.65999984741211,64.01000213623047,62.599998474121094,63.150001525878906,52.493343353271484,2173100
2018-01-17,63.349998474121094,63.86000061035156,63.099998474121094,63.56999969482422,52.84247589111328,2037800
2018-01-18,63.529998779296875,63.88999938964844,62.91999816894531,63.27000045776367,52.59310531616211,2022600
2018-01-19,63.439998626708984,63.84000015258789,63.02000045776367,63.11000061035156,52.46009063720703,1780200
2018-01-22,63.439998626708984,63.619998931884766,62.900001525878906,63.0099983215332,52.376983642578125,1452100
2018-01-23,63.189998626708984,64.16999816894531,63.189998626708984,63.58000183105469,52.85078430175781,1954800
2018-01-24,63.66999816894531,63.66999816894531,63.13999938964844,63.2400016784668,52.56814956665039,1401500
2018-01-25,63.16999816894531,64.23999786376953,63.04999923706055,64.13999938964844,53.3162841796875,1573900
2018-01-26,64.26000213623047,64.55000305175781,63.630001068115234,64.01000213623047,53.20821762084961,1966600
2018-01-29,63.75,63.83000183105469,63.0,63.02000045776367,52.38528060913086,1930900
2018-01-30,63.09000015258789,63.56999969482422,62.880001068115234,63.31999969482422,52.634666442871094,2118300
2018-01-31,63.869998931884766,64.38999938964844,62.7400016784668,64.30000305175781,53.44929122924805,2960200
2018-02-01,64.08000183105469,64.37999725341797,62.25,62.599998474121094,52.03615951538086,4066600
2018-02-02,62.2599983215332,62.88999938964844,61.95000076293945,62.0099983215332,51.54572677612305,1878200
2018-02-05,61.790000915527344,62.849998474121094,61.06999969482422,61.16999816894531,50.847476959228516,2469900
2018-02-06,60.630001068115234,60.869998931884766,59.08000183105469,60.189998626708984,50.0328483581543,2744400
2018-02-07,60.20000076293945,60.9900016784668,59.81999969482422,59.86000061035156,49.75853729248047,1904700
2018-02-08,59.779998779296875,60.83000183105469,59.36000061035156,59.5,49.45928955078125,2096500
2018-02-09,59.5,61.560001373291016,59.4900016784668,61.099998474121094,50.78928756713867,2797400
2018-02-12,61.06999969482422,61.540000915527344,60.5,61.279998779296875,50.93891143798828,2359800
2018-02-13,60.65999984741211,61.2400016784668,59.70000076293945,61.11000061035156,51.26017761230469,1777900
2018-02-14,60.79999923706055,60.79999923706055,60.119998931884766,60.13999938964844,50.44652557373047,2105500
2018-02-15,60.2599983215332,61.33000183105469,60.04999923706055,61.31999969482422,51.43632507324219,2407900
2018-02-16,61.27000045776367,62.11000061035156,61.099998474121094,61.91999816894531,51.93962097167969,1935600
2018-02-20,61.68000030517578,61.95000076293945,60.40999984741211,60.900001525878906,51.08403396606445,1374000
2018-02-21,60.93000030517578,61.43000030517578,60.11000061035156,60.119998931884766,50.42974853515625,2364300
2018-02-22,60.29999923706055,60.869998931884766,60.06999969482422,60.34000015258789,50.614295959472656,2221500
2018-02-23,60.130001068115234,61.900001525878906,60.130001068115234,61.849998474121094,51.88091278076172,1617600
2018-02-26,61.75,61.9900016784668,61.33000183105469,61.619998931884766,51.6879768371582,1418400
2018-02-27,61.720001220703125,61.939998626708984,60.54999923706055,60.56999969482422,50.80720520019531,2028700
2018-02-28,60.790000915527344,61.0,59.90999984741211,59.91999816894531,50.26198959350586,1910400
2018-03-01,59.900001525878906,60.61000061035156,59.369998931884766,59.630001068115234,50.01873016357422,2054800
2018-03-02,59.65999984741211,60.40999984741211,58.91999816894531,59.470001220703125,49.88452911376953,1962700
2018-03-05,59.349998474121094,61.029998779296875,59.09000015258789,60.90999984741211,51.092411041259766,1993900
2018-03-06,60.75,60.88999938964844,59.93000030517578,60.08000183105469,50.39619445800781,1676500
2018-03-07,59.880001068115234,60.189998626708984,59.439998626708984,59.65999984741211,50.04389572143555,1391800
2018-03-08,59.72999954223633,60.349998474121094,59.5099983215332,60.279998779296875,50.56396484375,1455100
2018-03-09,60.290000915527344,60.560001373291016,59.970001220703125,60.54999923706055,50.79043960571289,1415200
2018-03-12,60.63999938964844,61.27000045776367,60.4900016784668,60.88999938964844,51.07564163208008,2145800
2018-03-13,61.0099983215332,61.66999816894531,60.56999969482422,60.79999923706055,51.00014114379883,1806400
2018-03-14,60.970001220703125,61.689998626708984,60.869998931884766,61.29999923706055,51.4195556640625,1780200
2018-03-15,61.279998779296875,62.119998931884766,61.279998779296875,61.970001220703125,51.981571197509766,3181300
2018-03-16,62.119998931884766,62.540000915527344,61.810001373291016,62.45000076293945,52.38419723510742,4860000
2018-03-19,62.439998626708984,62.599998474121094,61.47999954223633,61.77000045776367,51.81380081176758,2362900
2018-03-20,61.90999984741211,62.16999816894531,61.36000061035156,61.540000915527344,51.620872497558594,1894300
2018-03-21,61.540000915527344,62.29999923706055,61.220001220703125,61.290000915527344,51.41117477416992,1396200
2018-03-22,61.2400016784668,62.369998931884766,61.119998931884766,61.41999816894531,51.52021026611328,1924800
2018-03-23,61.650001525878906,62.040000915527344,60.369998931884766,60.5,50.74848937988281,1670100
2018-03-26,60.630001068115234,61.279998779296875,60.59000015258789,61.150001525878906,51.293731689453125,1096800
2018-03-27,61.34000015258789,62.83000183105469,61.099998474121094,62.29999923706055,52.258365631103516,1596400
2018-03-28,62.4900016784668,62.86000061035156,62.08000183105469,62.279998779296875,52.241600036621094,1433100
2018-03-29,62.29999923706055,63.130001068115234,62.29999923706055,62.70000076293945,52.59389877319336,1588100
2018-04-02,62.93000030517578,63.15999984741211,61.93000030517578,62.290000915527344,52.24998474121094,2041800
2018-04-03,62.25,62.81999969482422,62.06999969482422,62.54999923706055,52.468082427978516,1692700
2018-04-04,62.459999084472656,63.15999984741211,62.130001068115234,62.9900016784668,52.837158203125,2338800
2018-04-05,62.86000061035156,63.52000045776367,62.11000061035156,63.369998931884766,53.155906677246094,1843500
2018-04-06,63.38999938964844,63.7599983215332,62.849998474121094,63.040000915527344,52.879093170166016,1633800
2018-04-09,63.029998779296875,63.2599983215332,62.599998474121094,62.63999938964844,52.54356384277344,2275000
2018-04-10,62.61000061035156,62.84000015258789,62.2599983215332,62.34000015258789,52.29191970825195,1718600
2018-04-11,62.220001220703125,62.560001373291016,62.02000045776367,62.2599983215332,52.22481918334961,1305700
2018-04-12,62.43000030517578,62.56999969482422,61.40999984741211,61.54999923706055,51.62925338745117,2121200
2018-04-13,61.68000030517578,61.90999984741211,61.38999938964844,61.58000183105469,51.654422760009766,1370600
2018-04-16,61.880001068115234,62.5,61.75,62.40999984741211,52.35063934326172,1264100
2018-04-17,62.47999954223633,63.13999938964844,62.18000030517578,63.02000045776367,52.8623161315918,1142200
2018-04-18,63.189998626708984,63.54999923706055,62.529998779296875,62.59000015258789,52.50163269042969,1393200
2018-04-19,62.529998779296875,62.68000030517578,61.9900016784668,62.540000915527344,52.45969009399414,1012300
2018-04-20,62.58000183105469,62.63999938964844,61.880001068115234,62.150001525878906,52.13254928588867,1200500
2018-04-23,62.2400016784668,62.7400016784668,62.08000183105469,62.209999084472656,52.182884216308594,1261100
2018-04-24,62.38999938964844,62.97999954223633,62.119998931884766,62.599998474121094,52.51001739501953,1291200
2018-04-25,62.38999938964844,62.91999816894531,62.15999984741211,62.79999923706055,52.67778396606445,1439700
2018-04-26,62.90999984741211,63.650001525878906,62.689998626708984,63.599998474121094,53.34883117675781,1990700
2018-04-27,63.470001220703125,64.83999633789062,63.369998931884766,64.47000122070312,54.078609466552734,2284000
2018-04-30,64.62000274658203,64.83999633789062,64.25,64.27999877929688,53.91923522949219,2689900
2018-05-01,64.73999786376953,64.93000030517578,64.18000030517578,64.66999816894531,54.24637222290039,2566200
2018-05-02,64.68000030517578,64.93000030517578,64.08999633789062,64.37999725341797,54.00311279296875,1737100
2018-05-03,64.3499984741211,64.80000305175781,63.630001068115234,64.5,54.103759765625,1313800
2018-05-04,64.5,64.63999938964844,63.84000015258789,64.41000366210938,54.028282165527344,1624500
2018-05-07,64.29000091552734,64.43000030517578,63.83000183105469,64.02999877929688,53.70953369140625,1239900
2018-05-08,63.75,63.75,62.029998779296875,62.130001068115234,52.11577606201172,1998400
2018-05-09,62.09000015258789,62.11000061035156,61.0,61.439998626708984,51.536991119384766,2152200
2018-05-10,61.849998474121094,62.209999084472656,61.380001068115234,62.189998626708984,52.166099548339844,1490400
2018-05-11,61.849998474121094,62.099998474121094,61.61000061035156,61.88999938964844,52.380226135253906,1283500
2018-05-14,61.95000076293945,62.130001068115234,61.34000015258789,61.81999969482422,52.32098388671875,1705500
2018-05-15,61.529998779296875,61.72999954223633,60.93000030517578,61.31999969482422,51.89780807495117,1308000
2018-05-16,61.36000061035156,61.380001068115234,60.619998931884766,60.970001220703125,51.60159683227539,1268200
2018-05-17,61.09000015258789,61.150001525878906,60.20000076293945,60.38999938964844,51.1107063293457,1268900
2018-05-18,60.529998779296875,60.7400016784668,59.959999084472656,60.470001220703125,51.17841339111328,1283300
2018-05-21,60.5099983215332,60.630001068115234,59.959999084472656,60.20000076293945,50.94990921020508,1582600
2018-05-22,60.20000076293945,60.7400016784668,60.08000183105469,60.41999816894531,51.136104583740234,1503600
2018-05-23,60.849998474121094,61.459999084472656,60.58000183105469,61.439998626708984,51.99937438964844,2197900
2018-05-24,61.63999938964844,62.189998626708984,61.310001373291016,62.150001525878906,52.600276947021484,1761200
2018-05-25,62.27000045776367,62.70000076293945,62.150001525878906,62.52000045776367,52.91343307495117,1539200
2018-05-29,62.52000045776367,63.25,62.43000030517578,62.86000061035156,53.2011833190918,2256800
2018-05-30,62.90999984741211,63.54999923706055,62.650001525878906,63.400001525878906,53.658203125,1932900
2018-05-31,63.2599983215332,63.70000076293945,62.93000030517578,63.150001525878906,53.44662094116211,2134100
2018-06-01,63.2599983215332,63.380001068115234,62.189998626708984,62.31999969482422,52.74415969848633,2286400
2018-06-04,62.529998779296875,62.689998626708984,61.5,61.54999923706055,52.092464447021484,1642300
2018-06-05,61.540000915527344,61.790000915527344,60.70000076293945,60.81999969482422,51.474632263183594,1378400
2018-06-06,60.75,60.83000183105469,59.20000076293945,59.34000015258789,50.22206115722656,2041000
2018-06-07,59.34000015258789,60.0099983215332,58.959999084472656,59.380001068115234,50.25590896606445,1921700
2018-06-08,59.560001373291016,59.630001068115234,59.20000076293945,59.459999084472656,50.3236083984375,1014100
2018-06-11,59.599998474121094,59.61000061035156,58.47999954223633,58.599998474121094,49.59575653076172,1870500
2018-06-12,58.61000061035156,59.41999816894531,58.61000061035156,59.33000183105469,50.21359634399414,2148100
2018-06-13,59.41999816894531,59.7599983215332,59.0,59.11000061035156,50.02738952636719,1395500
2018-06-14,59.209999084472656,60.02000045776367,59.130001068115234,59.86000061035156,50.662147521972656,1837000
2018-06-15,59.81999969482422,60.619998931884766,59.38999938964844,60.599998474121094,51.28844451904297,4137300
2018-06-18,60.619998931884766,61.209999084472656,60.459999084472656,60.91999816894531,51.55927658081055,1794800
2018-06-19,60.970001220703125,61.93000030517578,60.970001220703125,61.77000045776367,52.27866744995117,1861200
2018-06-20,61.75,61.9900016784668,61.380001068115234,61.86000061035156,52.354835510253906,1290100
2018-06-21,61.70000076293945,62.290000915527344,61.630001068115234,62.029998779296875,52.498714447021484,1069300
2018-06-22,62.11000061035156,62.5099983215332,61.869998931884766,62.290000915527344,52.71876525878906,1696300
2018-06-25,62.380001068115234,63.59000015258789,62.33000183105469,63.439998626708984,53.69206619262695,2038800
2018-06-26,63.41999816894531,63.90999984741211,63.290000915527344,63.400001525878906,53.658203125,2157100
2018-06-27,63.2599983215332,64.1500015258789,63.0,63.9900016784668,54.157554626464844,1541000
2018-06-28,63.529998779296875,64.83999633789062,63.529998779296875,64.45999908447266,54.555335998535156,2029500
2018-06-29,64.33000183105469,64.9800033569336,63.880001068115234,64.6500015258789,54.71613693237305,1829300
2018-07-02,64.7699966430664,65.30000305175781,64.44000244140625,65.1500015258789,55.13931655883789,1845500
2018-07-03,65.1500015258789,65.77999877929688,64.94000244140625,65.18000030517578,55.164695739746094,951700
2018-07-05,65.18000030517578,65.70999908447266,64.94999694824219,65.68000030517578,55.58787536621094,1672800
2018-07-06,65.76000213623047,66.47000122070312,65.70999908447266,66.41000366210938,56.2056999206543,1519900
2018-07-09,66.4000015258789,66.4000015258789,63.79999923706055,64.02999877929688,54.191410064697266,2067600
2018-07-10,63.810001373291016,64.83000183105469,63.189998626708984,64.52999877929688,54.61457061767578,2444800
2018-07-11,64.5999984741211,65.41999816894531,64.44999694824219,65.30999755859375,55.27471923828125,1259700
2018-07-12,65.38999938964844,65.69000244140625,65.04000091552734,65.58000183105469,55.503231048583984,1882600
2018-07-13,65.6500015258789,65.69999694824219,64.73999786376953,65.19000244140625,55.173160552978516,2506300
2018-07-16,65.19999694824219,65.25,64.69000244140625,65.04000091552734,55.04621887207031,1725400
2018-07-17,65.19000244140625,65.22000122070312,64.83000183105469,64.91999816894531,54.94464874267578,1480100
2018-07-18,65.04000091552734,65.18000030517578,64.33000183105469,64.72000122070312,54.775386810302734,1236200
2018-07-19,64.93000030517578,65.55999755859375,64.83999633789062,65.23999786376953,55.215476989746094,1259100
2018-07-20,65.19000244140625,65.27999877929688,64.23999786376953,64.83999633789062,54.8769416809082,1554200
2018-07-23,64.91000366210938,64.91000366210938,64.16000366210938,64.30000305175781,54.419925689697266,1538300
2018-07-24,64.08999633789062,64.61000061035156,63.27000045776367,64.43000030517578,54.52994155883789,1708600
2018-07-25,64.25,65.08999633789062,64.25,64.44000244140625,54.53839874267578,1821600
2018-07-26,64.83999633789062,65.58000183105469,64.75,65.47000122070312,55.41013717651367,2340700
2018-07-27,65.48999786376953,66.19999694824219,65.37999725341797,65.69000244140625,55.596343994140625,2716000
2018-07-30,65.51000213623047,65.52999877929688,64.8499984741211,65.19999694824219,55.18162536621094,2724700
2018-07-31,65.37000274658203,66.5,64.55000305175781,66.37000274658203,56.17185592651367,2810000
2018-08-01,65.91999816894531,65.91999816894531,64.91999816894531,65.54000091552734,55.469383239746094,1960000
2018-08-02,65.45999908447266,65.95999908447266,64.93000030517578,65.66999816894531,55.57940673828125,1583200
2018-08-03,65.69999694824219,66.72000122070312,65.4000015258789,66.33000183105469,56.137996673583984,1375000
2018-08-06,66.4000015258789,66.87999725341797,66.2699966430664,66.4800033569336,56.26494598388672,1438900
2018-08-07,66.37000274658203,66.4000015258789,65.75,66.29000091552734,56.10413360595703,1405300
2018-08-08,66.08999633789062,66.73999786376953,65.9000015258789,66.58999633789062,56.35805130004883,1658600
2018-08-09,66.58999633789062,67.04000091552734,66.44999694824219,66.9800033569336,56.688140869140625,1820000
2018-08-10,67.1500015258789,67.69999694824219,66.87999725341797,67.1500015258789,56.832000732421875,1943200
2018-08-13,66.66000366210938,66.94000244140625,66.41000366210938,66.88999938964844,57.08203887939453,2507200
2018-08-14,66.80999755859375,67.25,66.63999938964844,66.75,56.962562561035156,1724400
2018-08-15,66.94999694824219,67.83000183105469,66.76000213623047,67.25,57.389251708984375,1611600
2018-08-16,67.16999816894531,67.94000244140625,66.7699966430664,67.94000244140625,57.978084564208984,2392500
2018-08-17,67.83999633789062,68.4800033569336,67.66000366210938,68.26000213623047,58.25117111206055,1975900
2018-08-20,68.36000061035156,68.45999908447266,67.94999694824219,68.25,58.24262619018555,1758100
2018-08-21,68.16000366210938,68.20999908447266,67.38999938964844,67.7699966430664,57.833003997802734,1836300
2018-08-22,67.77999877929688,67.8499984741211,66.91000366210938,67.2300033569336,57.372196197509766,1806200
2018-08-23,67.20999908447266,67.77999877929688,67.13999938964844,67.30999755859375,57.440460205078125,1613000
2018-08-24,67.27999877929688,67.83000183105469,67.01000213623047,67.80000305175781,57.858612060546875,1189600
2018-08-27,67.83000183105469,67.94000244140625,66.75,67.0999984741211,57.261234283447266,1718900
2018-08-28,66.9800033569336,67.23999786376953,66.79000091552734,66.94000244140625,57.12471008300781,1402000
2018-08-29,67.05000305175781,67.52999877929688,66.9000015258789,67.44000244140625,57.55138397216797,1313600
2018-08-30,67.69999694824219,68.04000091552734,67.44999694824219,67.83000183105469,57.88420104980469,1219700
2018-08-31,67.73999786376953,68.16000366210938,67.36000061035156,67.58000183105469,57.670867919921875,1410800
2018-09-04,67.93000030517578,68.87000274658203,67.62000274658203,68.26000213623047,58.25117111206055,2139300
2018-09-05,68.33999633789062,68.94000244140625,68.26000213623047,68.93000030517578,58.82292556762695,1594600
2018-09-06,68.91000366210938,69.5199966430664,68.70999908447266,69.29000091552734,59.130123138427734,1526000
2018-09-07,68.83000183105469,69.20999908447266,68.37000274658203,68.55999755859375,58.507171630859375,1729600
2018-09-10,68.70999908447266,69.51000213623047,68.55999755859375,69.12000274658203,58.98506164550781,1327600
2018-09-11,69.1500015258789,69.41000366210938,68.81999969482422,68.95999908447266,58.848514556884766,1255500
2018-09-12,68.81999969482422,69.33000183105469,68.62000274658203,68.69999694824219,58.62662887573242,1535000
2018-09-13,68.8499984741211,69.0999984741211,68.37000274658203,69.05000305175781,58.925331115722656,1148000
2018-09-14,68.77999877929688,68.87999725341797,68.05000305175781,68.80000305175781,58.71198654174805,1345200
2018-09-17,68.80000305175781,68.9000015258789,68.25,68.62000274658203,58.55837631225586,1831600
2018-09-18,68.45999908447266,68.69999694824219,67.97000122070312,68.33999633789062,58.31942367553711,1857200
2018-09-19,68.44999694824219,68.45999908447266,66.62000274658203,66.95999908447266,57.14176559448242,1565400
2018-09-20,66.86000061035156,67.29000091552734,66.2699966430664,67.1500015258789,57.30390930175781,1673400
2018-09-21,66.87000274658203,67.68000030517578,66.0,67.23999786376953,57.380714416503906,3377700
2018-09-24,67.16999816894531,67.26000213623047,66.62000274658203,66.63999938964844,56.868690490722656,1753200
2018-09-25,66.52999877929688,66.6500015258789,65.55999755859375,65.75,56.10919189453125,1969500
2018-09-26,65.94000244140625,66.08000183105469,64.95999908447266,65.04000091552734,55.50330352783203,2340400
2018-09-27,65.1500015258789,66.05999755859375,65.0199966430664,65.83999633789062,56.18600082397461,1558300
2018-09-28,66.04000091552734,66.81999969482422,65.94999694824219,66.76000213623047,56.971099853515625,1752300
2018-10-01,66.56999969482422,66.7699966430664,66.25,66.6500015258789,56.877227783203125,1447400
2018-10-02,66.81999969482422,67.76000213623047,66.81999969482422,67.66999816894531,57.74766540527344,1753100
2018-10-03,67.5999984741211,67.9000015258789,66.18000030517578,66.79000091552734,56.996700286865234,1692300
2018-10-04,66.56999969482422,67.4800033569336,66.16000366210938,67.27999877929688,57.41484832763672,1829200
2018-10-05,67.30000305175781,68.48999786376953,67.30000305175781,68.27999877929688,58.26823425292969,2316900
2018-10-08,68.4800033569336,69.4000015258789,68.2300033569336,68.73999786376953,58.660789489746094,1538400
2018-10-09,68.97000122070312,69.56999969482422,68.68000030517578,69.05999755859375,58.9338493347168,2698600
2018-10-10,69.12000274658203,70.22000122070312,68.8499984741211,68.87999725341797,58.78024673461914,2844800
2018-10-11,69.20999908447266,69.41000366210938,67.29000091552734,67.5199966430664,57.61964797973633,3699900
2018-10-12,67.44000244140625,67.77999877929688,66.77999877929688,67.48999786376953,57.59406661987305,2506900
2018-10-15,67.5,68.5,67.4000015258789,67.94000244140625,57.978084564208984,2764500
2018-10-16,67.9800033569336,69.47000122070312,67.55000305175781,69.06999969482422,58.9423828125,2392600
2018-10-17,69.11000061035156,69.36000061035156,68.5999984741211,69.26000213623047,59.104522705078125,2262800
2018-10-18,69.33999633789062,69.7300033569336,68.83000183105469,69.2699966430664,59.11305618286133,2438600
2018-10-19,69.30999755859375,70.87000274658203,69.19000244140625,70.56999969482422,60.22246551513672,2346500
2018-10-22,70.62000274658203,70.83999633789062,70.04000091552734,70.19000244140625,59.89816665649414,1968500
2018-10-23,70.51000213623047,70.98999786376953,69.62000274658203,69.91999816894531,59.66775131225586,2130400
2018-10-24,70.2300033569336,72.08999633789062,69.80999755859375,71.66999816894531,61.16115188598633,2455300
2018-10-25,71.29000091552734,71.29000091552734,70.08000183105469,70.58999633789062,60.23950958251953,1907000
2018-10-26,70.91000366210938,71.11000061035156,68.41999816894531,68.88999938964844,58.78876876831055,3772800
2018-10-29,68.86000061035156,69.97000122070312,68.86000061035156,69.77999877929688,59.54828643798828,2090500
2018-10-30,70.0199966430664,70.37000274658203,69.04000091552734,69.75,59.52267074584961,2585000
2018-10-31,68.3499984741211,69.91000366210938,66.88999938964844,68.4000015258789,58.37062454223633,3723700
2018-11-01,67.69999694824219,68.0,67.29000091552734,67.87999725341797,57.92686462402344,3101800
2018-11-02,68.08000183105469,68.23999786376953,66.45999908447266,67.0,57.1759033203125,2892400
2018-11-05,67.38999938964844,67.91000366210938,66.88999938964844,67.61000061035156,57.69645690917969,2584000
2018-11-06,67.66999816894531,68.36000061035156,67.48999786376953,68.27999877929688,58.26823425292969,1339100
2018-11-07,68.63999938964844,68.87999725341797,67.6500015258789,68.77999877929688,58.69490432739258,4135200
2018-11-08,68.72000122070312,69.0999984741211,68.16000366210938,69.08999633789062,58.95944595336914,1589800
2018-11-09,69.12999725341797,70.43000030517578,68.94000244140625,70.0,59.736019134521484,2026600
2018-11-12,69.98999786376953,71.54000091552734,69.80000305175781,70.8499984741211,60.46139144897461,1767600
2018-11-13,70.37000274658203,70.6500015258789,69.69999694824219,70.5,60.635986328125,1303200
2018-11-14,70.33000183105469,70.70999908447266,69.80999755859375,69.94000244140625,60.154327392578125,2175600
2018-11-15,69.66000366210938,70.55000305175781,68.77999877929688,70.51000213623047,60.644596099853516,2463300
2018-11-16,71.05000305175781,71.37000274658203,70.3499984741211,70.91000366210938,60.98862838745117,1760900
2018-11-19,70.91000366210938,71.6500015258789,70.55000305175781,71.5999984741211,61.58208084106445,1972900
2018-11-20,72.0,72.62999725341797,71.30999755859375,72.22000122070312,62.1153450012207,2833600
2018-11-21,71.97000122070312,71.97000122070312,70.5199966430664,70.77999877929688,60.87682342529297,1610700
2018-11-23,70.88999938964844,70.91999816894531,70.2699966430664,70.47000122070312,60.61019515991211,603400
2018-11-26,70.54000091552734,71.05999755859375,69.94000244140625,70.58999633789062,60.71339797973633,1631400
2018-11-27,70.62999725341797,71.18000030517578,70.30000305175781,71.0199966430664,61.08321762084961,2200200
2018-11-28,71.0199966430664,71.37000274658203,70.43000030517578,70.66999816894531,60.782203674316406,1791300
2018-11-29,70.75,71.05999755859375,69.68000030517578,71.0,61.0660285949707,1997000
2018-11-30,71.25,72.5199966430664,71.08000183105469,72.4800033569336,62.33895492553711,2229800
2018-12-03,72.08000183105469,73.05000305175781,71.25,72.98999786376953,62.777587890625,1836700
2018-12-04,72.98999786376953,74.16000366210938,72.94000244140625,73.27999877929688,63.027015686035156,2002100
2018-12-06,73.69999694824219,73.88999938964844,72.08999633789062,73.75,63.4312744140625,2227600
2018-12-07,73.81999969482422,74.44000244140625,73.13999938964844,73.7699966430664,63.448448181152344,1628400
2018-12-10,73.9000015258789,74.66999816894531,73.02999877929688,74.43000030517578,64.01612091064453,1967200
2018-12-11,74.47000122070312,75.22000122070312,73.9800033569336,74.88999938964844,64.41175079345703,2018400
2018-12-12,75.0,75.4800033569336,73.8499984741211,73.87000274658203,63.534461975097656,2132400
2018-12-13,73.94999694824219,75.30999755859375,73.94999694824219,74.95999908447266,64.47196197509766,1992200
2018-12-14,74.91999816894531,75.30999755859375,73.93000030517578,74.36000061035156,63.95591735839844,1639500
2018-12-17,74.54000091552734,74.7300033569336,71.7699966430664,72.05000305175781,61.96910858154297,2144100
2018-12-18,72.37999725341797,73.08000183105469,71.4800033569336,71.75,61.71109390258789,1620600
2018-12-19,71.7699966430664,72.19999694824219,70.9000015258789,71.30999755859375,61.3326530456543,1771400
2018-12-20,71.48999786376953,72.55999755859375,70.62999725341797,71.73999786376953,61.702476501464844,1856700
2018-12-21,71.44000244140625,73.58000183105469,71.30000305175781,71.44000244140625,61.44446563720703,2894700
2018-12-24,71.6500015258789,72.02999877929688,67.30000305175781,67.62000274658203,58.1589469909668,1021700
2018-12-26,67.73999786376953,68.5,66.75,68.44999694824219,58.87281036376953,1273200
2018-12-27,68.52999877929688,69.18000030517578,67.44000244140625,69.18000030517578,59.50066375732422,2187800
2018-12-28,69.31999969482422,69.91000366210938,68.72000122070312,69.01000213623047,59.354461669921875,1382800
2018-12-31,69.20999908447266,69.4000015258789,68.31999969482422,69.26000213623047,59.56947326660156,1190800
2019-01-02,69.11000061035156,69.13999938964844,67.20999908447266,67.58000183105469,58.12455368041992,1849200
2019-01-03,67.4800033569336,68.37000274658203,67.25,67.76000213623047,58.279354095458984,1789500
2019-01-04,67.37999725341797,68.45999908447266,67.33000183105469,68.26000213623047,58.70940017700195,1798100
2019-01-07,67.98999786376953,68.4000015258789,67.55999755859375,67.94999694824219,58.44276428222656,1306900
2019-01-08,67.94000244140625,68.77999877929688,67.70999908447266,68.6500015258789,59.044830322265625,1099900
2019-01-09,68.4800033569336,68.91999816894531,67.91999816894531,68.23999786376953,58.69221496582031,1279200
2019-01-10,68.33000183105469,69.54000091552734,68.1500015258789,69.44999694824219,59.7328987121582,1069200
2019-01-11,69.13999938964844,69.52999877929688,68.7699966430664,69.44000244140625,59.72430419921875,1359700
2019-01-14,68.91999816894531,68.97000122070312,67.80000305175781,68.61000061035156,59.01041030883789,2079600
2019-01-15,68.41000366210938,70.25,68.41000366210938,69.91000366210938,60.128536224365234,1527600
2019-01-16,69.76000213623047,70.33000183105469,69.30000305175781,70.29000091552734,60.45537185668945,1175500
2019-01-17,70.2300033569336,71.0199966430664,70.11000061035156,70.93000030517578,61.00581359863281,1142600
2019-01-18,71.16999816894531,71.33000183105469,70.55999755859375,70.86000061035156,60.945621490478516,1147800
2019-01-22,71.05000305175781,71.54000091552734,70.31999969482422,71.01000213623047,61.074623107910156,1295100
2019-01-23,71.08999633789062,71.80999755859375,70.91999816894531,71.80000305175781,61.754112243652344,1433500
2019-01-24,71.93000030517578,72.25,71.0999984741211,72.22000122070312,62.1153450012207,1248900
2019-01-25,71.97000122070312,72.37999725341797,70.94999694824219,71.04000091552734,61.100440979003906,1525400
2019-01-28,71.1500015258789,71.43000030517578,70.4800033569336,70.94000244140625,61.014427185058594,1311200
2019-01-29,71.11000061035156,71.44999694824219,70.80000305175781,71.12999725341797,61.177825927734375,1332500
2019-01-30,70.69000244140625,71.72000122070312,69.76000213623047,71.44000244140625,61.44446563720703,2117800
2019-01-31,71.47000122070312,73.51000213623047,71.0199966430664,73.02999877929688,62.812007904052734,3991700
2019-02-01,73.02999877929688,73.22000122070312,72.2300033569336,72.80999755859375,62.62279510498047,2446200
2019-02-04,72.47000122070312,73.08999633789062,71.72000122070312,73.08999633789062,62.863582611083984,2304100
2019-02-05,72.81999969482422,73.19999694824219,72.44000244140625,73.02999877929688,62.812007904052734,1420100
2019-02-06,72.70999908447266,73.3499984741211,72.47000122070312,73.16000366210938,62.923805236816406,1399600
2019-02-07,73.16000366210938,74.01000213623047,72.7699966430664,73.98999786376953,63.63767623901367,1472500
2019-02-08,73.97000122070312,74.72000122070312,73.73999786376953,74.72000122070312,64.26554107666016,1429200
2019-02-11,74.63999938964844,75.0999984741211,74.54000091552734,75.02999877929688,64.53217315673828,2280900
2019-02-12,75.26000213623047,75.61000061035156,74.54000091552734,75.04000091552734,64.54076385498047,2402700
2019-02-13,74.29000091552734,74.4000015258789,73.73999786376953,74.18000030517578,64.30670166015625,1913500
2019-02-14,74.3499984741211,74.69999694824219,73.73999786376953,74.2699966430664,64.38472747802734,1736000
2019-02-15,74.56999969482422,74.83999633789062,74.0999984741211,74.47000122070312,64.55811309814453,1742500
2019-02-19,74.43000030517578,74.95999908447266,74.13999938964844,74.91000366210938,64.9395523071289,2139800
2019-02-20,74.80000305175781,75.1500015258789,74.1500015258789,75.0999984741211,65.104248046875,1756200
2019-02-21,74.87999725341797,75.88999938964844,74.48999786376953,75.72000122070312,65.6417236328125,1747800
2019-02-22,75.86000061035156,76.66999816894531,75.37999725341797,76.63999938964844,66.43928527832031,2476900
2019-02-25,76.66000366210938,76.66000366210938,75.41000366210938,75.5199966430664,65.46833801269531,2013000
2019-02-26,75.77999877929688,75.77999877929688,75.02999877929688,75.33999633789062,65.31230926513672,2189800
2019-02-27,75.19999694824219,75.73999786376953,74.88999938964844,75.5999984741211,65.53771209716797,1670300
2019-02-28,75.63999938964844,76.47000122070312,75.45999908447266,76.27999877929688,66.12718963623047,1840700
2019-03-01,76.26000213623047,76.48999786376953,75.31999969482422,76.02999877929688,65.91046142578125,1796900
2019-03-04,76.16000366210938,76.33000183105469,75.52999877929688,76.26000213623047,66.10986328125,1707600
2019-03-05,76.26000213623047,76.41000366210938,75.9800033569336,76.25,66.1011734008789,1465300
2019-03-06,76.4000015258789,76.72000122070312,76.04000091552734,76.51000213623047,66.32659912109375,1714100
2019-03-07,76.69999694824219,77.41000366210938,76.62999725341797,76.83000183105469,66.60398864746094,1489300
2019-03-08,77.04000091552734,77.27999877929688,76.38999938964844,77.0,66.75135040283203,1718600
2019-03-11,77.08000183105469,77.22000122070312,76.80000305175781,77.1500015258789,66.88139343261719,1967300
2019-03-12,77.30000305175781,77.5999984741211,77.05999755859375,77.58000183105469,67.2541732788086,1787000
2019-03-13,77.5999984741211,77.87000274658203,77.29000091552734,77.80000305175781,67.44489288330078,1860700
2019-03-14,77.86000061035156,78.05000305175781,77.30999755859375,77.62000274658203,67.2888412475586,2083600
2019-03-15,77.58999633789062,78.87999725341797,77.4800033569336,78.87999725341797,68.38114929199219,7883600
2019-03-18,78.5,78.66999816894531,78.11000061035156,78.38999938964844,67.95635986328125,2296600
2019-03-19,78.30999755859375,78.30999755859375,77.37000274658203,77.61000061035156,67.28018188476562,1645800
2019-03-20,77.80999755859375,78.54000091552734,77.41000366210938,77.73999786376953,67.39288330078125,1421000
2019-03-21,77.87000274658203,78.91000366210938,77.63999938964844,78.7699966430664,68.2857894897461,1168300
2019-03-22,78.97000122070312,79.94999694824219,78.9000015258789,79.33000183105469,68.77124786376953,1663600
2019-03-25,79.47000122070312,79.86000061035156,79.05000305175781,79.54000091552734,68.95330047607422,1228800
2019-03-26,79.52999877929688,80.05000305175781,79.33999633789062,79.9000015258789,69.265380859375,1104000
2019-03-27,79.8499984741211,79.95999908447266,79.01000213623047,79.41000366210938,68.8405990600586,1320700
2019-03-28,79.44000244140625,79.66999816894531,78.19000244140625,78.45999908447266,68.01704406738281,1489000
2019-03-29,78.55999755859375,79.19999694824219,78.04000091552734,79.08000183105469,68.55452728271484,1985900
2019-04-01,78.94999694824219,79.02999877929688,77.45999908447266,78.11000061035156,67.713623046875,1944100
2019-04-02,78.33999633789062,78.37000274658203,77.70999908447266,78.25,67.83499145507812,1116500
2019-04-03,78.08999633789062,78.22000122070312,77.22000122070312,77.91000366210938,67.54024505615234,1681200
2019-04-04,77.91999816894531,78.04000091552734,76.56999969482422,77.47000122070312,67.15880584716797,1981000
2019-04-05,77.47000122070312,78.2699966430664,77.33000183105469,78.22000122070312,67.8089828491211,1829400
2019-04-08,77.55000305175781,77.86000061035156,77.0,77.1500015258789,66.88139343261719,1907300
2019-04-09,77.05999755859375,77.52999877929688,77.0199966430664,77.47000122070312,67.15880584716797,1632200
2019-04-10,77.76000213623047,78.11000061035156,76.79000091552734,76.94000244140625,66.6993637084961,1505700
2019-04-11,77.08000183105469,77.5,76.91000366210938,77.38999938964844,67.0894775390625,1259200
2019-04-12,77.16000366210938,77.86000061035156,76.52999877929688,77.81999969482422,67.46224212646484,1185800
2019-04-15,77.9000015258789,78.08999633789062,77.44000244140625,77.68000030517578,67.34085845947266,1336700
2019-04-16,77.55000305175781,77.87000274658203,76.29000091552734,76.45999908447266,66.28323364257812,1481400
2019-04-17,76.44000244140625,76.81999969482422,76.18000030517578,76.41999816894531,66.2485580444336,1407600
2019-04-18,76.56999969482422,77.04000091552734,76.29000091552734,76.29000091552734,66.13587188720703,1842800
2019-04-22,76.2300033569336,76.55000305175781,75.87999725341797,76.37999725341797,66.21387481689453,1215600
2019-04-23,76.54000091552734,76.95999908447266,76.25,76.75,66.5346450805664,2339600
2019-04-24,76.8499984741211,77.33999633789062,76.63999938964844,77.05000305175781,66.79471588134766,1775000
2019-04-25,76.77999877929688,78.16999816894531,76.63999938964844,77.80000305175781,67.44489288330078,1804200
2019-04-26,78.36000061035156,78.7699966430664,77.58999633789062,77.63999938964844,67.3061752319336,1425600
2019-04-29,77.44999694824219,77.45999908447266,76.75,76.94000244140625,66.6993637084961,1201800
2019-04-30,77.01000213623047,78.4800033569336,76.9000015258789,78.43000030517578,67.99103546142578,1333400
2019-05-01,78.08000183105469,78.44000244140625,77.62000274658203,77.6500015258789,67.31485748291016,1240300
2019-05-02,77.73999786376953,78.16000366210938,77.23999786376953,77.61000061035156,67.28018188476562,1416300
2019-05-03,77.6500015258789,78.43000030517578,77.58000183105469,78.30999755859375,67.88702392578125,879900
2019-05-06,78.43000030517578,78.55000305175781,77.9000015258789,78.0999984741211,67.7049560546875,1201800
2019-05-07,78.22000122070312,78.63999938964844,77.94999694824219,78.36000061035156,67.93034362792969,1635900
2019-05-08,78.22000122070312,78.2699966430664,77.33000183105469,77.4000015258789,67.09813690185547,1500400
2019-05-09,76.91000366210938,77.66999816894531,76.61000061035156,77.47000122070312,67.15880584716797,1235700
2019-05-10,77.18000030517578,79.25,77.18000030517578,79.20999908447266,68.6672134399414,1281100
2019-05-13,78.5999984741211,80.0199966430664,78.27999877929688,79.86000061035156,69.750244140625,2092800
2019-05-14,79.7699966430664,80.04000091552734,79.30999755859375,79.5199966430664,69.45327758789062,1852900
2019-05-15,79.69000244140625,80.01000213623047,79.36000061035156,79.63999938964844,69.55809783935547,1054000
2019-05-16,79.5199966430664,80.44000244140625,79.11000061035156,80.25,70.09088134765625,1163800
2019-05-17,80.05000305175781,81.36000061035156,80.05000305175781,80.9000015258789,70.65857696533203,1559900
2019-05-20,81.12999725341797,81.54000091552734,80.9000015258789,81.2699966430664,70.98173522949219,1285300
2019-05-21,81.30999755859375,81.91000366210938,80.81999969482422,80.86000061035156,70.62364959716797,1273900
2019-05-22,81.06999969482422,81.87999725341797,80.86000061035156,81.76000213623047,71.40970611572266,1193500
2019-05-23,81.94999694824219,82.27999877929688,81.72000122070312,82.2300033569336,71.82022094726562,1825300
2019-05-24,82.31999969482422,83.01000213623047,82.05999755859375,82.41000366210938,71.9774398803711,1327700
2019-05-28,82.51000213623047,82.73999786376953,81.2699966430664,81.3499984741211,71.05162048339844,2229600
2019-05-29,81.62999725341797,81.69000244140625,80.0,80.30000305175781,70.1345443725586,1540100
2019-05-30,80.33000183105469,80.7300033569336,79.80000305175781,80.02999877929688,69.89872741699219,1325800
2019-05-31,80.12000274658203,80.79000091552734,79.86000061035156,80.55000305175781,70.3529052734375,1820800
2019-06-03,80.66999816894531,81.69999694824219,80.48999786376953,81.55999755859375,71.23504638671875,1418300
2019-06-04,81.36000061035156,81.55000305175781,79.45999908447266,81.29000091552734,70.99921417236328,1512800
2019-06-05,81.44999694824219,83.23999786376953,81.11000061035156,83.02999877929688,72.5189437866211,1454200
2019-06-06,83.20999908447266,83.66000366210938,82.83999633789062,83.58000183105469,72.99930572509766,1111400
2019-06-07,84.0,84.55000305175781,82.91000366210938,82.95999908447266,72.45779418945312,1526700
2019-06-10,82.9000015258789,82.9000015258789,82.04000091552734,82.73999786376953,72.26565551757812,1000100
2019-06-11,82.73999786376953,82.9800033569336,81.44999694824219,82.0199966430664,71.63679504394531,1182300
2019-06-12,82.36000061035156,83.36000061035156,82.36000061035156,83.36000061035156,72.80716705322266,880500
2019-06-13,83.58999633789062,83.87999725341797,82.95999908447266,83.61000061035156,73.02552795410156,1240500
2019-06-14,83.79000091552734,84.66999816894531,83.75,84.30999755859375,73.63689422607422,1470400
2019-06-17,84.30999755859375,84.86000061035156,83.7300033569336,84.12999725341797,73.47968292236328,1581900
2019-06-18,84.5,84.73999786376953,83.6500015258789,84.25,73.5844955444336,1994100
2019-06-19,83.94000244140625,85.22000122070312,83.94000244140625,84.94000244140625,74.18714904785156,1703800
2019-06-20,85.11000061035156,85.66000366210938,84.62999725341797,85.38999938964844,74.5801773071289,1351300
2019-06-21,85.5,85.5999984741211,84.7699966430664,85.41999816894531,74.60637664794922,2695600
2019-06-24,85.08000183105469,85.69999694824219,84.83999633789062,85.26000213623047,74.46664428710938,1543100
2019-06-25,85.26000213623047,85.41999816894531,84.7300033569336,84.94000244140625,74.18714904785156,1600800
2019-06-26,84.86000061035156,84.88999938964844,83.2699966430664,83.33000183105469,72.78096008300781,3159200
2019-06-27,83.62000274658203,83.97000122070312,82.79000091552734,83.08000183105469,72.56261444091797,2286100
2019-06-28,83.06999969482422,83.87000274658203,82.87999725341797,83.37000274658203,72.81590270996094,2678400
2019-07-01,83.26000213623047,83.44000244140625,82.18000030517578,83.12999725341797,72.60626220703125,1673500
2019-07-02,83.4000015258789,84.30000305175781,83.2300033569336,84.25,73.5844955444336,1518300
2019-07-03,84.33000183105469,85.44000244140625,84.33000183105469,85.12999725341797,74.35308837890625,874400
2019-07-05,84.52999877929688,85.13999938964844,83.43000030517578,85.0199966430664,74.25701141357422,990900
2019-07-08,85.19000244140625,85.55999755859375,84.76000213623047,85.29000091552734,74.49285888671875,1154100
2019-07-09,85.4000015258789,85.80999755859375,84.97000122070312,85.69999694824219,74.85093688964844,1475000
2019-07-10,85.94000244140625,86.41999816894531,85.41999816894531,86.12999725341797,75.22650909423828,1191700
2019-07-11,86.0,86.33000183105469,85.2300033569336,86.12000274658203,75.2177505493164,1329200
2019-07-12,86.16999816894531,86.16999816894531,85.18000030517578,85.47000122070312,74.65006256103516,1162000
2019-07-15,85.44999694824219,86.38999938964844,85.05000305175781,86.3499984741211,75.41864776611328,1453800
2019-07-16,86.11000061035156,86.36000061035156,85.55999755859375,86.13999938964844,75.2352294921875,1534400
2019-07-17,86.41999816894531,87.5999984741211,86.04000091552734,86.9000015258789,75.89901733398438,1669900
2019-07-18,86.94000244140625,87.9000015258789,86.33999633789062,87.8499984741211,76.72875213623047,1618700
2019-07-19,87.69000244140625,87.91000366210938,86.30000305175781,86.30999755859375,75.38370513916016,1959400
2019-07-22,86.69999694824219,86.88999938964844,85.80999755859375,86.27999877929688,75.35749816894531,2216400
2019-07-23,86.33000183105469,86.45999908447266,85.41999816894531,85.76000213623047,74.9033432006836,1821000
2019-07-24,85.98999786376953,86.16999816894531,85.06999969482422,85.80000305175781,74.93828582763672,1652100
2019-07-25,85.80000305175781,86.26000213623047,85.41999816894531,85.86000061035156,74.99069213867188,1649400
2019-07-26,85.9000015258789,86.80000305175781,85.83000183105469,86.66000366210938,75.68941497802734,1351200
2019-07-29,86.87000274658203,87.58000183105469,86.56999969482422,87.5,76.42306518554688,1538300
2019-07-30,87.51000213623047,87.93000030517578,86.23999786376953,86.66000366210938,75.68941497802734,1619500
2019-07-31,86.66999816894531,87.0999984741211,84.98999786376953,85.45999908447266,74.6413345336914,4115100
2019-08-01,85.4800033569336,87.58999633789062,85.16000366210938,87.18000030517578,76.14356994628906,1999600
2019-08-02,87.30000305175781,87.63999938964844,86.41000366210938,86.55999755859375,75.60205078125,2173200
2019-08-05,86.61000061035156,88.62999725341797,85.87000274658203,87.02999877929688,76.0125503540039,2975800
2019-08-06,87.22000122070312,88.20999908447266,85.56999969482422,87.88999938964844,76.7636947631836,1902000
2019-08-07,87.76000213623047,88.68000030517578,86.43000030517578,88.25,77.078125,1656300
2019-08-08,88.0199966430664,89.5,87.62999725341797,89.30000305175781,77.99519348144531,1281700
2019-08-09,89.66999816894531,90.16999816894531,89.16999816894531,89.87000274658203,78.4930419921875,1274300
2019-08-12,90.02999877929688,90.43000030517578,89.43000030517578,89.98999786376953,78.59784698486328,1359800
2019-08-13,89.51000213623047,90.08999633789062,89.0,89.66999816894531,78.8352279663086,2118700
2019-08-14,90.08000183105469,90.22000122070312,88.41999816894531,88.88999938964844,78.14946746826172,1631400
2019-08-15,88.77999877929688,90.93000030517578,88.77999877929688,90.69000244140625,79.73197937011719,1757500
2019-08-16,90.77999877929688,91.38999938964844,90.26000213623047,90.44000244140625,79.51217651367188,1738200
2019-08-19,90.58000183105469,91.77999877929688,90.30999755859375,91.36000061035156,80.3210220336914,2418700
2019-08-20,91.58000183105469,92.08999633789062,91.0199966430664,91.80999755859375,80.71664428710938,1366600
2019-08-21,91.44000244140625,92.77999877929688,91.44000244140625,92.73999786376953,81.5342788696289,1396300
2019-08-22,92.72000122070312,93.29000091552734,92.18000030517578,93.13999938964844,81.88594818115234,1477300
2019-08-23,93.43000030517578,93.95999908447266,92.26000213623047,92.58999633789062,81.40239715576172,3010800
2019-08-26,92.93000030517578,94.2699966430664,92.61000061035156,94.26000213623047,82.87061309814453,1928400
2019-08-27,94.5199966430664,96.45999908447266,94.44000244140625,95.30999755859375,83.79373931884766,2767300
2019-08-28,95.52999877929688,96.37999725341797,94.72000122070312,95.11000061035156,83.61791229248047,1951100
2019-08-29,95.69999694824219,95.97000122070312,94.77999877929688,95.93000030517578,84.33883666992188,1906400
2019-08-30,96.13999938964844,96.23999786376953,95.54000091552734,95.7699966430664,84.19815826416016,1237900
2019-09-03,95.93000030517578,97.75,95.62999725341797,97.7300033569336,85.92133331298828,2274400
2019-09-04,97.30000305175781,98.19000244140625,96.94000244140625,97.6500015258789,85.85101318359375,1562300
2019-09-05,96.95999908447266,97.33000183105469,94.4800033569336,95.33000183105469,83.81132507324219,3586200
2019-09-06,95.23999786376953,95.58999633789062,91.5,93.12999725341797,81.87713623046875,4625300
2019-09-09,92.5999984741211,92.5999984741211,90.44000244140625,90.47000122070312,79.53856658935547,3590200
2019-09-10,90.47000122070312,90.5199966430664,89.0199966430664,90.30000305175781,79.38910675048828,2264900
2019-09-11,90.04000091552734,91.80000305175781,89.30999755859375,91.2699966430664,80.24189758300781,2296200
2019-09-12,92.05000305175781,92.56999969482422,91.2300033569336,91.55000305175781,80.4880599975586,1481900
2019-09-13,91.01000213623047,91.9000015258789,90.63999938964844,91.16000366210938,80.14518737792969,1125300
2019-09-16,91.26000213623047,91.4800033569336,90.6500015258789,91.30999755859375,80.27706146240234,1212900
2019-09-17,91.70999908447266,92.94999694824219,91.70999908447266,92.80000305175781,81.58704376220703,1638000
2019-09-18,93.2300033569336,93.70999908447266,92.19999694824219,93.1500015258789,81.8947525024414,1440900
2019-09-19,93.29000091552734,93.63999938964844,92.6500015258789,93.4800033569336,82.18486785888672,959200
2019-09-20,93.56999969482422,94.0999984741211,93.16000366210938,93.69999694824219,82.37826538085938,2492700
2019-09-23,94.05999755859375,94.36000061035156,93.55999755859375,93.95999908447266,82.60685729980469,1338000
2019-09-24,94.33999633789062,95.6500015258789,94.04000091552734,95.0,83.5212173461914,2060800
2019-09-25,95.0999984741211,95.37999725341797,94.41000366210938,95.3499984741211,83.82891082763672,1370500
2019-09-26,95.76000213623047,96.5999984741211,95.4000015258789,95.9000015258789,84.31246185302734,1222300
2019-09-27,96.08000183105469,96.0999984741211,94.27999877929688,94.87000274658203,83.40691375732422,1523400
2019-09-30,95.20999908447266,95.58999633789062,94.69000244140625,95.0999984741211,83.60911560058594,1265600
2019-10-01,94.88999938964844,95.25,94.13999938964844,95.19000244140625,83.68824768066406,1251200
2019-10-02,95.0,95.27999877929688,93.9800033569336,94.30999755859375,82.9145736694336,1346700
2019-10-03,94.62000274658203,94.93000030517578,94.19999694824219,94.80999755859375,83.35416412353516,1475400
2019-10-04,95.0,96.29000091552734,94.93000030517578,96.08000183105469,84.4707260131836,1543900
2019-10-07,96.12999725341797,96.12999725341797,94.7300033569336,95.22000122070312,83.7146224975586,1491100
2019-10-08,95.18000030517578,95.33000183105469,94.1500015258789,94.16999816894531,82.79148864746094,1405700
2019-10-09,94.47000122070312,95.26000213623047,94.36000061035156,94.88999938964844,83.42449951171875,1185000
2019-10-10,94.62999725341797,95.22000122070312,93.69000244140625,95.1500015258789,83.653076171875,1088100
2019-10-11,94.73999786376953,95.16999816894531,93.0999984741211,93.80999755859375,82.47499084472656,1630000
2019-10-14,94.05000305175781,94.0999984741211,92.5,92.72000122070312,81.5167007446289,1250600
2019-10-15,92.94999694824219,93.41000366210938,92.0,92.16999816894531,81.03315734863281,1437700
2019-10-16,92.26000213623047,92.83999633789062,91.51000213623047,92.76000213623047,81.55188751220703,1298500
2019-10-17,92.73999786376953,93.31999969482422,92.11000061035156,92.9000015258789,81.67493438720703,869500
2019-10-18,92.76000213623047,93.12000274658203,92.2300033569336,92.95999908447266,81.72770690917969,1525800
2019-10-21,93.2300033569336,93.45999908447266,92.4000015258789,93.2699966430664,82.000244140625,755200
2019-10-22,93.44999694824219,93.94000244140625,93.11000061035156,93.29000091552734,82.01782989501953,1015100
2019-10-23,93.44999694824219,94.18000030517578,92.9000015258789,93.1500015258789,81.8947525024414,1080500
2019-10-24,93.20999908447266,94.1500015258789,92.81999969482422,94.01000213623047,82.65084075927734,1116700
2019-10-25,94.22000122070312,94.41000366210938,93.2300033569336,93.79000091552734,82.45741271972656,1518200
2019-10-28,93.29000091552734,93.5999984741211,91.94999694824219,92.52999877929688,81.34966278076172,1592200
2019-10-29,92.30999755859375,92.68000030517578,92.0199966430664,92.44000244140625,81.2705307006836,1441200
2019-10-30,92.80999755859375,94.13999938964844,92.76000213623047,93.79000091552734,82.45741271972656,1183700
2019-10-31,93.95999908447266,94.98999786376953,93.47000122070312,94.4000015258789,82.99372863769531,1421000
2019-11-01,94.48999786376953,94.7300033569336,93.11000061035156,93.52999877929688,82.22882080078125,1189200
2019-11-04,93.41999816894531,93.41999816894531,91.12999725341797,91.63999938964844,80.56718444824219,1886900
2019-11-05,91.31999969482422,91.80999755859375,90.72000122070312,91.0,80.00453186035156,2114600
2019-11-06,91.08999633789062,92.2699966430664,90.01000213623047,91.20999908447266,80.18914794921875,2161800
2019-11-07,90.11000061035156,90.58000183105469,88.41000366210938,88.87000274658203,78.13188934326172,2080900
2019-11-08,88.7699966430664,89.08000183105469,87.52999877929688,87.83000183105469,77.21756744384766,2308900
2019-11-11,87.83000183105469,88.13999938964844,87.06999969482422,87.13999938964844,76.61092376708984,1102200
2019-11-12,87.48999786376953,87.58000183105469,86.72000122070312,87.18000030517578,76.64608764648438,1594100
2019-11-13,86.73999786376953,88.08000183105469,86.5,87.81999969482422,77.73484802246094,1543200
2019-11-14,87.91999816894531,88.2699966430664,87.41000366210938,88.12000274658203,78.00039672851562,1028100
2019-11-15,88.19000244140625,88.19000244140625,87.52999877929688,88.06999969482422,77.95612335205078,1064200
2019-11-18,88.3499984741211,89.18000030517578,87.75,87.94999694824219,77.84991455078125,1230400
2019-11-19,87.70999908447266,88.91000366210938,87.05000305175781,88.12999725341797,78.0092544555664,1113000
2019-11-20,88.0999984741211,88.91000366210938,87.94999694824219,88.19999694824219,78.07120513916016,1360700
2019-11-21,88.11000061035156,88.87000274658203,87.63999938964844,88.33000183105469,78.1862564086914,1250300
2019-11-22,88.36000061035156,88.83999633789062,87.47000122070312,88.52999877929688,78.3633041381836,1629600
2019-11-25,88.62999725341797,88.81999969482422,87.81999969482422,88.0999984741211,77.98267364501953,1183500
2019-11-26,88.13999938964844,89.13999938964844,87.97000122070312,89.02999877929688,78.80587005615234,2446900
2019-11-27,88.91000366210938,89.5999984741211,88.68000030517578,89.11000061035156,78.87669372558594,1706000
2019-11-29,89.30000305175781,89.87000274658203,88.5999984741211,88.6500015258789,78.46952819824219,679600
2019-12-02,88.2699966430664,88.3499984741211,87.41000366210938,87.56999969482422,77.51353454589844,1683300
2019-12-03,88.22000122070312,88.56999969482422,87.69999694824219,88.2699966430664,78.13316345214844,1114500
2019-12-04,87.86000061035156,89.23999786376953,87.80999755859375,89.08999633789062,78.85897064208984,1418900
2019-12-05,88.91000366210938,89.5999984741211,88.70999908447266,89.44999694824219,79.17765045166016,1345100
2019-12-06,89.12999725341797,89.66000366210938,88.86000061035156,89.06999969482422,78.8412857055664,1205000
2019-12-09,89.0999984741211,89.20999908447266,88.62999725341797,88.7699966430664,78.57573699951172,804900
2019-12-10,88.80000305175781,89.52999877929688,88.80000305175781,89.19000244140625,78.947509765625,1197200
2019-12-11,89.1500015258789,89.5999984741211,88.88999938964844,89.52999877929688,79.24846649169922,1027900
2019-12-12,89.12999725341797,89.52999877929688,88.55000305175781,88.77999877929688,78.5845947265625,1227400
2019-12-13,88.66000366210938,89.41000366210938,88.11000061035156,89.18000030517578,78.93866729736328,918900
2019-12-16,89.43000030517578,90.63999938964844,89.12999725341797,90.62999725341797,80.2221450805664,2224100
2019-12-17,90.31999969482422,91.55999755859375,90.22000122070312,91.08999633789062,80.62931060791016,1482700
2019-12-18,91.33000183105469,91.69999694824219,90.61000061035156,91.66000366210938,81.13385772705078,1379300
2019-12-19,91.76000213623047,92.3499984741211,91.22000122070312,92.18000030517578,81.59414672851562,1879000
2019-12-20,92.30999755859375,93.43000030517578,91.94999694824219,92.8499984741211,82.18719482421875,2765100
2019-12-23,92.93000030517578,92.94000244140625,91.1500015258789,91.4800033569336,80.97452545166016,1301900
2019-12-24,91.30999755859375,91.80000305175781,91.13999938964844,91.62000274658203,81.09845733642578,364600
2019-12-26,91.69999694824219,91.98999786376953,91.13999938964844,91.75,81.21351623535156,821900
2019-12-27,91.76000213623047,92.33000183105469,91.68000030517578,92.30999755859375,81.70921325683594,959000
2019-12-30,92.13999938964844,92.31999969482422,91.66999816894531,92.16999816894531,81.58528137207031,1042300
2019-12-31,92.3499984741211,92.86000061035156,91.80000305175781,92.2300033569336,81.63839721679688,1387800
2020-01-02,92.4000015258789,92.5199966430664,90.45999908447266,90.66999816894531,80.25753021240234,1547100
2020-01-03,90.6500015258789,91.70999908447266,90.5199966430664,91.23999786376953,80.7620849609375,1859400
2020-01-06,91.33999633789062,91.80000305175781,90.80000305175781,91.30999755859375,80.82405853271484,1418100
2020-01-07,90.88999938964844,91.06999969482422,90.33999633789062,90.95999908447266,80.51425170898438,1071200
2020-01-08,91.20999908447266,91.38999938964844,90.51000213623047,91.08000183105469,80.62046813964844,1323700
2020-01-09,90.9800033569336,92.05999755859375,90.8499984741211,91.98999786376953,81.42597198486328,1036700
2020-01-10,92.19999694824219,92.62999725341797,92.11000061035156,92.54000091552734,81.91281127929688,1220300
2020-01-13,92.61000061035156,93.7699966430664,92.61000061035156,93.6500015258789,82.89531707763672,1691200
2020-01-14,93.66999816894531,93.97000122070312,93.0999984741211,93.94999694824219,83.16085815429688,1542500
2020-01-15,94.2300033569336,95.48999786376953,94.2300033569336,95.16000366210938,84.23193359375,1362000
2020-01-16,95.36000061035156,96.22000122070312,94.98999786376953,96.16999816894531,85.12593841552734,1595300
2020-01-17,96.13999938964844,96.80000305175781,95.62999725341797,96.41999816894531,85.34721374511719,2038800
2020-01-21,96.54000091552734,97.73999786376953,96.30999755859375,97.66999816894531,86.45367431640625,1531500
2020-01-22,98.01000213623047,98.41000366210938,97.72000122070312,98.2300033569336,86.9493637084961,1181600
2020-01-23,98.33000183105469,98.91999816894531,98.05999755859375,98.69999694824219,87.36539459228516,1740200
2020-01-24,98.69000244140625,99.69999694824219,98.5999984741211,98.95999908447266,87.59552764892578,1179300
2020-01-27,98.94999694824219,99.69000244140625,98.26000213623047,98.5,87.1883544921875,1393400
2020-01-28,98.62999725341797,98.81999969482422,97.80999755859375,98.5,87.1883544921875,2211800
2020-01-29,98.5199966430664,98.88999938964844,97.68000030517578,98.69000244140625,87.3565444946289,1591400
2020-01-30,99.18000030517578,100.87000274658203,98.62999725341797,100.61000061035156,89.0560531616211,1817100
2020-01-31,100.5,101.37000274658203,99.54000091552734,99.88999938964844,88.41873168945312,2253600
2020-02-03,100.19999694824219,100.94000244140625,100.16999816894531,100.88999938964844,89.30389404296875,1650200
2020-02-04,100.44999694824219,100.79000091552734,99.61000061035156,99.63999938964844,88.19744110107422,1510100
2020-02-05,99.48999786376953,100.05999755859375,98.91000366210938,100.01000213623047,88.52495574951172,1166000
2020-02-06,99.94000244140625,100.23999786376953,99.4800033569336,99.9000015258789,88.42759704589844,962800
2020-02-07,100.2300033569336,100.54000091552734,99.69000244140625,99.75,88.29481506347656,787600
2020-02-10,99.97000122070312,100.16999816894531,99.5199966430664,100.13999938964844,88.6400375366211,832700
2020-02-11,100.38999938964844,100.63999938964844,100.08999633789062,100.19000244140625,88.68429565429688,872900
2020-02-12,99.69000244140625,100.93000030517578,99.37999725341797,100.75,89.17996978759766,1712000
2020-02-13,100.2699966430664,101.36000061035156,99.9000015258789,101.20999908447266,90.15355682373047,1040100
2020-02-14,101.58000183105469,102.11000061035156,101.3499984741211,101.87000274658203,90.74147033691406,1707500
2020-02-18,102.37000274658203,103.0999984741211,101.98999786376953,102.87999725341797,91.64112854003906,1177900
2020-02-19,102.86000061035156,103.25,102.4000015258789,102.41000366210938,91.22247314453125,1313200
2020-02-20,102.37999725341797,102.55000305175781,101.66000366210938,102.38999938964844,91.20465850830078,1218000
2020-02-21,102.37999725341797,103.27999877929688,102.25,102.5,91.30265808105469,1491100
2020-02-24,102.37000274658203,102.8499984741211,101.41999816894531,101.81999969482422,90.69693756103516,1867400
2020-02-25,101.98999786376953,102.43000030517578,100.20999908447266,100.41000366210938,89.44097900390625,1806300
2020-02-26,100.5,101.63999938964844,100.26000213623047,100.29000091552734,89.33407592773438,1830500
2020-02-27,100.0999984741211,101.27999877929688,95.48999786376953,95.55999755859375,85.12077331542969,2306400
2020-02-28,94.0,94.0,90.16000366210938,92.33000183105469,82.24364471435547,3200700
2020-03-02,92.88999938964844,97.72000122070312,92.7300033569336,97.69000244140625,87.01811218261719,2817600
2020-03-03,97.70999908447266,100.13999938964844,97.16999816894531,97.58000183105469,86.92012023925781,2509000
2020-03-04,98.73999786376953,104.55000305175781,98.73999786376953,104.20999908447266,92.82583618164062,1817200
2020-03-05,102.37000274658203,105.26000213623047,102.06999969482422,104.11000061035156,92.73677062988281,1842600
2020-03-06,101.66999816894531,105.43000030517578,100.55000305175781,104.72000122070312,93.28013610839844,2667800
2020-03-09,97.80999755859375,104.27999877929688,97.80999755859375,102.37000274658203,91.18685150146484,3482700
2020-03-10,102.93000030517578,105.63999938964844,98.23999786376953,102.05000305175781,90.90180206298828,3115200
2020-03-11,99.9800033569336,101.3499984741211,96.33999633789062,97.44999694824219,86.8043212890625,2669300
2020-03-12,91.48999786376953,98.12000274658203,78.93000030517578,91.63999938964844,81.62901306152344,3026000
2020-03-13,95.26000213623047,99.55000305175781,92.23999786376953,99.41999816894531,88.5591049194336,3546700
2020-03-16,91.48999786376953,101.37000274658203,90.0,92.68000030517578,82.55542755126953,4106600
2020-03-17,95.25,109.52999877929688,94.69999694824219,102.45999908447266,91.26702117919922,5748600
2020-03-18,98.47000122070312,107.4000015258789,92.02999877929688,104.52999877929688,93.11088562011719,4332900
2020-03-19,103.76000213623047,104.98999786376953,90.01000213623047,90.41000366210938,80.53340148925781,2983300
2020-03-20,90.56999969482422,90.56999969482422,72.08000183105469,74.08999633789062,65.9962158203125,4700900
2020-03-23,73.2699966430664,76.44000244140625,68.01000213623047,70.88999938964844,63.14580535888672,3849700
2020-03-24,72.2699966430664,80.68000030517578,70.29000091552734,80.20999908447266,71.44766235351562,3017400
2020-03-25,79.63999938964844,84.0,77.30000305175781,80.73999786376953,71.91976165771484,2331000
2020-03-26,81.04000091552734,88.25,80.36000061035156,86.7699966430664,77.29103088378906,2138500
2020-03-27,84.33000183105469,92.7300033569336,83.20999908447266,89.06999969482422,79.33976745605469,1826700
2020-03-30,90.61000061035156,92.5999984741211,89.16000366210938,91.88999938964844,81.85172271728516,2111500
2020-03-31,90.36000061035156,91.20999908447266,86.91000366210938,88.12999725341797,78.50247192382812,3970400
2020-04-01,84.95999908447266,86.9000015258789,80.55999755859375,83.5199966430664,74.39606475830078,2221500
2020-04-02,81.43000030517578,88.62000274658203,80.58000183105469,88.01000213623047,78.39558410644531,1885400
2020-04-03,86.31999969482422,87.7699966430664,85.01000213623047,85.25,75.93708801269531,2088000
2020-04-06,87.68000030517578,92.37000274658203,87.16000366210938,91.27999877929688,81.308349609375,2118000
2020-04-07,93.12000274658203,93.61000061035156,87.16000366210938,87.76000213623047,78.1728744506836,1795700
2020-04-08,88.36000061035156,92.87999725341797,87.5199966430664,92.19999694824219,82.12784576416016,1630100
2020-04-09,92.9000015258789,98.77999877929688,92.61000061035156,98.22000122070312,87.4902114868164,2229600
2020-04-13,96.80000305175781,97.97000122070312,93.91000366210938,95.0199966430664,84.63976287841797,1133300
2020-04-14,97.13999938964844,99.41999816894531,95.61000061035156,99.33000183105469,88.47894287109375,1703700
2020-04-15,98.0199966430664,98.73999786376953,96.0,96.88999938964844,86.30549621582031,1979400
2020-04-16,97.61000061035156,99.5999984741211,96.55000305175781,98.95999908447266,88.14936065673828,1531400
2020-04-17,100.26000213623047,101.0,97.2300033569336,100.33999633789062,89.37859344482422,1432000
2020-04-20,99.5999984741211,100.16999816894531,95.80000305175781,95.87999725341797,85.40582275390625,1476900
2020-04-21,94.13999938964844,96.45999908447266,93.62000274658203,95.13999938964844,84.74667358398438,1782800
2020-04-22,96.62000274658203,97.95999908447266,96.18000030517578,96.4000015258789,85.8690185546875,1444800
2020-04-23,96.05999755859375,97.54000091552734,94.06999969482422,94.38999938964844,84.07859802246094,1462700
2020-04-24,94.58999633789062,94.70999908447266,92.2699966430664,93.7699966430664,83.52632904052734,1870500
2020-04-27,94.04000091552734,94.8499984741211,91.47000122070312,91.5199966430664,81.52210998535156,1456400
2020-04-28,92.66000366210938,94.83000183105469,92.25,94.7300033569336,84.38146209716797,1873600
2020-04-29,95.63999938964844,95.94000244140625,92.0,93.30999755859375,83.1165771484375,1387500
2020-04-30,93.13999938964844,93.55000305175781,89.79000091552734,90.55000305175781,80.65808868408203,1583600
2020-05-01,89.97000122070312,90.1500015258789,87.94999694824219,88.45999908447266,78.79638671875,1601900
2020-05-04,88.1500015258789,90.0999984741211,88.0,88.95999908447266,79.24179077148438,1635500
2020-05-05,88.30000305175781,89.97000122070312,88.13999938964844,89.58000183105469,79.79405975341797,1444000
2020-05-06,89.8499984741211,89.86000061035156,84.87999725341797,84.94000244140625,75.66093444824219,1589700
2020-05-07,86.01000213623047,87.12000274658203,84.86000061035156,85.12999725341797,75.8301773071289,1985800
2020-05-08,86.22000122070312,86.48999786376953,84.81999969482422,85.68000030517578,76.32011413574219,1282500
2020-05-11,85.01000213623047,85.7699966430664,83.6500015258789,85.31999969482422,75.99942016601562,1210100
2020-05-12,85.6500015258789,86.41999816894531,84.41999816894531,85.01000213623047,75.72329711914062,1652800
2020-05-13,84.0199966430664,85.12999725341797,83.43000030517578,84.76000213623047,76.06700897216797,2833100
2020-05-14,84.23999786376953,85.41000366210938,81.5199966430664,84.70999908447266,76.02214813232422,2139000
2020-05-15,84.33999633789062,85.19000244140625,81.48999786376953,84.80000305175781,76.10291290283203,5130800
2020-05-18,86.95999908447266,88.1500015258789,86.0,87.62000274658203,78.6336898803711,1762700
2020-05-19,87.19000244140625,87.83999633789062,86.38999938964844,86.69000244140625,77.79907989501953,1328100
2020-05-20,87.02999877929688,87.81999969482422,86.20999908447266,87.30000305175781,78.34651947021484,1428800
2020-05-21,87.0,87.83999633789062,86.55000305175781,86.68000030517578,77.79010009765625,1324400
2020-05-22,86.88999938964844,87.05999755859375,85.62999725341797,86.13999938964844,77.30549621582031,902600
2020-05-26,86.75,88.37000274658203,85.45999908447266,85.69000244140625,76.90162658691406,1380200
2020-05-27,86.7300033569336,86.93000030517578,84.5199966430664,85.9000015258789,77.09009552001953,1430900
2020-05-28,87.51000213623047,89.33000183105469,86.9000015258789,88.97000122070312,79.8452377319336,1705300
2020-05-29,88.54000091552734,91.95999908447266,88.22000122070312,91.7300033569336,82.32217407226562,2355900
2020-06-01,91.63999938964844,93.75,90.87999725341797,93.12999725341797,83.5785903930664,1667100
2020-06-02,93.66000366210938,94.0199966430664,92.44999694824219,93.97000122070312,84.33244323730469,1560800
2020-06-03,93.97000122070312,94.91000366210938,93.3499984741211,93.95999908447266,84.32345581054688,1505400
2020-06-04,93.41999816894531,94.16999816894531,91.1500015258789,92.56999969482422,83.07601928710938,1283600
2020-06-05,93.0999984741211,94.37000274658203,92.69000244140625,92.8499984741211,83.32730102539062,1704700
2020-06-08,92.5199966430664,95.81999969482422,91.6500015258789,95.27999877929688,85.50808715820312,1608800
2020-06-09,94.7300033569336,95.02999877929688,92.25,93.44000244140625,83.8567886352539,1571700
2020-06-10,93.6500015258789,95.08000183105469,93.19000244140625,93.70999908447266,84.09910583496094,1007800
2020-06-11,92.7699966430664,92.86000061035156,90.37000274658203,91.33000183105469,81.96319580078125,1723600
2020-06-12,93.05000305175781,93.12000274658203,89.27999877929688,90.30999755859375,81.04780578613281,2206700
2020-06-15,88.94999694824219,91.66999816894531,88.16000366210938,90.47000122070312,81.19139862060547,1653400
2020-06-16,92.37999725341797,93.0,90.37000274658203,90.81999969482422,81.50550842285156,1705600
2020-06-17,91.16000366210938,91.18000030517578,89.33000183105469,90.41999816894531,81.14652252197266,1430800
2020-06-18,89.9800033569336,90.30999755859375,88.61000061035156,89.86000061035156,80.64396667480469,1431300
2020-06-19,90.9800033569336,90.9800033569336,87.88999938964844,88.06999969482422,79.03754425048828,3852600
2020-06-22,87.83000183105469,88.33000183105469,87.01000213623047,87.8499984741211,78.84009552001953,2243300
2020-06-23,88.73999786376953,88.73999786376953,86.3499984741211,87.08999633789062,78.15805053710938,1611900
2020-06-24,86.38999938964844,87.44000244140625,85.95999908447266,86.79000091552734,77.8888168334961,1812200
2020-06-25,86.52999877929688,86.5999984741211,84.0,85.20999908447266,76.47087097167969,1416500
2020-06-26,84.91000366210938,86.33999633789062,83.83999633789062,85.54000091552734,76.76701354980469,2535600
2020-06-29,86.02999877929688,86.9800033569336,84.9800033569336,86.97000122070312,78.05035400390625,1124700
2020-06-30,87.08000183105469,88.0999984741211,86.5999984741211,87.6500015258789,78.6606216430664,1742900
2020-07-01,87.58000183105469,89.62000274658203,87.4800033569336,89.33000183105469,80.16831970214844,1285000
2020-07-02,89.81999969482422,90.86000061035156,89.66999816894531,90.16999816894531,80.92216491699219,979900
2020-07-06,90.87000274658203,91.62000274658203,89.0199966430664,89.94000244140625,80.71575164794922,1000200
2020-07-07,88.94000244140625,89.62999725341797,88.2699966430664,88.69999694824219,79.60291290283203,1359700
2020-07-08,88.5,89.16999816894531,88.16000366210938,88.73999786376953,79.63882446289062,1230600
2020-07-09,88.30000305175781,88.55999755859375,86.11000061035156,87.47000122070312,78.49906921386719,1396000
2020-07-10,87.69000244140625,88.47000122070312,87.37000274658203,88.05000305175781,79.01959228515625,1341800
2020-07-13,88.02999877929688,88.81999969482422,87.4000015258789,87.72000122070312,78.72344970703125,1678100
2020-07-14,87.91999816894531,88.61000061035156,87.05999755859375,88.0999984741211,79.06444549560547,2166800
2020-07-15,88.77999877929688,89.23999786376953,87.16000366210938,87.45999908447266,78.49009704589844,1353400
2020-07-16,87.69000244140625,88.37999725341797,87.08999633789062,87.76000213623047,78.75932312011719,1343000
2020-07-17,88.20999908447266,91.01000213623047,88.08999633789062,90.52999877929688,81.2452392578125,1777700
2020-07-20,90.0999984741211,91.08999633789062,89.66999816894531,90.13999938964844,80.89524841308594,1382400
2020-07-21,90.37999725341797,91.7300033569336,90.0999984741211,91.13999938964844,81.79269409179688,1515400
2020-07-22,90.94000244140625,93.79000091552734,90.5,93.45999908447266,83.87472534179688,1173300
2020-07-23,93.27999877929688,94.37999725341797,93.18000030517578,93.79000091552734,84.17088317871094,1321500
2020-07-24,94.06999969482422,94.9000015258789,93.0999984741211,93.58999633789062,83.99141693115234,1232800
2020-07-27,93.45999908447266,93.62000274658203,92.55999755859375,93.33999633789062,83.76704406738281,1389200
2020-07-28,92.87000274658203,95.19000244140625,92.77999877929688,94.58000183105469,84.87987518310547,1330800
2020-07-29,95.19999694824219,95.41000366210938,94.26000213623047,94.97000122070312,85.22987365722656,991500
2020-07-30,94.5199966430664,95.55999755859375,94.2300033569336,95.19000244140625,85.42733001708984,922500
2020-07-31,94.79000091552734,95.75,93.95999908447266,95.26000213623047,85.49014282226562,1042500
2020-08-03,95.05000305175781,95.5,92.63999938964844,93.63999938964844,84.03629302978516,991300
2020-08-04,93.4800033569336,96.12999725341797,92.06999969482422,95.11000061035156,85.35551452636719,1673500
2020-08-05,95.25,95.25,92.61000061035156,93.30999755859375,83.74012756347656,1289800
2020-08-06,93.06999969482422,93.75,92.44999694824219,92.98999786376953,83.45294189453125,758300
2020-08-07,92.54000091552734,94.98999786376953,92.54000091552734,94.37000274658203,84.6914291381836,1015600
2020-08-10,94.58999633789062,94.58999633789062,93.30999755859375,93.7300033569336,84.11705017089844,865200
2020-08-11,93.62999725341797,93.81999969482422,90.69000244140625,90.9000015258789,81.57728576660156,955000
2020-08-12,91.37000274658203,93.30999755859375,91.05000305175781,92.2699966430664,82.80677795410156,886000
2020-08-13,91.29000091552734,91.77999877929688,90.75,91.44000244140625,82.62877655029297,851300
2020-08-14,91.45999908447266,92.11000061035156,90.63999938964844,91.20999908447266,82.42094421386719,720500
2020-08-17,91.13999938964844,92.75,90.83999633789062,92.12000274658203,83.24324798583984,1093600
2020-08-18,92.01000213623047,92.62000274658203,91.5199966430664,91.91999816894531,83.06253051757812,784600
2020-08-19,92.13999938964844,92.31999969482422,91.45999908447266,91.72000122070312,82.88177490234375,642500
2020-08-20,91.27999877929688,91.9000015258789,90.72000122070312,91.29000091552734,82.49323272705078,675100
2020-08-21,91.48999786376953,92.06999969482422,90.66000366210938,91.98999786376953,83.12577819824219,1350600
2020-08-24,91.98999786376953,92.30999755859375,90.87000274658203,92.23999786376953,83.3516845703125,1008900
2020-08-25,92.43000030517578,92.63999938964844,91.66999816894531,92.27999877929688,83.3878402709961,1230400
2020-08-26,91.73999786376953,92.80000305175781,91.2699966430664,92.04000091552734,83.17095947265625,1838800
2020-08-27,92.43000030517578,92.9800033569336,91.56999969482422,92.3499984741211,83.45109558105469,1123800
2020-08-28,92.37999725341797,93.7300033569336,91.61000061035156,93.62000274658203,84.59872436523438,1111900
2020-08-31,93.33999633789062,94.41999816894531,93.33999633789062,94.08000183105469,85.01437377929688,1404800
2020-09-01,93.69999694824219,93.75,92.69999694824219,93.58999633789062,84.57160949707031,1165400
2020-09-02,93.72000122070312,97.7699966430664,93.41999816894531,97.41000366210938,88.02349853515625,1690400
2020-09-03,97.70999908447266,98.26000213623047,95.5,96.36000061035156,87.0746841430664,1538000
2020-09-04,96.94999694824219,97.88999938964844,95.69000244140625,96.48999786376953,87.1921615600586,1349800
2020-09-08,96.61000061035156,96.70999908447266,94.63999938964844,95.58999633789062,86.37887573242188,1462400
2020-09-09,96.30000305175781,99.04000091552734,95.97000122070312,97.7699966430664,88.34879302978516,1169700
2020-09-10,97.25,97.66999816894531,95.86000061035156,95.97000122070312,86.7222671508789,1234700
2020-09-11,96.11000061035156,96.30000305175781,94.93000030517578,95.95999908447266,86.71324157714844,1003800
2020-09-14,96.55000305175781,97.7699966430664,95.83000183105469,97.18000030517578,87.8156509399414,755000
2020-09-15,97.79000091552734,99.27999877929688,97.75,99.1500015258789,89.59583282470703,1094700
2020-09-16,99.16999816894531,100.43000030517578,98.08999633789062,98.77999877929688,89.26148223876953,1656500
2020-09-17,98.12000274658203,98.38999938964844,95.58999633789062,96.11000061035156,86.84876251220703,1431200
2020-09-18,95.72000122070312,96.48999786376953,94.11000061035156,94.87000274658203,85.7282485961914,2209300
2020-09-21,94.19000244140625,95.5999984741211,93.4800033569336,94.86000061035156,85.7192153930664,1261200
2020-09-22,94.58999633789062,96.23999786376953,94.26000213623047,95.4000015258789,86.20719909667969,1284300
2020-09-23,95.22000122070312,95.27999877929688,92.91999816894531,93.05999755859375,84.09266662597656,1300200
2020-09-24,93.05999755859375,94.62999725341797,92.76000213623047,94.0,84.94207763671875,798900
2020-09-25,93.51000213623047,96.4000015258789,93.30000305175781,96.30999755859375,87.02947998046875,990600
2020-09-28,96.36000061035156,97.45999908447266,95.72000122070312,96.4800033569336,87.18312072753906,793200
2020-09-29,96.98999786376953,97.54000091552734,96.13999938964844,96.66000366210938,87.34577941894531,879200
2020-09-30,97.0,97.61000061035156,96.37999725341797,96.9000015258789,87.56263732910156,1345900
2020-10-01,96.98999786376953,98.30999755859375,96.87000274658203,98.25,88.78254699707031,996100
2020-10-02,97.66000366210938,98.31999969482422,96.76000213623047,97.70999908447266,88.29460144042969,1218400
2020-10-05,97.93000030517578,98.45999908447266,96.81999969482422,98.13999938964844,88.68313598632812,1149600
2020-10-06,98.1500015258789,99.58000183105469,97.33000183105469,98.51000213623047,89.01750183105469,1486700
2020-10-07,98.77999877929688,99.4800033569336,97.45999908447266,98.05000305175781,88.6018295288086,898700
2020-10-08,98.43000030517578,99.08999633789062,98.16000366210938,99.02999877929688,89.48738098144531,1020100
2020-10-09,99.41999816894531,99.87999725341797,98.62000274658203,99.44000244140625,89.85789489746094,840500
2020-10-12,99.5999984741211,101.0,99.33000183105469,99.83000183105469,90.21029663085938,679700
2020-10-13,99.19000244140625,99.8499984741211,97.66000366210938,99.0999984741211,89.55064392089844,950000
2020-10-14,99.16999816894531,99.76000213623047,98.44000244140625,99.58999633789062,89.99343872070312,862600
2020-10-15,99.12999725341797,100.61000061035156,98.62999725341797,99.95999908447266,90.3277816772461,975400
2020-10-16,100.11000061035156,101.87999725341797,99.91999816894531,101.55999755859375,91.77359771728516,1253600
2020-10-19,102.11000061035156,102.11000061035156,100.01000213623047,100.4000015258789,90.72537994384766,1072700
2020-10-20,100.87000274658203,101.33999633789062,99.94999694824219,100.62999725341797,90.9332275390625,1445100
2020-10-21,100.83000183105469,101.83000183105469,100.44000244140625,101.08999633789062,91.34889221191406,935600
2020-10-22,100.87000274658203,101.9800033569336,100.55000305175781,101.80000305175781,91.990478515625,738800
2020-10-23,102.26000213623047,102.55999755859375,101.5999984741211,102.16000366210938,92.31578063964844,672400
2020-10-26,101.94999694824219,102.44999694824219,100.7300033569336,102.20999908447266,92.36096954345703,616300
2020-10-27,102.33000183105469,103.51000213623047,101.69999694824219,102.47000122070312,92.59591674804688,754300
2020-10-28,101.30999755859375,102.83000183105469,99.61000061035156,99.76000213623047,90.14705657958984,1378300
2020-10-29,99.5199966430664,101.69000244140625,98.2699966430664,100.41999816894531,90.74344635009766,1026000
2020-10-30,99.91999816894531,101.0,99.04000091552734,100.55000305175781,90.86092376708984,1393600
2020-11-02,101.68000030517578,103.47000122070312,101.05999755859375,103.13999938964844,93.20133972167969,1219300
2020-11-03,104.08999633789062,105.3499984741211,103.37999725341797,104.25,94.20439147949219,1499700
2020-11-04,103.77999877929688,105.5999984741211,101.80000305175781,101.80999755859375,91.99950408935547,1483200
2020-11-05,102.72000122070312,104.13999938964844,101.19999694824219,101.5999984741211,91.80976104736328,1556400
2020-11-06,101.95999908447266,103.11000061035156,101.29000091552734,102.36000061035156,92.49651336669922,659400
2020-11-09,104.69999694824219,106.8499984741211,103.62999725341797,103.83000183105469,93.82486724853516,1314900
2020-11-10,103.87999725341797,106.0,103.7699966430664,104.8499984741211,94.74657440185547,1251000
2020-11-11,105.30999755859375,105.97000122070312,103.86000061035156,104.43000030517578,94.36705017089844,1005500
2020-11-12,103.56999969482422,103.58000183105469,101.72000122070312,102.44999694824219,93.14241790771484,909400
2020-11-13,102.9800033569336,103.52999877929688,101.80000305175781,102.13999938964844,92.86058807373047,930100
2020-11-16,103.12000274658203,104.1500015258789,101.93000030517578,104.02999877929688,94.57888793945312,1587500
2020-11-17,102.8499984741211,103.54000091552734,99.97000122070312,100.18000030517578,91.07865142822266,1145700
2020-11-18,100.80000305175781,100.80000305175781,96.68000030517578,96.75,87.96027374267578,1526700
2020-11-19,96.30000305175781,96.36000061035156,94.37999725341797,95.55000305175781,86.8692855834961,1254200
2020-11-20,95.83000183105469,97.29000091552734,95.6500015258789,96.0999984741211,87.36932373046875,1710000
2020-11-23,96.3499984741211,96.5199966430664,95.2300033569336,95.80000305175781,87.0965805053711,1268200
2020-11-24,96.30999755859375,96.58999633789062,95.1500015258789,96.23999786376953,87.4966049194336,1360700
2020-11-25,96.5999984741211,97.37000274658203,94.83000183105469,96.0,87.27841186523438,1412900
2020-11-27,96.05000305175781,96.3499984741211,94.91000366210938,95.73999786376953,87.04202270507812,840100
2020-11-30,95.2300033569336,95.45999908447266,94.12999725341797,94.94999694824219,86.32378387451172,3320300
2020-12-01,95.73999786376953,96.55000305175781,95.16000366210938,95.5999984741211,86.91474151611328,1315600
2020-12-02,95.23999786376953,95.77999877929688,93.93000030517578,95.76000213623047,87.06021118164062,1050200
2020-12-03,95.18000030517578,95.77999877929688,94.0999984741211,94.37999725341797,85.80557250976562,1267500
2020-12-04,94.0999984741211,94.63999938964844,92.75,93.29000091552734,84.8145980834961,925800
2020-12-07,92.88999938964844,94.08999633789062,92.88999938964844,93.6500015258789,85.14190673828125,843600
2020-12-08,93.33999633789062,94.29000091552734,92.61000061035156,93.43000030517578,84.94188690185547,1285800
2020-12-09,93.43000030517578,93.80999755859375,92.08000183105469,92.73999786376953,84.3145751953125,1013200
2020-12-10,92.93000030517578,93.16000366210938,91.44000244140625,91.9800033569336,83.62361907958984,1195900
2020-12-11,91.58999633789062,92.31999969482422,91.1500015258789,92.23999786376953,83.86000061035156,1217500
2020-12-14,92.6500015258789,93.66000366210938,91.55999755859375,91.58000183105469,83.25997161865234,1131400
2020-12-15,92.0,93.75,91.18000030517578,92.91999816894531,84.47822570800781,1120300
2020-12-16,93.0999984741211,94.11000061035156,92.16999816894531,92.2699966430664,83.88727569580078,1167700
2020-12-17,92.7699966430664,93.58000183105469,92.06999969482422,92.22000122070312,83.84181213378906,1203800
2020-12-18,92.2300033569336,92.69999694824219,90.61000061035156,91.31999969482422,83.02359008789062,2501500
2020-12-21,90.37999725341797,90.69000244140625,88.95999908447266,90.05999755859375,81.87804412841797,1278400
2020-12-22,89.97000122070312,90.19999694824219,89.16999816894531,89.47000122070312,81.3416748046875,1009400
2020-12-23,89.86000061035156,90.04000091552734,88.2699966430664,88.68000030517578,80.6234359741211,1331500
2020-12-24,88.7300033569336,89.51000213623047,88.33999633789062,89.43000030517578,81.3052978515625,498900
2020-12-28,90.18000030517578,90.5,89.45999908447266,90.4800033569336,82.25989532470703,955600
2020-12-29,90.58000183105469,91.38999938964844,90.08999633789062,90.30999755859375,82.1053466796875,882600
2020-12-30,90.12999725341797,90.94000244140625,90.12999725341797,90.55000305175781,82.32353210449219,790400
2020-12-31,90.5,92.08000183105469,90.19000244140625,92.02999877929688,83.66908264160156,1177100
2021-01-04,92.0999984741211,92.12999725341797,89.98999786376953,90.37999725341797,82.16898345947266,1532900
2021-01-05,90.36000061035156,90.75,88.97000122070312,90.08999633789062,81.90532684326172,1584200
2021-01-06,89.98999786376953,91.7699966430664,89.4000015258789,91.2300033569336,82.94176483154297,1624200
2021-01-07,91.27999877929688,91.54000091552734,88.11000061035156,88.26000213623047,80.2415771484375,1555000
2021-01-08,88.4800033569336,88.80000305175781,86.94000244140625,87.94999694824219,79.95974731445312,1488600
2021-01-11,87.83000183105469,88.0999984741211,86.05999755859375,86.95999908447266,79.05967712402344,878300
2021-01-12,85.76000213623047,86.48999786376953,84.44000244140625,85.2699966430664,77.52322387695312,1159200
2021-01-13,86.22000122070312,88.2699966430664,85.45999908447266,87.86000061035156,79.87791442871094,1310600
2021-01-14,87.98999786376953,88.12000274658203,86.11000061035156,86.86000061035156,78.96876525878906,1134200
2021-01-15,86.81999969482422,89.01000213623047,86.41000366210938,88.69000244140625,80.63252258300781,1354100
2021-01-19,89.01000213623047,89.23999786376953,87.69999694824219,87.87000274658203,79.88702392578125,1133000
2021-01-20,87.62000274658203,88.77999877929688,87.22000122070312,88.3499984741211,80.32339477539062,1232700
2021-01-21,87.66000366210938,88.30999755859375,87.31999969482422,87.83000183105469,79.85066986083984,999800
2021-01-22,87.94999694824219,87.94999694824219,86.83000183105469,87.37999725341797,79.4415283203125,1189000
2021-01-25,87.18000030517578,89.9000015258789,86.81999969482422,89.44000244140625,81.31438446044922,1306600
2021-01-26,89.13999938964844,89.68000030517578,87.58999633789062,89.33999633789062,81.22344207763672,1170400
2021-01-27,88.91999816894531,93.05000305175781,88.54000091552734,90.83999633789062,82.58719635009766,3078100
2021-01-28,90.55999755859375,92.30000305175781,89.4800033569336,89.5,81.36893463134766,1622400
2021-01-29,89.05999755859375,90.13999938964844,88.19000244140625,88.9000015258789,80.82344818115234,1163500
2021-02-01,89.23999786376953,89.61000061035156,87.91000366210938,88.55000305175781,80.50523376464844,887400
2021-02-02,88.62999725341797,89.44000244140625,87.55000305175781,87.79000091552734,79.81428527832031,1261300
2021-02-03,87.61000061035156,87.94999694824219,86.75,87.22000122070312,79.29608917236328,1307900
2021-02-04,87.18000030517578,88.19999694824219,86.05000305175781,86.75,78.8687744140625,1578800
2021-02-05,87.19999694824219,88.0999984741211,86.5,86.81999969482422,78.9323959350586,1324100
2021-02-08,86.73999786376953,86.81999969482422,85.05000305175781,85.16999816894531,77.43229675292969,1012900
2021-02-09,85.45999908447266,85.80999755859375,84.19000244140625,85.45999908447266,77.69597625732422,1001000
2021-02-10,86.19000244140625,86.9000015258789,85.01000213623047,85.88999938964844,78.08689880371094,1160400
2021-02-11,85.06999969482422,85.55000305175781,83.81999969482422,83.94999694824219,76.93040466308594,1144300
2021-02-12,83.69999694824219,84.06999969482422,82.43000030517578,83.05000305175781,76.10568237304688,1262500
2021-02-16,82.91999816894531,82.93000030517578,80.80999755859375,81.18000030517578,74.39203643798828,1497100
2021-02-17,81.41999816894531,82.27999877929688,81.30999755859375,82.02999877929688,75.17095947265625,1142300
2021-02-18,82.23999786376953,83.81999969482422,81.81999969482422,83.4800033569336,76.4997329711914,1938500
2021-02-19,83.4800033569336,83.93000030517578,82.75,83.2300033569336,76.27064514160156,2412400
2021-02-22,83.11000061035156,83.43000030517578,81.36000061035156,82.04000091552734,75.18013763427734,1818700
2021-02-23,82.63999938964844,84.69000244140625,82.12000274658203,84.0199966430664,76.99456787109375,2056200
2021-02-24,83.62000274658203,83.69999694824219,81.88999938964844,81.93000030517578,75.07930755615234,1552200
2021-02-25,81.77999877929688,82.22000122070312,80.55000305175781,81.77999877929688,74.94186401367188,1646800
2021-02-26,82.01000213623047,83.80999755859375,80.62000274658203,80.63999938964844,73.8971939086914,2261800
2021-03-01,81.23999786376953,84.12999725341797,81.06999969482422,82.79000091552734,75.8674087524414,2062500
2021-03-02,82.79000091552734,83.33999633789062,81.69999694824219,83.02999877929688,76.08735656738281,1530300
2021-03-03,82.48999786376953,82.83999633789062,80.7300033569336,82.26000213623047,75.3817367553711,1061100
2021-03-04,83.0999984741211,84.68000030517578,82.05999755859375,82.27999877929688,75.40006256103516,1397700
2021-03-05,82.31999969482422,85.11000061035156,82.23999786376953,84.4800033569336,77.41610717773438,1386600
2021-03-08,85.05000305175781,86.9000015258789,84.44000244140625,86.33000183105469,79.11141967773438,1428600
2021-03-09,86.22000122070312,87.30000305175781,86.18000030517578,86.75,79.49629974365234,1182800
2021-03-10,86.69000244140625,88.05000305175781,86.19999694824219,87.22000122070312,79.92700958251953,1175500
2021-03-11,86.66999816894531,87.83999633789062,86.58999633789062,86.86000061035156,79.59709167480469,938700
2021-03-12,87.2300033569336,88.80000305175781,86.7699966430664,88.48999786376953,81.09080505371094,925500
2021-03-15,88.83000183105469,89.72000122070312,88.41000366210938,88.91000366210938,81.47569274902344,1151700
2021-03-16,88.47000122070312,89.23999786376953,88.41000366210938,88.88999938964844,81.45735931396484,892900
2021-03-17,89.1500015258789,89.1500015258789,87.33000183105469,87.44999694824219,80.13776397705078,1357200
2021-03-18,87.68000030517578,88.26000213623047,85.91999816894531,88.04000091552734,80.67842864990234,1459100
2021-03-19,88.05999755859375,89.58999633789062,87.58000183105469,88.81999969482422,81.3932113647461,4303100
2021-03-22,88.45999908447266,88.91000366210938,87.69000244140625,88.76000213623047,81.33824157714844,1110800
2021-03-23,88.94000244140625,92.37999725341797,88.5199966430664,92.37000274658203,84.6463851928711,1958800
2021-03-24,91.4800033569336,92.61000061035156,90.83000183105469,91.94999694824219,84.26148986816406,2019100
2021-03-25,92.8499984741211,94.58000183105469,92.19999694824219,93.19000244140625,85.39779663085938,2338500
2021-03-26,93.0199966430664,93.26000213623047,91.43000030517578,93.02999877929688,85.25119018554688,1207300
2021-03-29,93.08999633789062,95.13999938964844,92.9800033569336,94.79000091552734,86.86402893066406,1113100
2021-03-30,94.3499984741211,94.52999877929688,92.62000274658203,93.38999938964844,85.5810775756836,899800
2021-03-31,93.2699966430664,93.86000061035156,92.91999816894531,93.58999633789062,85.76435852050781,1381700
2021-04-01,93.33000183105469,93.4800033569336,92.11000061035156,93.31999969482422,85.51692962646484,940200
2021-04-05,93.33000183105469,94.41999816894531,93.12000274658203,93.80999755859375,85.96595764160156,1058000
2021-04-06,93.30000305175781,93.91999816894531,92.51000213623047,93.80000305175781,85.95680236816406,697600
2021-04-07,93.9800033569336,94.5,92.91000366210938,93.41999816894531,85.60856628417969,1026700
2021-04-08,93.81999969482422,94.05000305175781,92.7699966430664,92.86000061035156,85.09540557861328,1016200
2021-04-09,92.7699966430664,93.27999877929688,91.95999908447266,92.3499984741211,84.62804412841797,1045300
2021-04-12,92.97000122070312,93.6500015258789,92.37000274658203,92.94999694824219,85.1778793334961,1284600
2021-04-13,92.44000244140625,94.13999938964844,92.12000274658203,94.05000305175781,86.18589782714844,1124700
2021-04-14,93.54000091552734,94.12000274658203,92.97000122070312,93.98999786376953,86.13091278076172,821300
2021-04-15,93.98999786376953,96.13999938964844,93.98999786376953,95.94000244140625,87.9178695678711,1204400
2021-04-16,96.23999786376953,97.41000366210938,96.05999755859375,96.95999908447266,88.85257720947266,1187000
2021-04-19,97.19000244140625,97.47000122070312,96.36000061035156,96.8499984741211,88.75177001953125,1194700
2021-04-20,97.02999877929688,99.86000061035156,96.86000061035156,99.1500015258789,90.85946655273438,1304100
2021-04-21,99.41000366210938,99.86000061035156,97.20999908447266,97.27999877929688,89.14580535888672,1158400
2021-04-22,97.01000213623047,97.56999969482422,96.31999969482422,97.16000366210938,89.03585052490234,883600
2021-04-23,97.3499984741211,97.62999725341797,96.55000305175781,96.79000091552734,88.69679260253906,762200
2021-04-26,96.69000244140625,96.72000122070312,95.54000091552734,95.80000305175781,87.78956604003906,825900
2021-04-27,95.72000122070312,96.01000213623047,94.95999908447266,94.9800033569336,87.03812408447266,799700
2021-04-28,95.31999969482422,95.55999755859375,94.5,94.66000366210938,86.74488830566406,770200
2021-04-29,94.62999725341797,95.91000366210938,94.62999725341797,95.75,87.7437515258789,1137300
2021-04-30,96.29000091552734,97.25,95.43000030517578,97.16999816894531,89.04502868652344,1073300
2021-05-03,96.4800033569336,98.9000015258789,95.43000030517578,98.0,89.80561065673828,1450300
2021-05-04,97.91999816894531,98.77999877929688,97.30999755859375,97.86000061035156,89.67732238769531,1382500
2021-05-05,97.58000183105469,97.88999938964844,95.4800033569336,96.55999755859375,88.48601531982422,1244100
2021-05-06,97.0199966430664,98.1500015258789,96.4800033569336,97.94999694824219,89.75979614257812,1233600
2021-05-07,97.94000244140625,98.7699966430664,97.58000183105469,97.63999938964844,89.47571563720703,847900
2021-05-10,98.0,99.63999938964844,97.80999755859375,99.26000213623047,90.96026611328125,1712600
2021-05-11,99.4800033569336,99.7699966430664,95.72000122070312,96.44000244140625,88.37605285644531,1533700
2021-05-12,96.66000366210938,96.66999816894531,94.94000244140625,95.0199966430664,87.07477569580078,1323000
2021-05-13,94.45999908447266,96.5199966430664,94.08999633789062,95.83999633789062,88.4573974609375,1005600
2021-05-14,96.23999786376953,97.30000305175781,96.01000213623047,96.19999694824219,88.78965759277344,754700
2021-05-17,96.23999786376953,97.1500015258789,95.6500015258789,95.76000213623047,88.38357543945312,901200
2021-05-18,95.29000091552734,95.9000015258789,94.66000366210938,95.4000015258789,88.0512924194336,1427300
2021-05-19,95.38999938964844,95.58000183105469,94.33000183105469,94.87000274658203,87.5621109008789,1202300
2021-05-20,94.88999938964844,96.2699966430664,94.87000274658203,95.5199966430664,88.16204833984375,1032200
2021-05-21,95.5,96.76000213623047,95.44999694824219,96.22000122070312,88.80812072753906,2639000
2021-05-24,96.69000244140625,97.08000183105469,95.33000183105469,95.36000061035156,88.01436614990234,1643500
2021-05-25,95.41000366210938,95.83999633789062,93.75,94.20999908447266,86.95295715332031,1628900
2021-05-26,94.0,94.36000061035156,93.76000213623047,93.98999786376953,86.7499008178711,1109300
2021-05-27,94.0,94.30000305175781,93.19999694824219,93.3499984741211,86.1592025756836,1759100
2021-05-28,93.72000122070312,94.30000305175781,93.51000213623047,93.91000366210938,86.67607116699219,1001800
2021-06-01,94.1500015258789,94.33999633789062,92.69999694824219,92.97000122070312,85.80847930908203,1317000
2021-06-02,93.25,94.26000213623047,92.72000122070312,93.18000030517578,86.00230407714844,1742400
2021-06-03,92.68000030517578,94.23999786376953,92.55999755859375,93.83000183105469,86.60224151611328,1365700
2021-06-04,94.13999938964844,94.36000061035156,93.4000015258789,93.58999633789062,86.38070678710938,808200
2021-06-07,93.70999908447266,93.88999938964844,93.23999786376953,93.55999755859375,86.35302734375,800300
2021-06-08,93.48999786376953,93.75,91.16000366210938,91.93000030517578,84.84858703613281,1309500
2021-06-09,92.41999816894531,93.0999984741211,91.98999786376953,92.91000366210938,85.75310516357422,864800
2021-06-10,92.55999755859375,93.29000091552734,92.43000030517578,93.12999725341797,85.95613861083984,731000
2021-06-11,93.12999725341797,93.12999725341797,92.26000213623047,92.9000015258789,85.7438735961914,639400
2021-06-14,92.73999786376953,92.97000122070312,92.06999969482422,92.69000244140625,85.55004119873047,971100
2021-06-15,92.7699966430664,93.62000274658203,92.33999633789062,93.0999984741211,85.92845153808594,1139900
2021-06-16,93.58999633789062,93.5999984741211,91.87999725341797,91.93000030517578,84.84858703613281,1194200
2021-06-17,91.56999969482422,92.69999694824219,91.33000183105469,92.37999725341797,85.26392364501953,1033100
2021-06-18,91.9800033569336,91.9800033569336,89.20999908447266,89.43000030517578,82.54116821289062,2003200
2021-06-21,89.79000091552734,90.91999816894531,89.27999877929688,90.66999816894531,83.68563842773438,1422900
2021-06-22,90.66000366210938,91.13999938964844,90.11000061035156,90.16999816894531,83.22415924072266,1814600
2021-06-23,90.2300033569336,90.2300033569336,88.91000366210938,88.97000122070312,82.11659240722656,1074800
2021-06-24,89.08000183105469,89.52999877929688,88.63999938964844,89.08000183105469,82.21813201904297,699600
2021-06-25,89.08000183105469,90.1500015258789,88.83999633789062,90.0999984741211,83.1595458984375,1064400
2021-06-28,90.19999694824219,91.58000183105469,90.05999755859375,90.95999908447266,83.95329284667969,1298700
2021-06-29,90.44999694824219,91.05999755859375,88.80999755859375,89.0199966430664,82.1627426147461,1202700
2021-06-30,89.05000305175781,89.20999908447266,88.43000030517578,88.94999694824219,82.09813690185547,1500400
2021-07-01,89.08000183105469,90.5,88.5199966430664,90.19000244140625,83.24260711669922,1135300
2021-07-02,90.26000213623047,90.3499984741211,89.66999816894531,90.0199966430664,83.0857162475586,1145500
2021-07-06,90.0,90.70999908447266,88.5999984741211,90.69999694824219,83.71333312988281,891500
2021-07-07,90.5999984741211,91.9000015258789,89.97000122070312,91.79000091552734,84.7193832397461,1057300
2021-07-08,91.76000213623047,92.8499984741211,91.55999755859375,92.20999908447266,85.10701751708984,1245600
2021-07-09,92.31999969482422,92.5999984741211,91.13999938964844,91.83999633789062,84.76551055908203,1224300
2021-07-12,91.66999816894531,92.68000030517578,91.41999816894531,92.37000274658203,85.25469970703125,676600
2021-07-13,92.45999908447266,92.8499984741211,91.41999816894531,91.88999938964844,84.81166076660156,744300
2021-07-14,91.88999938964844,93.66999816894531,91.48999786376953,93.1500015258789,85.974609375,862300
2021-07-15,92.94999694824219,94.86000061035156,92.94999694824219,94.75,87.45137023925781,1189200
2021-07-16,94.87000274658203,96.0,94.4800033569336,95.44000244140625,88.08821105957031,1216500
2021-07-19,95.37999725341797,96.72000122070312,93.08999633789062,94.2300033569336,86.97142028808594,1780300
2021-07-20,94.0,95.66999816894531,93.36000061035156,93.81999969482422,86.59300994873047,1165200
2021-07-21,93.80000305175781,93.86000061035156,92.05999755859375,92.0999984741211,85.0054931640625,898900
2021-07-22,92.11000061035156,92.81999969482422,91.93000030517578,92.47000122070312,85.34700012207031,801200
2021-07-23,92.73999786376953,94.12000274658203,92.51000213623047,94.02999877929688,86.78681945800781,565400
2021-07-26,93.81999969482422,94.5199966430664,93.16999816894531,94.16000366210938,86.90681457519531,1109500
2021-07-27,94.33999633789062,96.66000366210938,93.83999633789062,96.5,89.06655883789062,1294300
2021-07-28,96.25,96.25,93.80000305175781,94.44000244140625,87.16524505615234,1425200
2021-07-29,94.66000366210938,94.87999725341797,93.8499984741211,94.58000183105469,87.29444885253906,832300
2021-07-30,94.66999816894531,95.3499984741211,93.94000244140625,94.13999938964844,86.88835144042969,1177100
2021-08-02,94.08000183105469,95.29000091552734,93.91000366210938,94.69999694824219,87.40520477294922,1385800
2021-08-03,94.5,97.08000183105469,94.33000183105469,95.61000061035156,88.2451171875,1236200
2021-08-04,95.30000305175781,95.91000366210938,94.02999877929688,95.83000183105469,88.44817352294922,1243500
2021-08-05,95.93000030517578,96.54000091552734,95.1500015258789,96.4800033569336,89.048095703125,743600
2021-08-06,96.41999816894531,96.9000015258789,95.73999786376953,96.30999755859375,88.89119720458984,781900
2021-08-09,96.16999816894531,96.5999984741211,95.55999755859375,96.33000183105469,88.90966033935547,835700
2021-08-10,96.47000122070312,96.47000122070312,95.5999984741211,96.0999984741211,88.6973648071289,566400
2021-08-11,96.31999969482422,97.05999755859375,96.18000030517578,96.41000366210938,88.9834976196289,597000
2021-08-12,95.9000015258789,96.38999938964844,95.56999969482422,95.5999984741211,88.86080169677734,455900
2021-08-13,95.56999969482422,96.44999694824219,95.52999877929688,96.20999908447266,89.42778778076172,502400
2021-08-16,96.4000015258789,97.38999938964844,96.0,97.18000030517578,90.32940673828125,1059100
2021-08-17,97.12999725341797,97.75,96.44000244140625,97.36000061035156,90.49673461914062,1194400
2021-08-18,97.3499984741211,97.3499984741211,95.81999969482422,96.45999908447266,89.66017150878906,1192500
2021-08-19,96.77999877929688,97.73999786376953,96.55000305175781,96.97000122070312,90.13422393798828,888400
2021-08-20,96.81999969482422,98.04000091552734,96.30000305175781,97.58999633789062,90.71051025390625,922700
2021-08-23,97.55000305175781,97.55000305175781,95.66999816894531,95.79000091552734,89.03739929199219,1133600
2021-08-24,95.58999633789062,95.6500015258789,94.05000305175781,94.44999694824219,87.79186248779297,778500
2021-08-25,94.25,94.94999694824219,93.80999755859375,94.66000366210938,87.987060546875,1004900
2021-08-26,94.5999984741211,94.83999633789062,94.0,94.37999725341797,87.72679138183594,785100
2021-08-27,94.51000213623047,94.62999725341797,93.94999694824219,94.41000366210938,87.75468444824219,691900
2021-08-30,94.29000091552734,95.2699966430664,94.16999816894531,95.0199966430664,88.3216781616211,568700
2021-08-31,94.75,95.4000015258789,94.01000213623047,94.4800033569336,87.81974792480469,1032800
2021-09-01,94.81999969482422,96.23999786376953,94.29000091552734,95.9000015258789,89.13964080810547,1026600
2021-09-02,96.05999755859375,96.80999755859375,96.0,96.80000305175781,89.97620391845703,978400
2021-09-03,96.80999755859375,96.94999694824219,95.86000061035156,96.08000183105469,89.30696105957031,708900
2021-09-07,95.94000244140625,96.16000366210938,94.01000213623047,94.05999755859375,87.42935180664062,966500
2021-09-08,94.13999938964844,96.58000183105469,93.9000015258789,96.41999816894531,89.62298583984375,795400
2021-09-09,96.36000061035156,96.5199966430664,95.55999755859375,95.98999786376953,89.22329711914062,904700
2021-09-10,95.88999938964844,95.88999938964844,94.54000091552734,94.88999938964844,88.20084381103516,915200
2021-09-13,95.6500015258789,95.6500015258789,93.58999633789062,93.68000030517578,87.0761489868164,790700
2021-09-14,93.73999786376953,94.38999938964844,93.2699966430664,93.41999816894531,86.83446502685547,846700
2021-09-15,93.26000213623047,93.66000366210938,91.62999725341797,92.0199966430664,85.53315734863281,1214500
2021-09-16,92.08999633789062,92.69000244140625,91.16999816894531,91.58000183105469,85.12419128417969,1281300
2021-09-17,91.02999877929688,91.76000213623047,90.66999816894531,90.75,84.3526840209961,2301200
2021-09-20,90.76000213623047,91.91000366210938,90.0999984741211,90.98999786376953,84.57576751708984,1057000
2021-09-21,91.19999694824219,92.06999969482422,90.9000015258789,91.37999725341797,84.93828582763672,1232200
2021-09-22,91.55999755859375,91.80999755859375,90.58999633789062,91.2300033569336,84.7988510131836,893900
2021-09-23,91.43000030517578,91.87000274658203,90.02999877929688,90.27999877929688,83.91580963134766,1226800
2021-09-24,90.33999633789062,91.26000213623047,89.94000244140625,90.0,83.65556335449219,1005600
2021-09-27,90.0,90.83999633789062,88.22000122070312,88.33000183105469,82.10327911376953,830600
2021-09-28,88.3499984741211,88.47000122070312,86.95999908447266,87.7699966430664,81.58274841308594,1217000
2021-09-29,87.68000030517578,89.58000183105469,87.51000213623047,89.01000213623047,82.7353515625,944300
2021-09-30,89.05000305175781,89.18000030517578,87.87999725341797,88.19999694824219,81.98245239257812,1203900
2021-10-01,88.75,88.9000015258789,87.47000122070312,87.62000274658203,81.44334411621094,1110500
2021-10-04,87.38999938964844,89.70999908447266,87.37000274658203,89.37000274658203,83.06997680664062,1340900
2021-10-05,89.19999694824219,89.37999725341797,88.43000030517578,88.88999938964844,82.62380981445312,940500
2021-10-06,88.91000366210938,90.63999938964844,88.30999755859375,90.58000183105469,84.19467163085938,798600
2021-10-07,90.66999816894531,91.44999694824219,89.5199966430664,89.72000122070312,83.39529418945312,679600
2021-10-08,89.61000061035156,89.73999786376953,88.6500015258789,88.80999755859375,82.54944610595703,674000
2021-10-11,88.54000091552734,88.79000091552734,87.16999816894531,87.33000183105469,81.17378234863281,879400
2021-10-12,87.33000183105469,87.94000244140625,87.18000030517578,87.81999969482422,81.62924194335938,918100
2021-10-13,87.81999969482422,89.01000213623047,87.08999633789062,88.9800033569336,82.70745849609375,1049100
2021-10-14,89.37000274658203,90.41000366210938,89.29000091552734,89.9000015258789,83.56260681152344,1027700
2021-10-15,90.25,90.56999969482422,89.48999786376953,90.06999969482422,83.72062683105469,1273400
2021-10-18,89.25,89.69000244140625,88.47000122070312,88.83999633789062,82.57733154296875,872300
2021-10-19,89.91000366210938,90.0199966430664,89.16000366210938,89.86000061035156,83.52542877197266,961800
2021-10-20,90.0,91.73999786376953,90.0,91.05999755859375,84.64083862304688,782200
2021-10-21,91.45999908447266,91.56999969482422,90.91999816894531,91.20999908447266,84.78025817871094,621800
2021-10-22,91.51000213623047,91.9800033569336,91.20999908447266,91.66000366210938,85.19853973388672,500700
2021-10-25,91.37999725341797,91.4000015258789,90.2300033569336,90.37999725341797,84.00877380371094,681500
2021-10-26,90.55000305175781,91.62999725341797,90.16999816894531,90.75,84.3526840209961,776200
2021-10-27,91.30000305175781,91.33999633789062,89.81999969482422,89.97000122070312,83.62767791748047,679900
2021-10-28,89.86000061035156,90.55000305175781,89.54000091552734,90.51000213623047,84.1296157836914,806600
2021-10-29,90.51000213623047,91.29000091552734,89.61000061035156,90.05999755859375,83.7113265991211,1157300
2021-11-01,89.97000122070312,90.4800033569336,89.29000091552734,90.33999633789062,83.97158813476562,970600
2021-11-02,90.69000244140625,91.4800033569336,89.97000122070312,90.88999938964844,84.48281860351562,1489800
2021-11-03,90.88999938964844,91.94000244140625,88.73999786376953,89.87000274658203,83.53472900390625,1030500
2021-11-04,89.95999908447266,90.23999786376953,88.72000122070312,89.72000122070312,83.39529418945312,1365700
2021-11-05,89.80000305175781,91.1500015258789,89.73999786376953,90.87000274658203,84.4642333984375,827300
2021-11-08,90.87000274658203,90.87000274658203,88.69999694824219,88.94999694824219,82.6795883178711,1741000
2021-11-09,89.37999725341797,90.41000366210938,89.01000213623047,89.79000091552734,83.46035766601562,998700
2021-11-10,89.4800033569336,90.66999816894531,89.23999786376953,90.63999938964844,84.89144897460938,797000
2021-11-11,90.29000091552734,90.5999984741211,88.94000244140625,89.04000091552734,83.39292907714844,1038400
2021-11-12,89.19000244140625,89.44000244140625,88.5,88.75,83.12133026123047,1405300
2021-11-15,89.2699966430664,90.55999755859375,88.83000183105469,90.55000305175781,84.80716705322266,1017600
2021-11-16,90.55000305175781,90.87000274658203,89.94000244140625,90.16000366210938,84.44190979003906,998200
2021-11-17,89.83999633789062,90.94999694824219,89.41999816894531,90.80000305175781,85.04131317138672,770500
2021-11-18,90.6500015258789,90.76000213623047,89.61000061035156,90.12999725341797,84.4137954711914,710100
2021-11-19,90.5,90.80000305175781,90.06999969482422,90.5199966430664,84.77906799316406,1168300
2021-11-22,90.37000274658203,91.91000366210938,90.06999969482422,91.5199966430664,85.71564483642578,826900
2021-11-23,91.69000244140625,91.88999938964844,90.87999725341797,91.0,85.22863006591797,956900
2021-11-24,91.04000091552734,91.16999816894531,90.23999786376953,90.69000244140625,84.93829345703125,791300
2021-11-26,90.41000366210938,91.20999908447266,89.02999877929688,89.16999816894531,83.51467895507812,733900
2021-11-29,89.55000305175781,90.83999633789062,88.91000366210938,90.48999786376953,84.75096893310547,1062700
2021-11-30,89.61000061035156,90.22000122070312,86.83999633789062,86.93000030517578,81.41674041748047,3677100
2021-12-01,87.33999633789062,89.68000030517578,86.9000015258789,87.68000030517578,82.11918640136719,1831800
2021-12-02,87.95999908447266,89.5199966430664,87.93000030517578,88.87000274658203,83.23371124267578,1448200
2021-12-03,88.94999694824219,91.37000274658203,88.5,91.16999816894531,85.3878402709961,1499700
2021-12-06,92.0,93.38999938964844,91.58999633789062,92.26000213623047,86.4087142944336,1385700
2021-12-07,92.01000213623047,92.88999938964844,91.54000091552734,92.33999633789062,86.483642578125,1122700
2021-12-08,92.33000183105469,93.19999694824219,91.70999908447266,92.55999755859375,86.68968200683594,1006900
2021-12-09,92.81999969482422,93.43000030517578,91.55000305175781,92.80000305175781,86.9144515991211,903400
2021-12-10,93.2300033569336,93.8499984741211,92.62000274658203,93.4800033569336,87.55133819580078,1446500
2021-12-13,93.56999969482422,95.62000274658203,93.56999969482422,95.11000061035156,89.07794952392578,1637200
2021-12-14,95.0999984741211,95.37999725341797,94.5199966430664,94.76000213623047,88.75016021728516,2062400
2021-12-15,94.9800033569336,97.08000183105469,94.9800033569336,96.9800033569336,90.82936096191406,2473600
2021-12-16,96.63999938964844,98.80000305175781,96.4800033569336,98.36000061035156,92.1218490600586,1812600
2021-12-17,97.83999633789062,98.69999694824219,96.23999786376953,96.29000091552734,90.1831283569336,2879100
2021-12-20,95.80999755859375,96.5199966430664,94.87999725341797,96.2699966430664,90.16439056396484,1179200
2021-12-21,96.66000366210938,97.0199966430664,94.27999877929688,94.7300033569336,88.7220687866211,1413200
2021-12-22,94.43000030517578,95.38999938964844,94.06999969482422,94.7699966430664,88.75952911376953,657200
2021-12-23,94.9000015258789,95.26000213623047,94.41999816894531,94.6500015258789,88.64713287353516,733400
2021-12-27,94.77999877929688,95.37000274658203,94.38999938964844,95.27999877929688,89.2371826171875,673600
2021-12-28,95.58999633789062,96.52999877929688,95.08000183105469,96.5,90.37979888916016,651700
2021-12-29,96.6500015258789,97.08999633789062,96.3499984741211,96.91999816894531,90.77315521240234,556700
2021-12-30,97.19000244140625,97.20999908447266,96.41000366210938,97.12000274658203,90.96049499511719,503500
2021-12-31,97.18000030517578,97.5,96.30000305175781,97.06999969482422,90.91365814208984,624500
2022-01-03,97.11000061035156,97.11000061035156,94.95999908447266,96.08999633789062,89.99580383300781,1215400
2022-01-04,95.88999938964844,96.98999786376953,95.56999969482422,95.8499984741211,89.77104187011719,1135200
2022-01-05,95.66000366210938,97.76000213623047,95.66000366210938,96.95999908447266,90.81061553955078,1094400
2022-01-06,97.48999786376953,97.95999908447266,96.23999786376953,96.3499984741211,90.23931884765625,961400
2022-01-07,96.26000213623047,97.69000244140625,95.52999877929688,97.20999908447266,91.04476928710938,1205500
2022-01-10,97.2300033569336,97.75,96.45999908447266,96.9000015258789,90.75444030761719,1193500
2022-01-11,97.12000274658203,97.30000305175781,94.80000305175781,95.31999969482422,89.27464294433594,1100600
2022-01-12,94.7300033569336,95.9000015258789,94.16999816894531,95.69999694824219,89.63053131103516,1228900
2022-01-13,96.2699966430664,97.30000305175781,95.80999755859375,97.27999877929688,91.11033630371094,1107300
2022-01-14,96.9800033569336,97.44000244140625,95.7699966430664,96.25,90.1456527709961,1185400
2022-01-18,95.69000244140625,95.97000122070312,94.02999877929688,95.7699966430664,89.69609832763672,1342100
2022-01-19,96.01000213623047,97.22000122070312,95.20999908447266,96.02999877929688,89.93962097167969,1877700
2022-01-20,96.16999816894531,97.25,95.80999755859375,96.66999816894531,90.53901672363281,1409300
2022-01-21,97.66999816894531,98.72000122070312,96.58999633789062,96.98999786376953,90.83873748779297,1795300
2022-01-24,95.6500015258789,97.16000366210938,92.88999938964844,95.12999725341797,89.09669494628906,1786600
2022-01-25,94.43000030517578,95.30999755859375,93.62999725341797,94.75,88.74079895019531,1267200
2022-01-26,94.5,95.55999755859375,93.37000274658203,94.11000061035156,88.14137268066406,1469100
2022-01-27,94.58999633789062,96.36000061035156,94.37000274658203,95.11000061035156,89.07794952392578,1309600
2022-01-28,94.83000183105469,96.66999816894531,94.41999816894531,96.56999969482422,90.44535827636719,1107300
2022-01-31,95.63999938964844,97.22000122070312,95.54000091552734,97.04000091552734,90.88555908203125,1221400
2022-02-01,96.94000244140625,97.2699966430664,94.30999755859375,95.16000366210938,89.12479400634766,1815200
2022-02-02,94.9800033569336,96.51000213623047,94.9000015258789,96.12000274658203,90.02391052246094,1820700
2022-02-03,96.72000122070312,98.0999984741211,95.4000015258789,95.69000244140625,89.62117004394531,1925600
2022-02-04,95.04000091552734,96.01000213623047,93.94000244140625,94.63999938964844,88.63777160644531,1596400
2022-02-07,94.58999633789062,95.16000366210938,93.79000091552734,94.72000122070312,88.71269989013672,1519100
2022-02-08,95.29000091552734,95.4000015258789,94.27999877929688,94.47000122070312,88.47854614257812,1205400
2022-02-09,95.0199966430664,95.36000061035156,93.91000366210938,94.31999969482422,88.33806610107422,1432600
2022-02-10,93.41999816894531,93.93000030517578,91.58000183105469,92.0,86.16520690917969,1542800
2022-02-11,91.75,92.18000030517578,90.69000244140625,91.20999908447266,86.10667419433594,2294600
2022-02-14,91.19999694824219,91.62999725341797,88.81999969482422,89.62999725341797,84.61506652832031,1942600
2022-02-15,90.0199966430664,90.37999725341797,88.69000244140625,88.9000015258789,83.92591857910156,2101700
2022-02-16,89.20999908447266,89.66999816894531,88.37000274658203,89.12000274658203,84.13360595703125,2468900
2022-02-17,89.22000122070312,89.80999755859375,88.33000183105469,89.38999938964844,84.38849639892578,1430000
2022-02-18,89.02999877929688,90.68000030517578,89.02999877929688,90.0,84.9643783569336,1632600
2022-02-22,90.38999938964844,90.5199966430664,89.29000091552734,89.79000091552734,84.76612091064453,1534400
2022-02-23,89.79000091552734,90.16999816894531,88.1500015258789,88.33999633789062,83.39724731445312,1635300
2022-02-24,88.02999877929688,88.79000091552734,87.13999938964844,88.68000030517578,83.71822357177734,2795100
2022-02-25,89.30000305175781,91.26000213623047,89.25,90.8499984741211,85.76680755615234,2189200
2022-02-28,90.26000213623047,90.9800033569336,89.94000244140625,90.87999725341797,85.79513549804688,1720000
2022-03-01,91.0,91.62000274658203,88.68000030517578,89.30999755859375,84.31298065185547,2013000
2022-03-02,89.16999816894531,90.93000030517578,89.08000183105469,90.58999633789062,85.52135467529297,1658900
2022-03-03,90.93000030517578,92.91999816894531,90.91999816894531,92.44999694824219,87.27729797363281,1372800
2022-03-04,92.05000305175781,94.66999816894531,91.80000305175781,94.61000061035156,89.31643676757812,1960200
2022-03-07,94.6500015258789,95.69999694824219,93.61000061035156,95.44999694824219,90.10942840576172,1962500
2022-03-08,95.69000244140625,96.02999877929688,93.8499984741211,94.0,88.74056243896484,1881500
2022-03-09,94.72000122070312,94.83000183105469,92.4800033569336,92.5999984741211,87.41889953613281,1613400
2022-03-10,92.1500015258789,93.75,92.0199966430664,93.55999755859375,88.32518005371094,2039300
2022-03-11,93.52999877929688,94.87999725341797,93.52999877929688,93.86000061035156,88.6083984375,1270300
2022-03-14,94.38999938964844,95.01000213623047,93.47000122070312,93.77999877929688,88.53288269042969,1582300
2022-03-15,94.9000015258789,94.9800033569336,93.68000030517578,94.58999633789062,89.29755401611328,1800900
2022-03-16,94.58999633789062,94.75,93.19000244140625,94.5999984741211,89.30699920654297,2090400
2022-03-17,94.73999786376953,96.30000305175781,94.56999969482422,95.79000091552734,90.430419921875,2357000
2022-03-18,95.55000305175781,96.13999938964844,94.44000244140625,94.68000030517578,89.38253021240234,2803800
2022-03-21,94.8499984741211,96.37999725341797,94.8499984741211,95.69999694824219,90.3454360961914,1172900
2022-03-22,95.98999786376953,96.05000305175781,94.66000366210938,95.37000274658203,90.03392791748047,1612600
2022-03-23,95.37999725341797,96.05999755859375,94.66999816894531,95.4800033569336,90.13776397705078,1484500
2022-03-24,95.80000305175781,97.05000305175781,95.47000122070312,96.61000061035156,91.20453643798828,1301300
2022-03-25,96.9000015258789,98.11000061035156,96.73999786376953,98.06999969482422,92.58283996582031,1078900
2022-03-28,98.11000061035156,98.55999755859375,97.5,98.55000305175781,93.03600311279297,803400
2022-03-29,98.9800033569336,99.19999694824219,97.9000015258789,99.18000030517578,93.6307373046875,1360300
2022-03-30,99.5,100.30000305175781,99.18000030517578,100.29000091552734,94.67863464355469,1052500
2022-03-31,100.20999908447266,101.19000244140625,99.77999877929688,99.80999755859375,94.2254867553711,1566500
2022-04-01,99.75,101.18000030517578,99.29000091552734,101.12999725341797,95.47161865234375,1395300
2022-04-04,100.51000213623047,100.76000213623047,99.16999816894531,100.48999786376953,94.86743927001953,1102200
2022-04-05,100.55000305175781,102.69000244140625,100.55000305175781,101.7300033569336,96.0380630493164,1583300
2022-04-06,102.25,104.45999908447266,102.0199966430664,103.97000122070312,98.15272521972656,1353800
2022-04-07,104.0,104.38999938964844,102.93000030517578,103.80999755859375,98.0016860961914,1552000
2022-04-08,104.23999786376953,105.16999816894531,103.79000091552734,104.48999786376953,98.64363861083984,1382900
2022-04-11,104.75,105.43000030517578,103.52999877929688,103.66000366210938,97.86006927490234,1216500
2022-04-12,103.31999969482422,104.62999725341797,102.7300033569336,104.41000366210938,98.56810760498047,1262400
2022-04-13,104.4800033569336,104.73999786376953,103.05999755859375,103.19999694824219,97.4258041381836,1132900
2022-04-14,103.62999725341797,104.11000061035156,103.1500015258789,103.19000244140625,97.41637420654297,960600
2022-04-18,103.43000030517578,104.01000213623047,102.19000244140625,102.83999633789062,97.08594512939453,889300
2022-04-19,103.41000366210938,104.81999969482422,103.1500015258789,104.5199966430664,98.67196655273438,1447200
2022-04-20,105.47000122070312,105.95999908447266,104.76000213623047,105.4000015258789,99.50271606445312,1085500
2022-04-21,105.20999908447266,106.81999969482422,104.79000091552734,105.76000213623047,99.84257507324219,1140700
2022-04-22,105.79000091552734,105.79000091552734,103.79000091552734,103.9800033569336,98.16217803955078,1515600
2022-04-25,104.20999908447266,104.38999938964844,101.5,102.91000366210938,97.15204620361328,1387400
2022-04-26,102.43000030517578,103.9800033569336,102.12000274658203,102.62999725341797,96.88770294189453,1322800
2022-04-27,102.61000061035156,103.66999816894531,101.66999816894531,102.08999633789062,96.37792205810547,1136400
2022-04-28,102.4000015258789,103.43000030517578,101.73999786376953,102.77999877929688,97.02930450439453,1323900
2022-04-29,102.1500015258789,102.61000061035156,99.9000015258789,100.05000305175781,94.45206451416016,2017900
2022-05-02,100.41000366210938,102.69999694824219,98.45999908447266,99.7300033569336,94.14997100830078,2252000
2022-05-03,100.4000015258789,102.02999877929688,99.41999816894531,99.55999755859375,93.98948669433594,1886000
2022-05-04,99.26000213623047,101.72000122070312,99.26000213623047,101.55999755859375,95.87757873535156,1701300
2022-05-05,101.2300033569336,101.8499984741211,100.18000030517578,101.06999969482422,95.41499328613281,1290400
2022-05-06,100.51000213623047,101.13999938964844,99.5,100.66000366210938,95.0279312133789,1843400
2022-05-09,100.16999816894531,102.56999969482422,99.72000122070312,101.94000244140625,96.23632049560547,1812000
2022-05-10,101.86000061035156,103.12999725341797,99.62999725341797,100.66000366210938,95.0279312133789,1402700
2022-05-11,100.81999969482422,103.2699966430664,100.81999969482422,101.75,96.05693817138672,1731500
2022-05-12,101.16000366210938,102.06999969482422,99.61000061035156,100.81999969482422,95.8648681640625,1359100
2022-05-13,102.20999908447266,102.83000183105469,100.04000091552734,102.08999633789062,97.07244873046875,1582000
2022-05-16,102.33999633789062,103.19000244140625,101.55999755859375,102.7699966430664,97.71902465820312,1306600
2022-05-17,103.1500015258789,103.61000061035156,100.95999908447266,103.44999694824219,98.36560821533203,1302000
2022-05-18,103.91999816894531,104.05999755859375,101.69999694824219,101.94999694824219,96.9393310546875,2096000
2022-05-19,101.73999786376953,103.55000305175781,100.5999984741211,102.87000274658203,97.81412506103516,1909100
2022-05-20,103.0999984741211,103.70999908447266,101.94000244140625,103.55000305175781,98.460693359375,1756700
2022-05-23,105.0,105.58999633789062,103.58000183105469,105.0199966430664,99.85844421386719,1232700
2022-05-24,105.47000122070312,108.38999938964844,104.87999725341797,108.27999877929688,102.95822143554688,1347400
2022-05-25,107.95999908447266,108.08999633789062,105.33000183105469,105.80999755859375,100.609619140625,2489800
2022-05-26,106.29000091552734,106.68000030517578,105.26000213623047,105.4000015258789,100.21976470947266,1822800
2022-05-27,105.08000183105469,106.9000015258789,104.80000305175781,106.52999877929688,101.29421997070312,1202400
2022-05-31,105.44000244140625,105.95999908447266,104.33999633789062,105.06999969482422,99.90599060058594,1899100
2022-06-01,105.44999694824219,105.62000274658203,104.20999908447266,104.66999816894531,99.52565002441406,1553800
2022-06-02,105.19000244140625,105.26000213623047,102.76000213623047,104.86000061035156,99.70630645751953,1084400
2022-06-03,104.66999816894531,105.0,103.97000122070312,104.18000030517578,99.05973052978516,834700
2022-06-06,104.56999969482422,104.9800033569336,104.16999816894531,104.30999755859375,99.18334197998047,778000
2022-06-07,104.22000122070312,105.69000244140625,103.37000274658203,105.5999984741211,100.40994262695312,1234300
2022-06-08,105.19000244140625,105.19000244140625,102.87000274658203,102.94999694824219,97.89018249511719,1097700
2022-06-09,102.68000030517578,103.08000183105469,99.45999908447266,99.5199966430664,94.62876892089844,1206400
2022-06-10,98.62999725341797,100.18000030517578,98.0199966430664,99.30999755859375,94.42906951904297,1712800
2022-06-13,98.44999694824219,98.58000183105469,95.12999725341797,95.58000183105469,90.88240814208984,1611800
2022-06-14,95.45999908447266,95.94999694824219,91.16000366210938,92.05000305175781,87.5259017944336,1611300
2022-06-15,92.66999816894531,93.31999969482422,90.7300033569336,91.87999725341797,87.3642578125,1720700
2022-06-16,90.76000213623047,91.55999755859375,89.4000015258789,91.20999908447266,86.72718811035156,2024000
2022-06-17,91.6500015258789,91.69000244140625,89.20999908447266,90.37000274658203,85.928466796875,2633700
2022-06-21,90.44999694824219,92.47000122070312,90.18000030517578,91.9000015258789,87.38327026367188,1752300
2022-06-22,91.61000061035156,94.29000091552734,91.58000183105469,93.37000274658203,88.78102111816406,2061400
2022-06-23,93.80000305175781,95.5,93.69999694824219,95.33999633789062,90.65419006347656,1248700
2022-06-24,95.41000366210938,97.55000305175781,95.41000366210938,97.16000366210938,92.384765625,1808300
2022-06-27,97.54000091552734,99.30999755859375,96.87999725341797,99.27999877929688,94.40055084228516,1833500
2022-06-28,99.33999633789062,100.1500015258789,99.05999755859375,99.12000274658203,94.2484130859375,1462500
2022-06-29,99.33000183105469,99.68000030517578,98.73999786376953,99.30999755859375,94.42906951904297,948100
2022-06-30,99.05000305175781,101.77999877929688,98.83999633789062,100.63999938964844,95.6937255859375,2106200
2022-07-01,101.05999755859375,102.83000183105469,100.5,102.58000183105469,97.53836822509766,1610500
2022-07-05,102.66000366210938,102.76000213623047,97.4800033569336,98.86000061035156,94.0011978149414,1394700
2022-07-06,99.38999938964844,101.83999633789062,99.18000030517578,101.26000213623047,96.28324890136719,1515000
2022-07-07,101.23999786376953,101.4800033569336,99.31999969482422,99.80999755859375,94.90450286865234,1462900
2022-07-08,99.88999938964844,100.0199966430664,99.16000366210938,99.51000213623047,94.61925506591797,919300
2022-07-11,99.1500015258789,100.95999908447266,99.06999969482422,100.56999969482422,95.62714385986328,893000
2022-07-12,100.02999877929688,101.73999786376953,99.76000213623047,100.45999908447266,95.5225601196289,1036000
2022-07-13,99.91000366210938,101.08000183105469,99.51000213623047,100.12999725341797,95.20877838134766,915300
2022-07-14,98.37999725341797,100.33000183105469,98.18000030517578,100.11000061035156,95.18976593017578,868200
2022-07-15,100.69000244140625,100.88999938964844,99.25,100.75,95.79830932617188,1174600
2022-07-18,100.25,100.41000366210938,98.66000366210938,98.80999755859375,93.95365142822266,948700
2022-07-19,99.36000061035156,99.83000183105469,98.72000122070312,99.06999969482422,94.20087432861328,1382900
2022-07-20,98.5199966430664,98.72000122070312,95.95999908447266,96.12999725341797,91.4053726196289,2136300
2022-07-21,96.0,96.37999725341797,95.70999908447266,96.2300033569336,91.50045776367188,1302700
2022-07-22,96.75,97.9000015258789,96.68000030517578,97.86000061035156,93.05034637451172,917400
2022-07-25,97.55999755859375,99.0,97.43000030517578,98.95999908447266,94.09628295898438,880000
2022-07-26,98.55999755859375,100.73999786376953,98.55999755859375,100.6500015258789,95.7032241821289,1059700
2022-07-27,100.19000244140625,100.73999786376953,99.75,100.47000122070312,95.53206634521484,1051700
2022-07-28,101.41999816894531,103.30000305175781,101.0999984741211,103.0,97.9377212524414,1240800
2022-07-29,102.79000091552734,104.33999633789062,102.79000091552734,103.80999755859375,98.70791625976562,1269300
2022-08-01,103.44999694824219,104.36000061035156,102.87999725341797,103.88999938964844,98.78397369384766,1312000
2022-08-02,104.29000091552734,105.37000274658203,103.4800033569336,103.6500015258789,98.55577850341797,1317100
2022-08-03,103.3499984741211,104.48999786376953,101.3499984741211,104.08000183105469,98.96463775634766,1274000
2022-08-04,104.20999908447266,105.04000091552734,103.41000366210938,103.8499984741211,98.74594116210938,1336300
2022-08-05,103.72000122070312,103.91999816894531,101.7699966430664,103.12000274658203,98.05183410644531,1061900
2022-08-08,103.72000122070312,104.31999969482422,103.27999877929688,103.97000122070312,98.86004638671875,1325400
2022-08-09,104.52999877929688,105.48999786376953,104.13999938964844,105.22000122070312,100.04861450195312,624900
2022-08-10,105.41000366210938,105.62000274658203,104.27999877929688,105.16999816894531,100.00106048583984,982500
2022-08-11,104.5,105.3499984741211,103.63999938964844,104.33000183105469,99.89383697509766,994000
2022-08-12,104.87999725341797,105.66999816894531,104.54000091552734,105.63999938964844,101.14813232421875,1257400
2022-08-15,105.79000091552734,106.47000122070312,104.94000244140625,106.27999877929688,101.76091003417969,865200
2022-08-16,106.16999816894531,107.36000061035156,106.16999816894531,107.01000213623047,102.45988464355469,872100
2022-08-17,106.69000244140625,107.91999816894531,106.69000244140625,106.97000122070312,102.42158508300781,1000800
2022-08-18,107.11000061035156,107.4800033569336,106.16000366210938,107.4000015258789,102.83329772949219,789500
2022-08-19,107.69999694824219,108.19999694824219,107.12000274658203,107.69000244140625,103.11096954345703,922800
2022-08-22,107.29000091552734,107.94000244140625,106.51000213623047,106.77999877929688,102.23965454101562,1060700
2022-08-23,106.80999755859375,106.80999755859375,105.22000122070312,105.94999694824219,101.44495391845703,810400
2022-08-24,106.0,106.3499984741211,105.19999694824219,105.87000274658203,101.36835479736328,688100
2022-08-25,106.06999969482422,106.30999755859375,105.19000244140625,106.22000122070312,101.70347595214844,930900
2022-08-26,105.9800033569336,106.66999816894531,104.73999786376953,104.79000091552734,100.33428192138672,961700
2022-08-29,104.54000091552734,105.87999725341797,103.75,105.18000030517578,100.70770263671875,703700
2022-08-30,105.0199966430664,105.48999786376953,103.19999694824219,103.47000122070312,99.07040405273438,964300
2022-08-31,103.2300033569336,104.33000183105469,103.0999984741211,103.13999938964844,98.75444030761719,1694300
2022-09-01,103.41000366210938,105.06999969482422,102.94000244140625,104.6500015258789,100.20022583007812,1629600
2022-09-02,104.83999633789062,105.55999755859375,102.58000183105469,103.01000213623047,98.62995910644531,847600
2022-09-06,103.37999725341797,104.4800033569336,102.68000030517578,103.05999755859375,98.67784118652344,1507300
2022-09-07,103.73999786376953,106.45999908447266,103.66000366210938,106.22000122070312,101.70347595214844,1397100
2022-09-08,106.02999877929688,106.81999969482422,105.62999725341797,106.01000213623047,101.50240325927734,1365100
2022-09-09,106.43000030517578,106.79000091552734,105.38999938964844,106.44000244140625,101.91411590576172,949900
2022-09-12,106.62999725341797,107.5999984741211,106.29000091552734,107.23999786376953,102.68009948730469,1020000
2022-09-13,106.48999786376953,106.75,103.38999938964844,103.80000305175781,99.3863754272461,1523300
2022-09-14,103.69999694824219,105.43000030517578,103.62000274658203,104.44000244140625,99.9991683959961,972000
2022-09-15,103.63999938964844,103.63999938964844,100.70999908447266,101.05999755859375,96.76287841796875,1870500
2022-09-16,101.33000183105469,101.9800033569336,100.86000061035156,101.29000091552734,96.98310089111328,2696300
2022-09-19,101.12999725341797,102.29000091552734,100.52999877929688,102.27999877929688,97.93099212646484,821500
2022-09-20,101.77999877929688,101.77999877929688,100.23999786376953,100.95999908447266,96.66712188720703,1180200
2022-09-21,101.68000030517578,102.48999786376953,99.88999938964844,99.93000030517578,95.68092346191406,1177500
2022-09-22,99.80000305175781,100.66999816894531,99.12000274658203,100.1500015258789,95.89157104492188,880300
2022-09-23,99.44000244140625,99.83000183105469,98.20999908447266,99.56999969482422,95.33622741699219,1068500
2022-09-26,99.18000030517578,99.27999877929688,96.41000366210938,97.20999908447266,93.07658386230469,1192000
2022-09-27,97.61000061035156,97.69999694824219,94.44999694824219,94.7699966430664,90.74032592773438,1301000
2022-09-28,96.05000305175781,96.36000061035156,94.41000366210938,95.63999938964844,91.5733413696289,1805800
2022-09-29,95.29000091552734,95.29000091552734,91.66000366210938,91.80999755859375,87.90618896484375,1225500
2022-09-30,92.58999633789062,92.80999755859375,89.16999816894531,89.43000030517578,85.62738800048828,2216000
2022-10-03,91.29000091552734,93.44999694824219,90.27999877929688,92.5999984741211,88.66260528564453,2084600
2022-10-04,92.5999984741211,93.63999938964844,92.05999755859375,93.0999984741211,89.1413345336914,1612800
2022-10-05,92.12999725341797,92.12999725341797,89.58000183105469,90.55999755859375,86.70934295654297,1441700
2022-10-06,90.0,90.2699966430664,86.30000305175781,86.5199966430664,82.84111785888672,2020900
2022-10-07,86.58000183105469,86.93000030517578,84.76000213623047,85.4800033569336,81.84535217285156,2334900
2022-10-10,85.69000244140625,86.88999938964844,85.19000244140625,85.30000305175781,81.67301177978516,1797500
2022-10-11,85.0,86.23999786376953,84.83999633789062,85.18000030517578,81.55811309814453,1401300
2022-10-12,85.19999694824219,85.19999694824219,82.16999816894531,82.2300033569336,78.73353576660156,1960400
2022-10-13,81.30000305175781,85.02999877929688,80.81999969482422,84.72000122070312,81.11766815185547,2146000
2022-10-14,85.5,85.95999908447266,82.9000015258789,84.30000305175781,80.71553039550781,1954200
2022-10-17,85.12000274658203,86.81999969482422,85.08999633789062,85.6500015258789,82.00812530517578,1669900
2022-10-18,86.93000030517578,88.12999725341797,86.73999786376953,87.79000091552734,84.05712127685547,1383000
2022-10-19,86.70999908447266,87.25,85.83000183105469,86.7699966430664,83.08049774169922,1060600
2022-10-20,86.5199966430664,87.01000213623047,85.11000061035156,85.44000244140625,81.80704498291016,1690600
2022-10-21,85.94999694824219,87.33000183105469,85.25,86.6500015258789,82.9655990600586,1215800
2022-10-24,87.37000274658203,88.12000274658203,86.31999969482422,86.76000213623047,83.0709228515625,1140400
2022-10-25,86.7699966430664,88.16000366210938,86.6500015258789,87.7699966430664,84.03797149658203,1580900
2022-10-26,88.43000030517578,88.97000122070312,87.54000091552734,88.08000183105469,84.33479309082031,1213200
2022-10-27,88.58000183105469,89.76000213623047,88.3499984741211,88.72000122070312,84.94759368896484,1229700
2022-10-28,89.0,91.91000366210938,89.0,91.5999984741211,87.70511627197266,1721700
2022-10-31,91.63999938964844,92.19999694824219,90.54000091552734,91.33000183105469,87.44660186767578,2287400
2022-11-01,90.77999877929688,92.26000213623047,90.29000091552734,91.94999694824219,88.04023742675781,2341300
2022-11-02,91.41999816894531,92.44000244140625,90.12999725341797,90.25,86.41252899169922,2346700
2022-11-03,89.55999755859375,91.16999816894531,88.58999633789062,90.38999938964844,86.54657745361328,1452100
2022-11-04,90.44999694824219,91.68000030517578,90.0999984741211,91.38999938964844,87.5040512084961,1958600
2022-11-07,91.1500015258789,91.30999755859375,88.4800033569336,90.12000274658203,86.28805541992188,1452500
2022-11-08,90.38999938964844,91.8499984741211,90.19000244140625,91.44999694824219,87.56149291992188,1550000
2022-11-09,91.41000366210938,91.5199966430664,90.11000061035156,90.3499984741211,86.5082778930664,1652200
2022-11-10,91.69000244140625,94.37000274658203,90.69000244140625,94.1500015258789,90.87895202636719,1197600
2022-11-11,94.08999633789062,94.08999633789062,92.4000015258789,93.1500015258789,89.91371154785156,2113900
2022-11-14,93.56999969482422,93.95999908447266,92.48999786376953,92.52999877929688,89.31523895263672,1707800
2022-11-15,93.19000244140625,94.0,92.19000244140625,93.26000213623047,90.0198745727539,1237800
2022-11-16,93.45999908447266,95.12000274658203,93.45999908447266,94.41000366210938,91.12992095947266,1580400
2022-11-17,93.5199966430664,93.66000366210938,92.58999633789062,93.0199966430664,89.7882080078125,1494200
2022-11-18,94.08999633789062,95.88999938964844,93.5999984741211,95.69999694824219,92.3750991821289,1679200
2022-11-21,95.9000015258789,97.5999984741211,95.75,96.7300033569336,93.36931610107422,1358100
2022-11-22,96.98999786376953,98.19999694824219,96.72000122070312,97.12999725341797,93.75542449951172,1025100
2022-11-23,96.9800033569336,98.1500015258789,96.95999908447266,98.06999969482422,94.66276550292969,802000
2022-11-25,98.4000015258789,98.86000061035156,98.06999969482422,98.66000366210938,95.23226928710938,466600
2022-11-28,98.19000244140625,98.69999694824219,97.13999938964844,97.54000091552734,94.15116882324219,979100
2022-11-29,96.95999908447266,97.19999694824219,96.19000244140625,96.9800033569336,93.61063385009766,1001800
2022-11-30,96.97000122070312,99.30000305175781,96.45999908447266,99.13999938964844,95.69559478759766,2218600
2022-12-01,99.98999786376953,101.11000061035156,97.06999969482422,97.29000091552734,93.90986633300781,4037400
2022-12-02,96.43000030517578,96.97000122070312,95.58000183105469,96.05999755859375,92.72258758544922,1987700
2022-12-05,95.23999786376953,95.97000122070312,93.77999877929688,94.25,90.97547912597656,1862400
2022-12-06,94.27999877929688,95.44999694824219,94.16999816894531,95.41999816894531,92.10482788085938,1476900
2022-12-07,95.2699966430664,95.83000183105469,93.94999694824219,94.58999633789062,91.30366516113281,1141100
2022-12-08,94.33000183105469,96.23999786376953,94.16999816894531,95.66000366210938,92.33649444580078,955700
2022-12-09,95.19999694824219,96.19999694824219,95.19999694824219,95.7300033569336,92.40406036376953,1492300
2022-12-12,96.37999725341797,98.0199966430664,95.80999755859375,97.87000274658203,94.46971130371094,1061000
2022-12-13,99.11000061035156,100.01000213623047,97.54000091552734,98.9800033569336,95.54115295410156,1483600
2022-12-14,99.12999725341797,100.08000183105469,96.94999694824219,97.72000122070312,94.32492065429688,1973200
2022-12-15,97.41999816894531,97.66000366210938,96.19000244140625,96.54000091552734,93.18592834472656,1564800
2022-12-16,96.05000305175781,96.36000061035156,93.83999633789062,95.12999725341797,91.82491302490234,3687700
2022-12-19,95.01000213623047,95.2699966430664,93.95999908447266,94.23999786376953,90.96582794189453,1009900
2022-12-20,94.19000244140625,94.68000030517578,93.70999908447266,94.33000183105469,91.05269622802734,989000
2022-12-21,94.23999786376953,95.31999969482422,94.08999633789062,94.9000015258789,91.60289764404297,1250600
2022-12-22,94.5999984741211,95.05999755859375,93.12000274658203,94.5999984741211,91.31331634521484,1243800
2022-12-23,94.11000061035156,95.5199966430664,94.11000061035156,95.4800033569336,92.16275024414062,1120600
2022-12-27,95.51000213623047,96.22000122070312,94.81999969482422,96.01000213623047,92.6743392944336,905600
2022-12-28,96.13999938964844,96.48999786376953,95.0,95.06999969482422,91.76698303222656,936300
2022-12-29,95.66999816894531,96.12000274658203,95.27999877929688,95.41000366210938,92.09518432617188,944900
2022-12-30,95.45999908447266,95.80000305175781,93.05000305175781,93.76000213623047,90.50250244140625,1228200
